mmsi,imo,imo_broadcast_count,imo_total_non_null,imo_confidence,imo_confident
102810,IMO0004711,1,1,1.0,true
205087000,IMO9713478,4001,4001,1.0,true
205118000,IMO9434931,8964,8964,1.0,true
205125000,IMO9703411,9790,9790,1.0,true
205221000,IMO9700005,3827,3827,1.0,true
205410000,IMO9955571,1252,1252,1.0,true
205544000,IMO9683271,14,14,1.0,true
205700000,IMO9748368,5897,5897,1.0,true
205717000,IMO9748485,6987,6987,1.0,true
205728000,IMO9607576,1780,1780,1.0,true
205776000,IMO9846079,10596,10596,1.0,true
205783000,IMO9575668,272,272,1.0,true
205789000,IMO9846081,10659,10659,1.0,true
205790000,IMO9715816,878,878,1.0,true
207138000,IMO9553983,3336,3336,1.0,true
209004000,IMO9689835,1320,1320,1.0,true
209008000,IMO9415222,5752,5752,1.0,true
209012000,IMO9401960,196,196,1.0,true
209017000,IMO9416719,805,805,1.0,true
209026000,IMO9256884,4585,4585,1.0,true
209087000,IMO9719874,41522,41522,1.0,true
209109000,IMO9426881,13866,13866,1.0,true
209156000,IMO9287340,9246,9246,1.0,true
209172000,IMO9438676,3490,3490,1.0,true
209182000,IMO9459979,369,369,1.0,true
209184000,IMO9612325,212,212,1.0,true
209191000,IMO9592123,2757,2757,1.0,true
209218000,IMO9236078,14709,14709,1.0,true
209251000,IMO9307229,5594,5594,1.0,true
209289000,IMO9220976,10318,10318,1.0,true
209316000,IMO9220988,31,31,1.0,true
209317000,IMO9309485,255,255,1.0,true
209355000,IMO9432153,873,873,1.0,true
209384000,IMO9402287,536,536,1.0,true
209393000,IMO9236080,1377,1377,1.0,true
209423000,IMO9247754,14961,14961,1.0,true
209425000,IMO9509803,4574,4574,1.0,true
209430000,IMO9453406,4851,4851,1.0,true
209438000,IMO9309497,1602,1602,1.0,true
209443000,IMO9638173,27019,27019,1.0,true
209444000,IMO9507714,6530,6530,1.0,true
209451000,IMO9594494,1201,1201,1.0,true
209470000,IMO9247742,28513,28513,1.0,true
209497000,IMO9302762,2440,2440,1.0,true
209504000,IMO9517422,4368,4368,1.0,true
209520000,IMO9317925,1276,1276,1.0,true
209550000,IMO9285990,34046,34046,1.0,true
209559000,IMO9247730,18721,18721,1.0,true
209565000,IMO9697143,3888,3888,1.0,true
209566000,IMO9959149,18734,18734,1.0,true
209596000,IMO9518919,280,280,1.0,true
209607000,IMO9852810,10651,10651,1.0,true
209613000,IMO9266542,14864,14864,1.0,true
209615000,IMO9247766,31299,31299,1.0,true
209631000,IMO9382097,10724,10724,1.0,true
209641000,IMO9167980,16259,16259,1.0,true
209652000,IMO9975466,22766,22766,1.0,true
209677000,IMO9516399,9279,9279,1.0,true
209697000,IMO9403451,9091,9091,1.0,true
209699000,IMO9406934,3317,3317,1.0,true
209705000,IMO9364356,2245,2245,1.0,true
209716000,IMO9262704,3952,3952,1.0,true
209721000,IMO9595266,1020,1020,1.0,true
209722000,IMO9453377,2926,2926,1.0,true
209729000,IMO9274264,11320,11320,1.0,true
209761000,IMO9460904,33218,33218,1.0,true
209766000,IMO9650169,3347,3347,1.0,true
209783000,IMO9698226,10994,10994,1.0,true
209786000,IMO9604952,7659,7659,1.0,true
209795000,IMO9450595,13101,13101,1.0,true
209798000,IMO9450583,8073,8073,1.0,true
209831000,IMO9975478,15844,15844,1.0,true
209850000,IMO9355422,4837,4837,1.0,true
209854000,IMO9381524,2311,2311,1.0,true
209862000,IMO9395032,9327,9327,1.0,true
209877000,IMO9875135,21295,21295,1.0,true
209882000,IMO9181156,995,995,1.0,true
209888000,IMO9848730,15119,15119,1.0,true
209889000,IMO9317834,2385,2385,1.0,true
209891000,IMO9961439,8895,8895,1.0,true
209919000,IMO9453391,248,248,1.0,true
209920000,IMO9299630,14143,14143,1.0,true
209933000,IMO9426867,3301,3301,1.0,true
209941000,IMO9591600,2270,2270,1.0,true
209964000,IMO9843766,1875,1875,1.0,true
209979000,IMO9307243,2146,2146,1.0,true
210007000,IMO9478810,607,607,1.0,true
210014000,IMO9278430,10482,10482,1.0,true
210028000,IMO9866249,1058,1058,1.0,true
210059000,IMO9255050,13650,13650,1.0,true
210065000,IMO9333369,6264,6264,1.0,true
210069000,IMO9510694,5610,5610,1.0,true
210070000,IMO9848742,3030,3030,1.0,true
210073000,IMO9296626,5917,5917,1.0,true
210083000,IMO9454905,26678,26678,1.0,true
210085000,IMO9843443,8116,8116,1.0,true
210136000,IMO9454917,3884,3884,1.0,true
210146000,IMO9227376,10582,10582,1.0,true
210159000,IMO9395070,5743,5743,1.0,true
210185000,IMO9620994,2743,2743,1.0,true
210188000,IMO9542491,5295,5295,1.0,true
210195000,IMO9866251,4451,4451,1.0,true
210208000,IMO9337224,562,562,1.0,true
210210000,IMO9857432,17227,17227,1.0,true
210232000,IMO9958755,497,497,1.0,true
210234000,IMO9380805,29488,29488,1.0,true
210247000,IMO9491599,416,416,1.0,true
210261000,IMO9609691,13403,13403,1.0,true
210266000,IMO9639684,8958,8958,1.0,true
210296000,IMO9430090,2382,2382,1.0,true
210308000,IMO7713125,3793,3793,1.0,true
210355000,IMO9544750,1871,1871,1.0,true
210358000,IMO9326536,3198,3198,1.0,true
210361000,IMO9449699,4471,4471,1.0,true
210367000,IMO9319595,9932,9932,1.0,true
210427000,IMO9447005,184,184,1.0,true
210464000,IMO9239812,1625,1625,1.0,true
210469000,IMO9337092,327,327,1.0,true
210470000,IMO9932737,7786,7786,1.0,true
210499000,IMO9113202,4414,4414,1.0,true
210503000,IMO9359935,1712,1712,1.0,true
210505000,IMO9932749,3330,3330,1.0,true
210509000,IMO9609720,1448,1448,1.0,true
210514000,IMO9664275,10524,10524,1.0,true
210517000,IMO9374973,566,566,1.0,true
210558000,IMO9558696,1043,1043,1.0,true
210589000,IMO9698862,3367,3367,1.0,true
210602000,IMO9316971,6002,6002,1.0,true
210604000,IMO9313931,6972,6972,1.0,true
210610000,IMO9302619,5440,5440,1.0,true
210614000,IMO9602435,16344,16344,1.0,true
210638000,IMO9731389,8484,8484,1.0,true
210653000,IMO9337444,995,995,1.0,true
210655000,IMO9729350,1851,1851,1.0,true
210702000,IMO9675676,261,261,1.0,true
210737000,IMO9292618,4998,4998,1.0,true
210740000,IMO9347750,5070,5070,1.0,true
210749000,IMO9406922,31801,31801,1.0,true
210764000,IMO9637131,3287,3287,1.0,true
210777000,IMO9255062,5486,5486,1.0,true
210786000,IMO9300752,9434,9434,1.0,true
210815000,IMO9393589,5165,5165,1.0,true
210843000,IMO9393553,1627,1627,1.0,true
210858000,IMO9546784,2535,2535,1.0,true
210875000,IMO9438121,1984,1984,1.0,true
210885000,IMO9313929,1342,1342,1.0,true
210905000,IMO9395123,14448,14448,1.0,true
210925000,IMO9313204,4053,4053,1.0,true
210930000,IMO9700859,572,572,1.0,true
210950000,IMO9395044,357,357,1.0,true
210953000,IMO9688843,2273,2273,1.0,true
210959000,IMO9330941,9223,9223,1.0,true
210969000,IMO9718454,1133,1133,1.0,true
210970000,IMO9323912,21903,21903,1.0,true
210990000,IMO9976642,968,968,1.0,true
210998000,IMO9393539,1257,1257,1.0,true
210999999,IMO9999999,385,385,1.0,true
211256150,IMO9336189,7495,7495,1.0,true
211311970,IMO9193288,1326,1326,1.0,true
211327410,IMO9193290,2933,2933,1.0,true
211331640,IMO9193305,9669,9669,1.0,true
211335760,IMO9193317,3676,3676,1.0,true
211549000,IMO9501344,37546,37546,1.0,true
211577000,IMO9458901,9568,9568,1.0,true
211578000,IMO9613020,21110,21110,1.0,true
211779000,IMO9252565,10133,10133,1.0,true
211839000,IMO9295268,42458,42458,1.0,true
212040000,IMO9416721,35460,35460,1.0,true
212054000,IMO9277711,14652,14652,1.0,true
212091000,IMO9436460,2227,2227,1.0,true
212093000,IMO9409742,5991,5991,1.0,true
212122000,IMO9750036,526,526,1.0,true
212125000,IMO9376000,4416,4416,1.0,true
212138000,IMO9668881,10213,10213,1.0,true
212139000,IMO9468786,4101,4101,1.0,true
212175000,IMO9285988,19382,19382,1.0,true
212205000,IMO9652519,6118,6118,1.0,true
212210000,IMO9692703,187,187,1.0,true
212215000,IMO9459981,450,450,1.0,true
212250000,IMO9667368,235,235,1.0,true
212258000,IMO9467550,2944,2944,1.0,true
212275000,IMO9426879,34968,34968,1.0,true
212276000,IMO9360910,6541,6541,1.0,true
212282000,IMO9675602,3118,3118,1.0,true
212287000,IMO9393577,5150,5150,1.0,true
212300000,IMO9697961,1727,1727,1.0,true
212301000,IMO9697973,536,536,1.0,true
212303000,IMO9539365,1432,1432,1.0,true
212314000,IMO9393565,5309,5309,1.0,true
212321000,IMO9317468,6565,6565,1.0,true
212337000,IMO9393149,2334,2334,1.0,true
212340000,IMO9413913,1686,1686,1.0,true
212344000,IMO9181118,275,275,1.0,true
212347000,IMO9305673,10376,10376,1.0,true
212348000,IMO9305661,10652,10652,1.0,true
212350000,IMO9305659,8319,8319,1.0,true
212351000,IMO9305685,4934,4934,1.0,true
212352000,IMO9334349,5936,5936,1.0,true
212353000,IMO9305647,3088,3088,1.0,true
212366000,IMO9643453,1080,1080,1.0,true
212370000,IMO9189574,18256,18256,1.0,true
212372000,IMO9393151,490,490,1.0,true
212426000,IMO9736157,1243,1243,1.0,true
212438000,IMO9738040,5708,5708,1.0,true
212439000,IMO9300764,13200,13200,1.0,true
212451000,IMO9650157,205,205,1.0,true
212460000,IMO9717436,5176,5176,1.0,true
212482000,IMO9698850,2161,2161,1.0,true
212539000,IMO9730268,415,415,1.0,true
212555000,IMO9411537,216,216,1.0,true
212557000,IMO9360257,9489,9489,1.0,true
212566000,IMO9461192,971,971,1.0,true
212582000,IMO9713387,568,568,1.0,true
212583000,IMO9750048,11905,11905,1.0,true
212587000,IMO9734159,4800,4800,1.0,true
212589000,IMO9741293,5232,5232,1.0,true
212642000,IMO9309459,9304,9304,1.0,true
212659000,IMO9724958,21569,21569,1.0,true
212669000,IMO9393541,1625,1625,1.0,true
212671000,IMO9302578,7562,7562,1.0,true
212679000,IMO9465734,884,884,1.0,true
212684000,IMO9323053,276,276,1.0,true
212700000,IMO9290426,2720,2720,1.0,true
212712000,IMO9595357,14008,14008,1.0,true
212715000,IMO9710189,6289,6289,1.0,true
212719000,IMO9698238,12168,12168,1.0,true
212745000,IMO9591167,2080,2080,1.0,true
212746000,IMO9294991,10403,10403,1.0,true
212773000,IMO9180358,3006,3006,1.0,true
212775000,IMO9500584,220,220,1.0,true
212790000,IMO9194440,3948,3948,1.0,true
212814000,IMO9802487,21949,21949,1.0,true
212836000,IMO9180372,1542,1542,1.0,true
212891000,IMO9180384,2628,2628,1.0,true
212917000,IMO9395082,602,602,1.0,true
212921000,IMO9510319,2394,2394,1.0,true
212934000,IMO9180396,1799,1799,1.0,true
212960000,IMO9318929,1998,1998,1.0,true
215002000,IMO9817901,548,548,1.0,true
215025000,IMO9579315,174,174,1.0,true
215031000,IMO956795800,1111,1111,1.0,true
215035000,IMO8219334,20283,20283,1.0,true
215060000,IMO9519169,2424,2424,1.0,true
215125000,IMO9780859,42055,42055,1.0,true
215126000,IMO9780861,52723,52723,1.0,true
215131000,IMO9410806,22590,22590,1.0,true
215137000,IMO9780897,50895,50895,1.0,true
215141000,IMO8114429,5683,5683,1.0,true
215144000,IMO9586447,8436,8436,1.0,true
215146000,IMO9360154,28773,28773,1.0,true
215154000,IMO9454400,22934,22934,1.0,true
215157000,IMO9362437,4448,4448,1.0,true
215158000,IMO9454424,27814,27814,1.0,true
215159000,IMO9331000,37335,37335,1.0,true
215164000,IMO9410727,23226,23226,1.0,true
215165000,IMO9351139,29871,29871,1.0,true
215169000,IMO9046265,3360,3360,1.0,true
215175000,IMO9317963,20342,20342,1.0,true
215181000,IMO9780885,31216,31216,1.0,true
215183000,IMO9351141,34269,34269,1.0,true
215185000,IMO9409194,33817,33817,1.0,true
215187000,IMO9331012,15538,15538,1.0,true
215189000,IMO9348704,35824,35824,1.0,true
215192000,IMO9410753,30417,30417,1.0,true
215196000,IMO9410765,44870,44870,1.0,true
215197000,IMO9780847,24887,24887,1.0,true
215215000,IMO9409209,14506,14506,1.0,true
215219000,IMO9454448,26382,26382,1.0,true
215223000,IMO9231676,3812,3812,1.0,true
215225000,IMO9410777,17325,17325,1.0,true
215226000,IMO9588342,2208,2208,1.0,true
215228000,IMO9588354,8492,8492,1.0,true
215230000,IMO9317975,14928,14928,1.0,true
215240000,IMO9351127,40278,40278,1.0,true
215249000,IMO9410789,27920,27920,1.0,true
215250000,IMO9607681,255,255,1.0,true
215277000,IMO9460643,219,219,1.0,true
215284000,IMO9603283,14852,14852,1.0,true
215293000,IMO9450612,26487,26487,1.0,true
215312000,IMO9835769,1442,1442,1.0,true
215331000,IMO9839909,26865,26865,1.0,true
215346000,IMO9839935,57479,57479,1.0,true
215347000,IMO9839923,53718,53718,1.0,true
215352000,IMO9860245,20325,20325,1.0,true
215354000,IMO9839911,47679,47679,1.0,true
215378000,IMO9835771,1760,1760,1.0,true
215390000,IMO9480473,3390,3390,1.0,true
215434000,IMO9758375,9309,9309,1.0,true
215465000,IMO9865374,482,482,1.0,true
215475000,IMO9835783,1291,1291,1.0,true
215485000,IMO9433793,37415,37415,1.0,true
215489000,IMO9738789,4973,4973,1.0,true
215517000,IMO9588366,5233,5233,1.0,true
215521000,IMO9595785,1321,1321,1.0,true
215522000,IMO9588378,4058,4058,1.0,true
215536000,IMO9590618,4769,4769,1.0,true
215538000,IMO9589097,4519,4519,1.0,true
215539000,IMO9158159,323,323,1.0,true
215558000,IMO9461893,27162,27162,1.0,true
215560000,IMO9632040,50546,50546,1.0,true
215561000,IMO9430765,27273,27273,1.0,true
215564000,IMO9586710,9595,9595,1.0,true
215593000,IMO9626687,4644,4928,0.9423701298701299,true
215594000,IMO8005111,371,371,1.0,true
215622000,IMO9331919,681,681,1.0,true
215639000,IMO9414888,258,258,1.0,true
215654000,IMO9605786,5618,5618,1.0,true
215657000,IMO9356294,2385,2385,1.0,true
215662000,IMO9841653,2710,2710,1.0,true
215672000,IMO9835795,2470,2470,1.0,true
215673000,IMO9841641,2602,2602,1.0,true
215676000,IMO9584047,25086,25086,1.0,true
215677000,IMO9584035,11251,11251,1.0,true
215678000,IMO9595034,4277,4277,1.0,true
215679000,IMO9595046,20274,20274,1.0,true
215700000,IMO8612158,2255,2255,1.0,true
215706000,IMO9461283,237,237,1.0,true
215713000,IMO9288344,3352,3352,1.0,true
215714000,IMO9288332,2217,2217,1.0,true
215721000,IMO9469041,2445,2445,1.0,true
215765000,IMO9859117,37220,37220,1.0,true
215767000,IMO9180786,419,419,1.0,true
215796000,IMO8308874,5583,5583,1.0,true
215800000,IMO9670597,58580,58580,1.0,true
215801000,IMO9670614,62534,62534,1.0,true
215804000,IMO9670602,63696,63696,1.0,true
215809000,IMO9670585,63678,63678,1.0,true
215850000,IMO9299604,1901,1901,1.0,true
215853000,IMO9228174,1741,1741,1.0,true
215868000,IMO9714733,857,857,1.0,true
215869000,IMO9462768,16554,16554,1.0,true
215873000,IMO9324629,4335,4335,1.0,true
215874000,IMO9324617,5747,5747,1.0,true
215876000,IMO9434321,5023,5023,1.0,true
215879000,IMO9299812,20767,20767,1.0,true
215881000,IMO9675597,1042,1042,1.0,true
215882000,IMO9479034,8014,8014,1.0,true
215887000,IMO9607289,1872,1872,1.0,true
215891000,IMO9302956,23035,23035,1.0,true
215895000,IMO9439606,254,254,1.0,true
215896000,IMO9113446,5104,5104,1.0,true
215930000,IMO9454412,54158,54158,1.0,true
215938000,IMO9088249,369,369,1.0,true
215940000,IMO9279812,5138,5138,1.0,true
215965000,IMO9453559,37275,37275,1.0,true
215992000,IMO8312631,30860,30860,1.0,true
218158000,IMO9343728,16181,16181,1.0,true
218170000,IMO9393242,3249,3249,1.0,true
218284000,IMO9343730,11959,11959,1.0,true
218350000,IMO9450428,3776,3776,1.0,true
218352000,IMO9450430,468,468,1.0,true
218355000,IMO9450416,26527,26527,1.0,true
218364000,IMO9450442,6194,6194,1.0,true
218400000,IMO9461403,19514,19514,1.0,true
218412000,IMO9376490,805,805,1.0,true
218426000,IMO9501356,16300,16300,1.0,true
218427000,IMO9501368,28218,28218,1.0,true
218433000,IMO9508407,5580,5580,1.0,true
218441000,IMO9461427,21076,21076,1.0,true
218474000,IMO9501370,26814,26814,1.0,true
218509000,IMO9508419,1895,1895,1.0,true
218522000,IMO9266566,499,499,1.0,true
218566000,IMO9613018,6521,6521,1.0,true
218629000,IMO9433315,1466,1466,1.0,true
218643000,IMO9290567,23884,23884,1.0,true
218650000,IMO9290555,29487,29487,1.0,true
218705000,IMO9376505,456,456,1.0,true
218774000,IMO9461051,28871,28871,1.0,true
218776000,IMO9501332,31108,31108,1.0,true
218791000,IMO9612997,27560,27560,1.0,true
218819000,IMO9461386,4568,4568,1.0,true
218826000,IMO9516753,3013,3013,1.0,true
218834000,IMO9349887,11789,11789,1.0,true
218843000,IMO9365790,25141,25141,1.0,true
218844000,IMO9365805,31839,31839,1.0,true
218845000,IMO9364992,26063,26063,1.0,true
218846000,IMO9365788,2820,2820,1.0,true
218847000,IMO9480203,13705,13705,1.0,true
218853000,IMO9480227,20675,20675,1.0,true
219024344,IMO9718117,4370,4370,1.0,true
219027000,IMO9456771,32093,32093,1.0,true
219027133,IMO9544152,98,98,1.0,true
219028012,IMO9826469,402,402,1.0,true
219028014,IMO9826433,35,35,1.0,true
219028015,IMO9826457,2874,2874,1.0,true
219028042,IMO9826445,15112,15112,1.0,true
219029762,IMO9330068,20612,20612,1.0,true
219030432,IMO9520780,3571,3571,1.0,true
219031000,IMO9458092,42064,42064,1.0,true
219031114,IMO9855422,20044,20044,1.0,true
219031231,IMO9855434,11599,11599,1.0,true
219031305,IMO9721413,779,779,1.0,true
219031309,IMO9782962,4095,4095,1.0,true
219031372,IMO9736420,346,346,1.0,true
219031430,IMO9791925,215,215,1.0,true
219031760,IMO9537848,159,159,1.0,true
219032189,IMO9950117,10628,10628,1.0,true
219032229,IMO9950129,9693,9693,1.0,true
219032707,IMO9969857,7933,7933,1.0,true
219032844,IMO9950131,5571,5571,1.0,true
219033000,IMO9456757,28387,28387,1.0,true
219056000,IMO9456769,35832,35832,1.0,true
219071000,IMO9430387,7903,7903,1.0,true
219072000,IMO9444730,3702,3702,1.0,true
219086000,IMO9430363,20328,20328,1.0,true
219117000,IMO9313955,11645,11645,1.0,true
219130000,IMO9457000,12865,12865,1.0,true
219155000,IMO9458080,28840,28840,1.0,true
219192000,IMO9006215,29424,29424,1.0,true
219196000,IMO9313917,11791,11791,1.0,true
219198000,IMO9458078,14341,14341,1.0,true
219199000,IMO9458030,4540,4540,1.0,true
219204000,IMO9313929,1352,1352,1.0,true
219210000,IMO9456783,21114,21114,1.0,true
219212000,IMO8919817,20170,20170,1.0,true
219216000,IMO9313905,1647,1647,1.0,true
219229000,IMO9352016,2776,2776,1.0,true
219258000,IMO9447861,13209,13209,1.0,true
219359000,IMO9708538,2940,2940,1.0,true
219469000,IMO9727065,5219,5219,1.0,true
219471000,IMO9687186,5294,5294,1.0,true
219510000,IMO9526904,2305,2305,1.0,true
219526000,IMO9526875,5160,5160,1.0,true
219534000,IMO9526928,3160,3160,1.0,true
219550000,IMO9738739,43,43,1.0,true
219551000,IMO9609952,552,552,1.0,true
219696000,IMO9318943,2576,2576,1.0,true
219840000,IMO9198575,5555,5555,1.0,true
220000001,IMO9948774,3877,3877,1.0,true
220061000,IMO9245756,52662,52662,1.0,true
220129000,IMO9245768,26087,26087,1.0,true
220164000,IMO9245770,31191,31191,1.0,true
220187000,IMO9260419,10480,10480,1.0,true
220198000,IMO9251614,3772,3772,1.0,true
220206000,IMO9260433,9920,9920,1.0,true
220207000,IMO9251626,1770,1770,1.0,true
220216000,IMO9251638,581,581,1.0,true
220221000,IMO9260445,16294,16294,1.0,true
220245000,IMO9260457,10023,10023,1.0,true
220263000,IMO9260469,16112,16112,1.0,true
220291000,IMO9294379,11423,11423,1.0,true
220379000,IMO9302877,28435,28435,1.0,true
220397000,IMO9302889,44460,44460,1.0,true
220413000,IMO9302891,32250,32250,1.0,true
220414000,IMO9320233,39279,39279,1.0,true
220415000,IMO9320245,57102,57102,1.0,true
220416000,IMO9320257,50449,50449,1.0,true
220589000,IMO9388649,22398,22398,1.0,true
220593000,IMO9359002,23586,23586,1.0,true
220594000,IMO9359014,15036,15036,1.0,true
220595000,IMO9359026,13368,13368,1.0,true
220596000,IMO9359038,14159,14159,1.0,true
220597000,IMO9359040,14344,14344,1.0,true
220598000,IMO9359052,15837,15837,1.0,true
226324000,IMO9362334,15370,15370,1.0,true
227278000,IMO9112466,1619,1619,1.0,true
228057000,IMO9207390,2331,2331,1.0,true
228335900,IMO9299783,19658,19658,1.0,true
228337900,IMO9450624,35794,35794,1.0,true
228339600,IMO9450648,8374,8374,1.0,true
228340900,IMO9299795,51173,51173,1.0,true
228342900,IMO9299800,15012,15012,1.0,true
228353600,IMO9299628,11610,11610,1.0,true
228354600,IMO9299654,22904,22904,1.0,true
228409800,IMO9894961,6413,6413,1.0,true
228409900,IMO9894973,11091,11091,1.0,true
228410700,IMO9894997,7784,7784,1.0,true
228411900,IMO9329928,1759,1759,1.0,true
228439900,IMO9982938,7495,7495,1.0,true
228451700,IMO9802504,12867,12867,1.0,true
228468900,IMO9966764,6156,6156,1.0,true
228469700,IMO9966776,2914,2914,1.0,true
228472900,IMO1021829,409,409,1.0,true
228477600,IMO9977701,1675,1675,1.0,true
228478900,IMO9977713,2077,2077,1.0,true
228479700,IMO9977737,3598,3598,1.0,true
228479800,IMO9977751,1474,1474,1.0,true
228479900,IMO9977749,1875,1875,1.0,true
229012000,IMO9621883,1983,1983,1.0,true
229014000,IMO9607502,256,256,1.0,true
229032000,IMO9512305,490,490,1.0,true
229033000,IMO9486477,16578,16578,1.0,true
229054000,IMO9389409,28869,28869,1.0,true
229081000,IMO9558244,43782,43782,1.0,true
229125000,IMO9597238,9284,9284,1.0,true
229141000,IMO9468138,7837,7837,1.0,true
229158000,IMO9644172,159,159,1.0,true
229159000,IMO9644184,6944,6944,1.0,true
229161000,IMO9429431,10528,10528,1.0,true
229164000,IMO9625449,17008,17008,1.0,true
229177000,IMO9597032,8373,8373,1.0,true
229190000,IMO9454450,22377,22377,1.0,true
229199000,IMO9649122,7645,7645,1.0,true
229200000,IMO9649110,1340,1340,1.0,true
229201000,IMO9649108,2728,2728,1.0,true
229202000,IMO9649093,1758,1758,1.0,true
229203000,IMO9649081,6125,6125,1.0,true
229204000,IMO9649079,326,326,1.0,true
229215000,IMO9625451,14225,14225,1.0,true
229219000,IMO9644201,1055,1055,1.0,true
229220000,IMO9657777,10982,10982,1.0,true
229221000,IMO9644196,6583,6583,1.0,true
229243000,IMO9605499,260,260,1.0,true
229255000,IMO9905708,329,329,1.0,true
229262000,IMO9225005,2465,2465,1.0,true
229264000,IMO9644500,4735,4735,1.0,true
229266000,IMO9608702,3405,3405,1.0,true
229281000,IMO9595981,548,548,1.0,true
229283000,IMO9609122,6676,6676,1.0,true
229284000,IMO9633408,207,207,1.0,true
229287000,IMO9585601,203,203,1.0,true
229321000,IMO9882487,29200,29200,1.0,true
229326000,IMO9897755,7078,7078,1.0,true
229331000,IMO9318101,5081,5081,1.0,true
229340000,IMO9301433,13116,13116,1.0,true
229347000,IMO9512331,2719,2719,1.0,true
229373000,IMO9616905,6243,6243,1.0,true
229375000,IMO9400174,6439,6439,1.0,true
229382000,IMO9479204,1152,1152,1.0,true
229384000,IMO9320398,7208,7208,1.0,true
229389000,IMO9897767,17145,17145,1.0,true
229393000,IMO9867827,15113,15113,1.0,true
229395000,IMO9490777,5632,5632,1.0,true
229402000,IMO9087245,2971,2971,1.0,true
229410000,IMO9662332,3366,3366,1.0,true
229439000,IMO9529516,2492,2492,1.0,true
229454000,IMO9882499,45284,45284,1.0,true
229458000,IMO9628154,3173,3173,1.0,true
229462000,IMO9323900,6872,6872,1.0,true
229463000,IMO9897779,17849,17849,1.0,true
229464000,IMO9897781,10781,10781,1.0,true
229465000,IMO9130339,17624,17624,1.0,true
229467000,IMO9628166,7407,7407,1.0,true
229479000,IMO9418377,8310,8310,1.0,true
229486000,IMO9643910,6590,6590,1.0,true
229528000,IMO9106479,1643,1643,1.0,true
229548000,IMO9628180,11940,11940,1.0,true
229550000,IMO9632832,2673,2673,1.0,true
229554000,IMO9684213,15929,15929,1.0,true
229556000,IMO9477799,7499,7499,1.0,true
229572000,IMO9620619,3878,3878,1.0,true
229584000,IMO9625920,2176,2176,1.0,true
229585000,IMO9177624,502,502,1.0,true
229587000,IMO9718686,4471,4471,1.0,true
229592000,IMO9882504,37060,37060,1.0,true
229594000,IMO9622758,1368,1368,1.0,true
229602000,IMO9576961,5234,5234,1.0,true
229603000,IMO9576973,546,546,1.0,true
229606000,IMO9440772,6804,6804,1.0,true
229609000,IMO9286592,13095,13095,1.0,true
229613000,IMO9659787,6325,6325,1.0,true
229615000,IMO9674361,578,578,1.0,true
229620000,IMO9605255,21035,21035,1.0,true
229622000,IMO9484479,28241,28241,1.0,true
229625000,IMO9605267,2584,2584,1.0,true
229626000,IMO9605279,23418,23418,1.0,true
229635000,IMO9246683,2953,2953,1.0,true
229648000,IMO9618587,4519,4519,1.0,true
229654000,IMO9905722,915,915,1.0,true
229656000,IMO9905734,399,399,1.0,true
229659000,IMO9476525,213,213,1.0,true
229665000,IMO9210074,12255,12255,1.0,true
229685000,IMO9882516,26572,26572,1.0,true
229695000,IMO9920722,3001,3001,1.0,true
229698000,IMO9700421,397,397,1.0,true
229705000,IMO9322463,1585,1585,1.0,true
229708000,IMO9395214,571,571,1.0,true
229710000,IMO9702455,9645,9645,1.0,true
229711000,IMO9702443,11202,11202,1.0,true
229712000,IMO9656175,8060,8060,1.0,true
229718000,IMO9401922,5018,5018,1.0,true
229725000,IMO9401934,1590,1590,1.0,true
229726000,IMO9674517,39511,39511,1.0,true
229732000,IMO9401910,1564,1564,1.0,true
229736000,IMO9450600,6916,6916,1.0,true
229738000,IMO9064839,762,762,1.0,true
229752000,IMO9684469,22373,24826,0.901192298396842,true
229760000,IMO9638135,4734,4734,1.0,true
229778000,IMO9867841,5675,5675,1.0,true
229779000,IMO9867839,47832,47832,1.0,true
229786000,IMO9491628,12612,12612,1.0,true
229788000,IMO9653185,1534,1534,1.0,true
229808000,IMO9299642,37010,37010,1.0,true
229814000,IMO9733272,650,650,1.0,true
229815000,IMO9188908,1487,1487,1.0,true
229821000,IMO9337597,22993,22993,1.0,true
229824000,IMO9306483,958,958,1.0,true
229846000,IMO9363417,4824,4824,1.0,true
229902000,IMO9688635,855,855,1.0,true
229911000,IMO9688647,1768,1768,1.0,true
229912000,IMO9426087,241,241,1.0,true
229921000,IMO9322487,4480,4480,1.0,true
229934000,IMO9674529,31408,31408,1.0,true
229945000,IMO9293753,13706,13706,1.0,true
229947000,IMO9674531,10208,10208,1.0,true
229955000,IMO9290098,16188,16188,1.0,true
229956000,IMO9374442,2287,2287,1.0,true
229960000,IMO9701372,3112,3112,1.0,true
229969000,IMO9665700,10537,10537,1.0,true
229988000,IMO9674555,17183,17183,1.0,true
229989000,IMO9674543,9816,9816,1.0,true
229997000,IMO9194270,5413,5413,1.0,true
230186000,IMO9002659,3578,3578,1.0,true
230624000,IMO9590797,14877,14877,1.0,true
230625000,IMO9590802,8194,8194,1.0,true
230917000,IMO9181077,861,861,1.0,true
232004359,IMO9253856,5916,5916,1.0,true
232008128,IMO9806299,13118,13118,1.0,true
232010350,IMO9781621,320,320,1.0,true
232012242,IMO9801718,600,600,1.0,true
232012490,IMO9816593,43,43,1.0,true
232012585,IMO9660578,4065,4065,1.0,true
232012746,IMO9803352,19404,19404,1.0,true
232013516,IMO9360752,775,775,1.0,true
232013521,IMO9362413,1221,1221,1.0,true
232014080,IMO9436513,6688,6688,1.0,true
232014452,IMO9451044,19834,19834,1.0,true
232015389,IMO9448059,27181,27181,1.0,true
232016910,IMO9738868,189,189,1.0,true
232017152,IMO9802322,5017,5017,1.0,true
232017938,IMO9520833,6083,6083,1.0,true
232018037,IMO9463566,6094,6094,1.0,true
232018048,IMO9753284,17634,17634,1.0,true
232018697,IMO9558294,3089,3089,1.0,true
232018783,IMO9827061,17315,17315,1.0,true
232018900,IMO9725158,28710,28710,1.0,true
232018901,IMO9725160,40375,40375,1.0,true
232018919,IMO9725134,45097,45097,1.0,true
232023550,IMO9490480,545,545,1.0,true
232024278,IMO9866691,13242,13242,1.0,true
232024279,IMO9866706,8046,8046,1.0,true
232024771,IMO9725146,18743,18743,1.0,true
232024772,IMO9725110,54886,54886,1.0,true
232024773,IMO9725122,43397,43397,1.0,true
232025072,IMO9599133,23631,23631,1.0,true
232025145,IMO9490492,102357,102357,1.0,true
232025405,IMO9668556,1557,1557,1.0,true
232027170,IMO9801744,7282,7282,1.0,true
232027403,IMO9875214,4051,4051,1.0,true
232027404,IMO9860374,10571,10571,1.0,true
232027637,IMO9313292,2915,2915,1.0,true
232027949,IMO9446867,254,254,1.0,true
232032457,IMO9713480,49,49,1.0,true
232035614,IMO9577422,23566,23566,1.0,true
232036827,IMO9860398,334,334,1.0,true
232036828,IMO9900095,31981,31981,1.0,true
232036941,IMO9860403,2500,2500,1.0,true
232038703,IMO9900203,1347,1347,1.0,true
232041694,IMO9493690,15161,15161,1.0,true
232041699,IMO9493664,1980,1980,1.0,true
232043368,IMO9924223,2953,2953,1.0,true
232044382,IMO9931549,13743,13743,1.0,true
232044965,IMO9934450,15695,15695,1.0,true
232045225,IMO9934462,1095,1095,1.0,true
232045875,IMO9855549,38476,38476,1.0,true
232047535,IMO9963293,1859,1859,1.0,true
232049063,IMO9963308,1192,1192,1.0,true
232049178,IMO9761889,1790,1790,1.0,true
232049490,IMO9493676,913,913,1.0,true
232052663,IMO9990416,1083,1083,1.0,true
232058706,IMO9989247,10701,10701,1.0,true
232061194,IMO1054797,7718,7718,1.0,true
232752000,IMO9304241,6336,6336,1.0,true
235009240,IMO9300386,7188,7188,1.0,true
235009850,IMO9300398,1448,1448,1.0,true
235010180,IMO9331490,17672,17672,1.0,true
235010440,IMO9318151,4370,4370,1.0,true
235010450,IMO9300403,11683,11683,1.0,true
235010710,IMO9300415,34467,34467,1.0,true
235050012,IMO9300491,10113,10113,1.0,true
235050802,IMO9384875,772,772,1.0,true
235058697,IMO9384942,7144,7144,1.0,true
235061354,IMO9332846,21153,21153,1.0,true
235067944,IMO9429754,11690,11690,1.0,true
235067987,IMO9221097,4835,4835,1.0,true
235068802,IMO9534107,241,241,1.0,true
235070715,IMO9430129,6979,6979,1.0,true
235073372,IMO9430143,23607,23607,1.0,true
235082896,IMO9463011,3459,3459,1.0,true
235084298,IMO9463023,10646,10646,1.0,true
235086166,IMO9493365,1981,1981,1.0,true
235088041,IMO9189940,2901,2901,1.0,true
235089913,IMO9594303,12313,12313,1.0,true
235092545,IMO9596301,1753,1753,1.0,true
235093018,IMO8645806,9522,9522,1.0,true
235093569,IMO9595436,3333,3333,1.0,true
235093618,IMO9595450,56256,56256,1.0,true
235093619,IMO9595462,46474,46474,1.0,true
235094626,IMO9626144,4699,4699,1.0,true
235095836,IMO9626156,6113,6113,1.0,true
235098383,IMO9629043,29675,29675,1.0,true
235098885,IMO9604108,20770,20770,1.0,true
235102348,IMO9253868,214,214,1.0,true
235102349,IMO9253870,222,222,1.0,true
235102466,IMO9698317,9182,9182,1.0,true
235102468,IMO9700081,1980,1980,1.0,true
235102498,IMO9517549,4462,4462,1.0,true
235102677,IMO9604146,2328,2328,1.0,true
235102678,IMO9604160,30480,30480,1.0,true
235102679,IMO9629079,5564,5564,1.0,true
235102681,IMO9629081,8099,8099,1.0,true
235102768,IMO9385075,5406,5406,1.0,true
235102851,IMO9343637,6787,6787,1.0,true
235103762,IMO9414448,13057,13057,1.0,true
235103766,IMO9414474,1846,1846,1.0,true
235110737,IMO9629122,3595,3595,1.0,true
235111726,IMO9713179,2487,2487,1.0,true
235113623,IMO9708954,365,365,1.0,true
235113771,IMO9724702,1336,1336,1.0,true
235114799,IMO9713193,1318,1318,1.0,true
235115734,IMO9729207,167,167,1.0,true
235116731,IMO9713208,1138,1138,1.0,true
235117234,IMO9773844,384,384,1.0,true
235335000,IMO9241310,1292,1292,1.0,true
235414000,IMO9241308,1192,1192,1.0,true
235479000,IMO9241322,2093,2093,1.0,true
235507000,IMO9234070,172,172,1.0,true
235603000,IMO9241293,1362,1362,1.0,true
235645000,IMO9233856,677,677,1.0,true
236111881,IMO9427940,188,188,1.0,true
236111884,IMO9427952,838,838,1.0,true
236112603,IMO9612246,4404,4404,1.0,true
236325000,IMO9195470,1967,1967,1.0,true
236607000,IMO9498303,3816,3816,1.0,true
236709000,IMO9406037,5622,5622,1.0,true
236710000,IMO9406116,1310,1310,1.0,true
238016000,IMO9606120,1004,1004,1.0,true
238045000,IMO9694696,28478,28478,1.0,true
238179000,IMO9222572,542,542,1.0,true
238266000,IMO9519626,1100,1100,1.0,true
239872000,IMO9230763,824,824,1.0,true
240203000,IMO9286798,256,256,1.0,true
240569000,IMO9343845,4106,4106,1.0,true
240586000,IMO9295012,6632,6632,1.0,true
240625000,IMO9343883,265,265,1.0,true
240927000,IMO9438779,543,543,1.0,true
240929000,IMO9438781,929,929,1.0,true
240979000,IMO9434412,14488,14488,1.0,true
240988000,IMO9494137,1250,1250,1.0,true
241031000,IMO9458690,3473,3473,1.0,true
241069000,IMO9476680,4372,4372,1.0,true
241093000,IMO9455545,271,271,1.0,true
241100000,IMO9543677,196,196,1.0,true
241106000,IMO9439072,278,278,1.0,true
241116000,IMO9455557,228,228,1.0,true
241118000,IMO9471276,1395,1395,1.0,true
241124000,IMO9426257,650,650,1.0,true
241125000,IMO9426415,236,236,1.0,true
241139000,IMO9543691,2188,2188,1.0,true
241142000,IMO9594705,1916,1916,1.0,true
241143000,IMO9594717,2916,2916,1.0,true
241149000,IMO9434383,255,255,1.0,true
241155000,IMO9610080,351,351,1.0,true
241156000,IMO9592719,14909,14909,1.0,true
241166000,IMO9610092,3039,3039,1.0,true
241183000,IMO9543782,844,844,1.0,true
241229000,IMO9643805,323,323,1.0,true
241274000,IMO9606754,3453,3453,1.0,true
241283000,IMO9662318,435,435,1.0,true
241299000,IMO9628946,2273,2273,1.0,true
241311000,IMO9484924,24003,24003,1.0,true
241312000,IMO9475686,25986,25986,1.0,true
241313000,IMO9475698,24303,24303,1.0,true
241373000,IMO9712967,20914,20914,1.0,true
241412000,IMO9445461,751,751,1.0,true
241421000,IMO9746102,233,233,1.0,true
241427000,IMO9739240,269,269,1.0,true
241476000,IMO9699842,2541,2541,1.0,true
241489000,IMO9699854,1392,1392,1.0,true
241508000,IMO9463592,5285,5285,1.0,true
241573000,IMO9378606,7642,7642,1.0,true
241602000,IMO9607801,18024,18024,1.0,true
241680000,IMO9842255,211,211,1.0,true
241693000,IMO9861330,4229,4229,1.0,true
241703000,IMO9883132,11305,11305,1.0,true
241768000,IMO9899193,6451,6451,1.0,true
241769000,IMO9724192,12353,12353,1.0,true
241798000,IMO9523366,10369,10369,1.0,true
241805000,IMO9897987,14034,14034,1.0,true
241821000,IMO9942067,9510,9510,1.0,true
241919000,IMO1018030,777,777,1.0,true
241934000,IMO9728124,3872,3872,1.0,true
244010871,IMO9443669,4734,4734,1.0,true
244010945,IMO9770701,599,599,1.0,true
244014000,IMO9435753,6748,6748,1.0,true
244020048,IMO9466996,3944,3944,1.0,true
244022000,IMO9435765,7416,7416,1.0,true
244030000,IMO9433262,10499,10499,1.0,true
244040000,IMO9433274,4574,4574,1.0,true
244044000,IMO9448372,3485,3485,1.0,true
244106000,IMO9505560,23014,23014,1.0,true
244109000,IMO9505572,16499,16499,1.0,true
244115000,IMO9448358,5313,5313,1.0,true
244117000,IMO9448308,16278,16278,1.0,true
244121000,IMO9448384,2174,2174,1.0,true
244122000,IMO9448346,3035,3035,1.0,true
244129000,IMO9448360,14967,14967,1.0,true
244130525,IMO9931484,2780,2780,1.0,true
244142000,IMO9420813,8791,8791,1.0,true
244149000,IMO9420796,5474,5474,1.0,true
244150212,IMO9258985,7162,7162,1.0,true
244150516,IMO9735232,445,445,1.0,true
244155000,IMO9420801,15906,15906,1.0,true
244160000,IMO9424546,10745,10745,1.0,true
244170000,IMO9456721,6638,6638,1.0,true
244224000,IMO9505546,1044,1044,1.0,true
244238000,IMO9491496,838,838,1.0,true
244255000,IMO9491501,766,766,1.0,true
244266000,IMO9081318,1967,1967,1.0,true
244301000,IMO9333527,4487,4487,1.0,true
244457000,IMO9367073,2778,2778,1.0,true
244519000,IMO9307372,194,194,1.0,true
244559000,IMO9139294,686,686,1.0,true
244584000,IMO9288045,20037,20037,1.0,true
244620052,IMO9512783,427,427,1.0,true
244620675,IMO9681534,6251,6251,1.0,true
244632000,IMO9234290,4759,4759,1.0,true
244638000,IMO9399129,6292,6292,1.0,true
244639000,IMO9415064,1608,1608,1.0,true
244650331,IMO9631371,409,409,1.0,true
244655000,IMO9501253,1053,1053,1.0,true
244675000,IMO9467237,5953,5953,1.0,true
244693000,IMO9365659,3610,3610,1.0,true
244726000,IMO9420849,10770,10770,1.0,true
244730000,IMO9202510,11045,11045,1.0,true
244750595,IMO9424572,9712,9712,1.0,true
244750715,IMO9546473,1556,1556,1.0,true
244750716,IMO9650482,367,367,1.0,true
244750814,IMO9776286,799,799,1.0,true
244770273,IMO9721657,3003,3003,1.0,true
244790606,IMO9671450,10282,10282,1.0,true
244810209,IMO9546485,668,668,1.0,true
244810418,IMO9671436,3916,3916,1.0,true
244810443,IMO9671448,155,155,1.0,true
244810614,IMO9534470,39217,39217,1.0,true
244810617,IMO9592575,2347,2347,1.0,true
244820055,IMO9592599,1200,1200,1.0,true
244820422,IMO9650585,279,279,1.0,true
244830401,IMO9746970,3442,3442,1.0,true
244830430,IMO9710464,9607,9607,1.0,true
244830814,IMO9758557,15836,15836,1.0,true
244848000,IMO9420837,4081,4081,1.0,true
244850226,IMO9721633,1661,1661,1.0,true
244850853,IMO9320520,6216,6216,1.0,true
244850854,IMO9321093,23134,23134,1.0,true
244850855,IMO9321108,31177,31177,1.0,true
244853000,IMO9535620,2915,2915,1.0,true
244860255,IMO9721645,232,232,1.0,true
244903000,IMO9202522,3928,3928,1.0,true
244909000,IMO9532824,558,558,1.0,true
244997000,IMO9467249,262,262,1.0,true
245020000,IMO9456733,593,593,1.0,true
245021000,IMO9153654,1819,1819,1.0,true
245033000,IMO9420825,4647,4647,1.0,true
245086000,IMO9526083,3496,3496,1.0,true
245097000,IMO9345386,1109,1109,1.0,true
245118000,IMO9558464,2994,2994,1.0,true
245226000,IMO9419292,235,235,1.0,true
245237000,IMO9631357,171,171,1.0,true
245261000,IMO9202534,15777,15777,1.0,true
245278000,IMO9423748,525,525,1.0,true
245299000,IMO9466350,6956,6956,1.0,true
245347000,IMO9466051,307,307,1.0,true
245394000,IMO9139309,9549,9549,1.0,true
245466000,IMO9419307,160,160,1.0,true
245525000,IMO9385922,5480,5480,1.0,true
245539000,IMO9139311,4686,4686,1.0,true
245546000,IMO9197375,9927,9927,1.0,true
245554000,IMO9371579,514,514,1.0,true
245563000,IMO9934840,3346,3346,1.0,true
245578000,IMO9197363,6199,6199,1.0,true
245634000,IMO9466374,5369,5369,1.0,true
245639000,IMO9419319,576,576,1.0,true
245691000,IMO1035416,2185,2185,1.0,true
245697000,IMO1035404,9985,9985,1.0,true
245716000,IMO9081320,1630,1630,1.0,true
245720000,IMO9917672,1802,1802,1.0,true
245789000,IMO9197911,12476,12476,1.0,true
245806000,IMO9559092,470,470,1.0,true
245816000,IMO9202546,14224,14224,1.0,true
245854000,IMO9646780,2673,2673,1.0,true
245890000,IMO9529243,9559,9559,1.0,true
245897000,IMO9345398,356,356,1.0,true
245912000,IMO9420772,15569,15569,1.0,true
245918000,IMO9996903,1759,1759,1.0,true
245930000,IMO9213741,4822,4822,1.0,true
245935000,IMO9507075,379,379,1.0,true
245952000,IMO9463451,713,713,1.0,true
245953000,IMO9466312,3748,3748,1.0,true
245955000,IMO9420784,15973,15973,1.0,true
245964000,IMO9424558,9473,9473,1.0,true
245980000,IMO9534432,50877,50877,1.0,true
245995000,IMO9361108,287,287,1.0,true
246029000,IMO9234276,847,847,1.0,true
246100000,IMO9288057,15187,15187,1.0,true
246117000,IMO9542348,12023,12023,1.0,true
246244000,IMO9404704,1587,1587,1.0,true
246263000,IMO9466336,9282,9282,1.0,true
246293000,IMO9288069,15827,15827,1.0,true
246302000,IMO9546497,3974,3974,1.0,true
246308000,IMO9081306,5130,5130,1.0,true
246309000,IMO9371581,696,696,1.0,true
246396000,IMO9288071,14578,14578,1.0,true
246430000,IMO9248564,9494,9494,1.0,true
246447000,IMO9201803,516,516,1.0,true
246452000,IMO9202558,17181,17181,1.0,true
246456000,IMO9197947,12535,12535,1.0,true
246466000,IMO9202508,20190,20190,1.0,true
246467000,IMO9243849,488,488,1.0,true
246519000,IMO9466300,1731,1731,1.0,true
246521000,IMO9307358,1752,1752,1.0,true
246539000,IMO9882061,1732,1732,1.0,true
246547000,IMO9580780,108082,108082,1.0,true
246554000,IMO9307360,266,266,1.0,true
246556000,IMO9333539,5100,5100,1.0,true
246572000,IMO9333541,2500,2500,1.0,true
246591000,IMO9428425,8227,8227,1.0,true
246592000,IMO9428413,12117,12117,1.0,true
246596000,IMO9526095,22853,22853,1.0,true
246598000,IMO9419280,180,180,1.0,true
246602000,IMO9385893,1102,1102,1.0,true
246614000,IMO9507611,9091,9091,1.0,true
246619000,IMO9509968,8948,8948,1.0,true
246620000,IMO9509956,5783,5783,1.0,true
246621000,IMO9507609,4848,4848,1.0,true
246625000,IMO9554781,155,155,1.0,true
246634000,IMO9463437,1647,1647,1.0,true
246651000,IMO9985344,196,196,1.0,true
246659000,IMO9551935,5095,5095,1.0,true
246660000,IMO9551959,12668,12668,1.0,true
246661000,IMO9551961,5176,5176,1.0,true
246662000,IMO9551973,5187,5187,1.0,true
246663000,IMO9551947,12451,12451,1.0,true
246671000,IMO9424560,7524,7524,1.0,true
246704000,IMO9542336,9321,9321,1.0,true
246716000,IMO9463449,741,741,1.0,true
246719000,IMO9466295,2453,2453,1.0,true
246733000,IMO9526071,1089,1089,1.0,true
246767000,IMO9571507,3409,3409,1.0,true
246768000,IMO9571519,606,606,1.0,true
246769000,IMO9571521,6854,6854,1.0,true
246770000,IMO9571533,4105,4105,1.0,true
246771000,IMO9571545,4120,4120,1.0,true
246789000,IMO9507087,1226,1226,1.0,true
246797000,IMO9466324,6323,6323,1.0,true
246824000,IMO9419321,581,581,1.0,true
246830000,IMO9466348,837,837,1.0,true
246831000,IMO9255579,1516,1516,1.0,true
246837000,IMO9592563,1131,1131,1.0,true
246865000,IMO9466362,643,643,1.0,true
246866000,IMO9605176,1087,1087,1.0,true
246867000,IMO9631369,3516,3516,1.0,true
246876000,IMO9542350,13295,13295,1.0,true
246887000,IMO9546459,1015,1015,1.0,true
246894000,IMO9605188,6823,6823,1.0,true
246896000,IMO9229087,6121,6121,1.0,true
246912000,IMO9546461,2342,2342,1.0,true
246921000,IMO9534482,828,828,1.0,true
247065500,IMO9245598,6307,6307,1.0,true
247275400,IMO9343170,4688,4688,1.0,true
247281100,IMO9437907,14613,14613,1.0,true
247285500,IMO9377470,11543,11543,1.0,true
247286800,IMO9448580,11267,11267,1.0,true
247287100,IMO9568598,1044,1044,1.0,true
247289800,IMO9377482,9757,9757,1.0,true
247291600,IMO9480540,4264,4264,1.0,true
247293300,IMO9437919,2287,2287,1.0,true
247300400,IMO9448592,8122,8122,1.0,true
247302700,IMO9437921,21329,21329,1.0,true
247303200,IMO9448619,9923,9923,1.0,true
247304200,IMO9465370,14533,14533,1.0,true
247304600,IMO9437933,8396,8396,1.0,true
247310400,IMO9437945,19594,19594,1.0,true
247311200,IMO9465382,8549,8549,1.0,true
247314200,IMO9578969,41813,41813,1.0,true
247315400,IMO9578971,62473,62473,1.0,true
247320400,IMO9471082,15820,15820,1.0,true
247322900,IMO9578983,24459,24459,1.0,true
247341100,IMO9672088,9830,9830,1.0,true
247341300,IMO9672090,6835,6835,1.0,true
247341500,IMO9672105,10976,10976,1.0,true
247341700,IMO9680712,8624,8624,1.0,true
247341900,IMO9680724,3229,3229,1.0,true
247342300,IMO9724738,6688,6688,1.0,true
247371500,IMO9645396,1076,1076,1.0,true
247375700,IMO9784037,2016,2016,1.0,true
247376300,IMO9784049,576,576,1.0,true
247376400,IMO9784051,1732,1732,1.0,true
247405800,IMO9782687,6817,6817,1.0,true
247408300,IMO9782699,501,501,1.0,true
247409200,IMO9782704,719,719,1.0,true
247440400,IMO9782716,9073,9073,1.0,true
247441100,IMO9796365,12289,12289,1.0,true
247441300,IMO9796377,3302,3302,1.0,true
248013000,IMO9399210,9041,9041,1.0,true
248052000,IMO9399222,3569,3569,1.0,true
248056000,IMO9754915,1604,1604,1.0,true
248087000,IMO9423920,243,243,1.0,true
248089000,IMO9727625,21410,21410,1.0,true
248092000,IMO9515682,189,189,1.0,true
248122000,IMO9473145,1685,1685,1.0,true
248134000,IMO9447017,1630,1630,1.0,true
248135000,IMO9544748,2567,2567,1.0,true
248160000,IMO9271925,7389,7389,1.0,true
248161000,IMO9272228,1938,1938,1.0,true
248177000,IMO9639476,263,263,1.0,true
248183000,IMO9473078,1084,1084,1.0,true
248185000,IMO9486013,692,692,1.0,true
248207000,IMO9343974,567,567,1.0,true
248208000,IMO9418779,35432,35432,1.0,true
248209000,IMO9465150,45,45,1.0,true
248225000,IMO9505053,11796,11796,1.0,true
248228000,IMO9751092,11416,11416,1.0,true
248238000,IMO9602423,1833,1833,1.0,true
248247000,IMO9406611,27431,27431,1.0,true
248251000,IMO9602409,3376,3376,1.0,true
248262000,IMO9725914,7426,7426,1.0,true
248264000,IMO9505065,9892,9892,1.0,true
248265000,IMO9505089,5561,5561,1.0,true
248285000,IMO9757008,3910,3910,1.0,true
248296000,IMO9563419,13751,13751,1.0,true
248303000,IMO9554171,1127,1127,1.0,true
248403000,IMO9432139,4188,4188,1.0,true
248411000,IMO9400069,982,982,1.0,true
248426000,IMO9729099,6990,6990,1.0,true
248431000,IMO9406647,1078,1078,1.0,true
248432000,IMO9406623,34111,34111,1.0,true
248440000,IMO9753301,7556,7556,1.0,true
248476000,IMO9432464,8794,8794,1.0,true
248493000,IMO9450650,866,866,1.0,true
248505000,IMO9480708,7101,7101,1.0,true
248506000,IMO9480710,580,580,1.0,true
248510000,IMO9450662,5458,5458,1.0,true
248534000,IMO9727431,168,168,1.0,true
248556000,IMO9797216,45793,45793,1.0,true
248557000,IMO8220345,20903,20903,1.0,true
248565000,IMO9432476,5905,5905,1.0,true
248572000,IMO9443035,29057,29057,1.0,true
248574000,IMO9443023,29256,29256,1.0,true
248614000,IMO9004205,4983,4983,1.0,true
248639000,IMO9432488,21738,21738,1.0,true
248655000,IMO9745550,3605,3605,1.0,true
248659000,IMO9745500,12307,12307,1.0,true
248660000,IMO9745548,16617,16617,1.0,true
248665000,IMO8729640,86,86,1.0,true
248697000,IMO9537977,5581,5581,1.0,true
248698000,IMO9536428,163,163,1.0,true
248699000,IMO9350032,42444,42444,1.0,true
248703000,IMO9729128,4109,4109,1.0,true
248711000,IMO9532783,7324,7324,1.0,true
248712000,IMO9350044,30611,30611,1.0,true
248721000,IMO9564138,2525,2525,1.0,true
248728000,IMO9802504,6708,6708,1.0,true
248729000,IMO9802499,12415,12415,1.0,true
248741000,IMO9826823,737,737,1.0,true
248798000,IMO9617478,1,1,1.0,true
248826000,IMO9577446,4251,4251,1.0,true
248828000,IMO9577434,2014,2014,1.0,true
248876000,IMO9434371,7145,7145,1.0,true
248906000,IMO9398321,5322,5322,1.0,true
248910000,IMO9375288,9368,9368,1.0,true
248911000,IMO9375264,182,182,1.0,true
248912000,IMO9398333,14185,14185,1.0,true
248914000,IMO9584140,784,784,1.0,true
248917000,IMO9293624,9148,9148,1.0,true
248923000,IMO9293612,6963,6963,1.0,true
248938000,IMO9498248,183,183,1.0,true
248950000,IMO9475040,7021,7021,1.0,true
248999000,IMO9567946,1890,1890,1.0,true
249011000,IMO9700512,5880,5880,1.0,true
249021000,IMO9450648,9206,9206,1.0,true
249032000,IMO9583706,3369,3369,1.0,true
249035000,IMO9651034,4438,4438,1.0,true
249049000,IMO9985655,3997,3997,1.0,true
249070000,IMO9015682,208,208,1.0,true
249076000,IMO9951563,2966,2966,1.0,true
249077000,IMO9782168,6899,6899,1.0,true
249100000,IMO9520637,2130,2130,1.0,true
249111000,IMO9248526,490,490,1.0,true
249112000,IMO9679919,8536,8536,1.0,true
249123000,IMO9679907,6431,6431,1.0,true
249125000,IMO9679892,3986,3986,1.0,true
249135000,IMO9938377,107,107,1.0,true
249152000,IMO9330850,2200,2200,1.0,true
249153000,IMO9363039,111,111,1.0,true
249167000,IMO9722687,6270,6270,1.0,true
249169000,IMO9722699,1917,1917,1.0,true
249171000,IMO9763708,195,195,1.0,true
249183000,IMO9566954,5300,5300,1.0,true
249201000,IMO9690092,5578,5578,1.0,true
249202000,IMO9706190,4792,4792,1.0,true
249203000,IMO9286255,4237,4237,1.0,true
249204000,IMO9723643,12514,12514,1.0,true
249205000,IMO9286231,4399,4399,1.0,true
249206000,IMO9810915,5696,5696,1.0,true
249210000,IMO9951575,1420,1420,1.0,true
249221000,IMO9926233,3587,3587,1.0,true
249225000,IMO9509633,1383,1383,1.0,true
249227000,IMO9509619,310,310,1.0,true
249231000,IMO9584889,7791,7791,1.0,true
249238000,IMO9739082,207,207,1.0,true
249251000,IMO9721035,261,261,1.0,true
249254000,IMO9721023,259,259,1.0,true
249257000,IMO9952438,3144,3144,1.0,true
249262000,IMO9727974,27056,27056,1.0,true
249271000,IMO9678329,2896,2896,1.0,true
249307000,IMO9448578,657,657,1.0,true
249309000,IMO9418444,240,240,1.0,true
249319000,IMO9432115,2126,2126,1.0,true
249321000,IMO9673836,147,147,1.0,true
249324000,IMO9722704,3211,3211,1.0,true
249352000,IMO9692686,7236,7236,1.0,true
249386000,IMO9696474,41867,41867,1.0,true
249390000,IMO9696462,11931,11931,1.0,true
249397000,IMO9304112,5527,5527,1.0,true
249414000,IMO9389681,2943,2943,1.0,true
249431000,IMO9749829,15655,15655,1.0,true
249474000,IMO9389693,31520,31520,1.0,true
249489000,IMO9702699,10030,10030,1.0,true
249509000,IMO9389708,21627,21627,1.0,true
249513000,IMO9299654,4396,4396,1.0,true
249515000,IMO9728916,47108,47108,1.0,true
249522000,IMO9299800,5830,5830,1.0,true
249558000,IMO9728928,50435,50435,1.0,true
249563000,IMO9304100,771,771,1.0,true
249726000,IMO9782352,170,170,1.0,true
249757000,IMO9319765,5889,5889,1.0,true
249758000,IMO9319753,3515,3515,1.0,true
249769000,IMO9728930,42919,42919,1.0,true
249773000,IMO9728942,40753,40753,1.0,true
249783000,IMO9727613,5454,5454,1.0,true
249800000,IMO9666649,1197,1197,1.0,true
249806000,IMO9282742,2300,2300,1.0,true
249808000,IMO9728954,16103,16103,1.0,true
249819000,IMO9399193,7845,7845,1.0,true
249830000,IMO9403229,25788,25788,1.0,true
249836000,IMO8302313,5598,5598,1.0,true
249845000,IMO9491197,1405,1405,1.0,true
249875000,IMO9342877,990,990,1.0,true
249877000,IMO9729075,2056,2056,1.0,true
249883000,IMO9403190,13541,13541,1.0,true
249885000,IMO9468619,3568,3568,1.0,true
249888000,IMO9399208,38223,38223,1.0,true
249904000,IMO9515383,19721,19721,1.0,true
249909000,IMO9515400,22974,22974,1.0,true
249917000,IMO9401099,26297,26297,1.0,true
249944000,IMO9423293,270,270,1.0,true
249973000,IMO9081734,12474,12474,1.0,true
249982000,IMO9706205,6705,6705,1.0,true
249986000,IMO8314677,3322,3322,1.0,true
250002887,IMO9649536,9071,9071,1.0,true
250002903,IMO9649548,8897,8897,1.0,true
253000028,IMO9771298,2074,2074,1.0,true
253068000,IMO9707742,1962,1962,1.0,true
253172000,IMO9789910,15953,15953,1.0,true
253595000,IMO9167318,766,766,1.0,true
253781000,IMO9414199,90,90,1.0,true
255162930,IMO9485837,28,28,1.0,true
255601240,IMO9717656,6412,6412,1.0,true
255613000,IMO9702625,51,51,1.0,true
255616000,IMO9702637,5677,5677,1.0,true
255617000,IMO9676591,12557,12557,1.0,true
255618000,IMO9327671,4401,4401,1.0,true
255710000,IMO9477294,11648,11648,1.0,true
255721000,IMO9609718,7813,7813,1.0,true
255723000,IMO9477359,2354,2354,1.0,true
255726000,IMO9728382,11314,11314,1.0,true
255727000,IMO9769697,11118,11118,1.0,true
255728000,IMO9798337,6599,6599,1.0,true
255729000,IMO9244556,738,738,1.0,true
255736000,IMO9238820,745,745,1.0,true
255747000,IMO9490258,5353,5353,1.0,true
255790000,IMO9317937,30303,30303,1.0,true
255792000,IMO9289960,16571,16571,1.0,true
255793000,IMO9401776,8039,8039,1.0,true
255796000,IMO9289972,7378,7378,1.0,true
255797000,IMO9287924,8453,8453,1.0,true
255801000,IMO9384320,9930,9930,1.0,true
255801650,IMO9738571,1733,1733,1.0,true
255801680,IMO9701011,298,298,1.0,true
255802350,IMO9594315,2513,2513,1.0,true
255802360,IMO9254848,6160,6160,1.0,true
255802470,IMO9436472,1428,1428,1.0,true
255802560,IMO9516753,17228,17228,1.0,true
255802650,IMO9481453,1190,1190,1.0,true
255802770,IMO9528706,1679,1679,1.0,true
255803201,IMO9301483,33549,33549,1.0,true
255803450,IMO9393319,21731,21731,1.0,true
255803470,IMO9463281,2978,2978,1.0,true
255803480,IMO9393307,20473,20473,1.0,true
255803590,IMO9313943,16425,16425,1.0,true
255803650,IMO9589085,1600,1600,1.0,true
255803670,IMO9293777,33956,33956,1.0,true
255803680,IMO9243409,14712,14712,1.0,true
255803760,IMO9286267,6861,6861,1.0,true
255803770,IMO9302633,6973,6973,1.0,true
255803780,IMO9243394,25379,25379,1.0,true
255803860,IMO9438389,1944,1944,1.0,true
255804350,IMO9313967,9057,9057,1.0,true
255804970,IMO9402043,2809,2809,1.0,true
255805360,IMO9607459,653,653,1.0,true
255805558,IMO9301471,2212,2212,1.0,true
255805563,IMO9654464,3900,3900,1.0,true
255805564,IMO9952402,5483,5483,1.0,true
255805570,IMO9274355,11623,11623,1.0,true
255805571,IMO9301495,3020,3020,1.0,true
255805584,IMO9304978,1100,1100,1.0,true
255805589,IMO9535137,35613,35613,1.0,true
255805590,IMO9535151,9007,9007,1.0,true
255805617,IMO9320441,8252,8252,1.0,true
255805621,IMO9681962,9563,9563,1.0,true
255805661,IMO9456965,14191,14191,1.0,true
255805662,IMO9718442,1686,1686,1.0,true
255805664,IMO9294408,1424,1424,1.0,true
255805665,IMO9466984,3023,3023,1.0,true
255805666,IMO9467043,11140,11140,1.0,true
255805671,IMO9718454,730,730,1.0,true
255805672,IMO9702596,935,935,1.0,true
255805675,IMO9248148,4656,4656,1.0,true
255805676,IMO9248162,6841,6841,1.0,true
255805677,IMO9221827,1308,1308,1.0,true
255805678,IMO9221815,30615,30615,1.0,true
255805681,IMO9731573,22000,22000,1.0,true
255805688,IMO9693329,15722,15722,1.0,true
255805689,IMO9693331,8242,8242,1.0,true
255805690,IMO9559705,9634,9634,1.0,true
255805750,IMO9376012,6192,6192,1.0,true
255805765,IMO9702601,38012,38012,1.0,true
255805770,IMO9467134,960,960,1.0,true
255805774,IMO9727596,468,468,1.0,true
255805781,IMO9397913,1657,1657,1.0,true
255805785,IMO9467146,1275,1275,1.0,true
255805803,IMO9246712,1536,1536,1.0,true
255805809,IMO9727601,1322,1322,1.0,true
255805835,IMO9347815,10810,10810,1.0,true
255805852,IMO9440306,2954,2954,1.0,true
255805854,IMO9720471,18147,18147,1.0,true
255805858,IMO9725524,7136,7136,1.0,true
255805859,IMO9702273,2723,2723,1.0,true
255805860,IMO9725512,4396,4396,1.0,true
255805866,IMO9735218,7742,7742,1.0,true
255805867,IMO9745653,4623,4623,1.0,true
255805868,IMO9745665,4711,4711,1.0,true
255805869,IMO9770737,23425,23425,1.0,true
255805875,IMO9467160,1652,1652,1.0,true
255805889,IMO9293753,8750,8750,1.0,true
255805891,IMO9720495,4679,4679,1.0,true
255805893,IMO9794484,8086,8086,1.0,true
255805894,IMO9794472,5572,5572,1.0,true
255805913,IMO9293791,2154,2154,1.0,true
255805914,IMO9293806,7219,7219,1.0,true
255805922,IMO9236688,1936,1936,1.0,true
255805923,IMO9236690,5587,5587,1.0,true
255805929,IMO9720512,2525,2525,1.0,true
255805930,IMO9720524,25241,25241,1.0,true
255805942,IMO9293820,4387,4387,1.0,true
255805956,IMO9622007,1168,1168,1.0,true
255805979,IMO9750464,10048,10048,1.0,true
255806004,IMO9200691,40377,40377,1.0,true
255806005,IMO9231248,982,982,1.0,true
255806009,IMO9235828,3511,3511,1.0,true
255806027,IMO9778076,5579,5579,1.0,true
255806028,IMO9778105,12391,12391,1.0,true
255806029,IMO9778117,15304,15304,1.0,true
255806031,IMO9778088,4525,4525,1.0,true
255806032,IMO9778090,10960,10960,1.0,true
255806034,IMO9466960,25568,25568,1.0,true
255806037,IMO9450349,17206,17206,1.0,true
255806038,IMO9450337,35742,35742,1.0,true
255806039,IMO9466972,29557,29557,1.0,true
255806046,IMO9583043,6463,6463,1.0,true
255806048,IMO9741712,3010,3010,1.0,true
255806049,IMO9741700,5134,5134,1.0,true
255806051,IMO9583055,11319,11319,1.0,true
255806053,IMO9259379,3200,3200,1.0,true
255806057,IMO9778399,8858,8858,1.0,true
255806064,IMO9286786,3066,3066,1.0,true
255806065,IMO9320049,20494,20494,1.0,true
255806066,IMO9357092,4411,4411,1.0,true
255806068,IMO9395111,25709,25709,1.0,true
255806077,IMO9252553,15054,15054,1.0,true
255806078,IMO9252541,27592,27592,1.0,true
255806086,IMO9454242,356,356,1.0,true
255806090,IMO9604809,2621,2621,1.0,true
255806094,IMO9294513,2065,2065,1.0,true
255806103,IMO9395020,19042,19042,1.0,true
255806105,IMO9450351,4904,4904,1.0,true
255806106,IMO9652519,14176,14176,1.0,true
255806110,IMO9368742,10407,10407,1.0,true
255806114,IMO9248124,602,602,1.0,true
255806116,IMO9342695,775,775,1.0,true
255806121,IMO9314947,34624,34624,1.0,true
255806122,IMO9387451,11407,11407,1.0,true
255806126,IMO9335812,3085,3085,1.0,true
255806134,IMO9570656,9087,9087,1.0,true
255806142,IMO9238363,4971,4971,1.0,true
255806152,IMO9410272,3024,3024,1.0,true
255806166,IMO9810329,24118,24118,1.0,true
255806167,IMO9713210,6364,6364,1.0,true
255806168,IMO9635248,6718,6718,1.0,true
255806169,IMO9465095,5815,5815,1.0,true
255806170,IMO9450363,26350,26350,1.0,true
255806176,IMO9785378,279,279,1.0,true
255806179,IMO9376907,570,570,1.0,true
255806180,IMO9238351,8267,8267,1.0,true
255806181,IMO9392092,5265,5265,1.0,true
255806182,IMO9810343,33466,33466,1.0,true
255806183,IMO9810331,28864,28864,1.0,true
255806184,IMO9810355,17561,17561,1.0,true
255806186,IMO9785392,580,580,1.0,true
255806187,IMO9789685,1038,1038,1.0,true
255806189,IMO9785407,574,574,1.0,true
255806202,IMO9813230,69,69,1.0,true
255806203,IMO9808845,3956,3956,1.0,true
255806204,IMO9667045,4241,4241,1.0,true
255806205,IMO9667057,669,669,1.0,true
255806206,IMO9623659,9308,9308,1.0,true
255806221,IMO9813242,948,948,1.0,true
255806223,IMO9589762,4370,4370,1.0,true
255806239,IMO9486427,1869,1869,1.0,true
255806240,IMO9504293,3645,3645,1.0,true
255806252,IMO9848998,270,270,1.0,true
255806254,IMO9849007,270,270,1.0,true
255806277,IMO9849813,3277,3277,1.0,true
255806281,IMO9849825,12050,12050,1.0,true
255806282,IMO9491367,5877,5877,1.0,true
255806283,IMO9480564,8716,8716,1.0,true
255806288,IMO9283954,6259,6259,1.0,true
255806289,IMO9317808,219,219,1.0,true
255806294,IMO9741877,1635,1635,1.0,true
255806295,IMO9596026,374,374,1.0,true
255806296,IMO9596040,905,905,1.0,true
255806297,IMO9741865,9298,9298,1.0,true
255806302,IMO9853046,8999,8999,1.0,true
255806304,IMO9252577,35515,35515,1.0,true
255806325,IMO9853034,1272,1272,1.0,true
255806326,IMO9853022,644,644,1.0,true
255806331,IMO9626168,7366,7366,1.0,true
255806335,IMO9857169,21877,21877,1.0,true
255806337,IMO9713234,4486,4486,1.0,true
255806338,IMO9857183,7878,7878,1.0,true
255806339,IMO9857157,29005,29005,1.0,true
255806340,IMO9857171,13272,13272,1.0,true
255806342,IMO9892482,8041,8041,1.0,true
255806343,IMO9892494,2863,2863,1.0,true
255806344,IMO9892523,1678,1678,1.0,true
255806351,IMO9897121,1107,1107,1.0,true
255806356,IMO9892509,2231,2231,1.0,true
255806358,IMO9892535,1719,1719,1.0,true
255806359,IMO9897133,1334,1334,1.0,true
255806362,IMO9289087,15398,15398,1.0,true
255806367,IMO9299537,26138,26138,1.0,true
255806368,IMO9631876,1874,1874,1.0,true
255806369,IMO9402079,15313,15313,1.0,true
255806376,IMO9289099,28093,28093,1.0,true
255806377,IMO9299525,37751,37751,1.0,true
255806378,IMO9676606,6154,6154,1.0,true
255806386,IMO9717668,12221,12221,1.0,true
255806388,IMO9676618,9199,9199,1.0,true
255806389,IMO9642370,2965,2965,1.0,true
255806430,IMO9724049,14791,14791,1.0,true
255806448,IMO9360764,15484,15484,1.0,true
255806449,IMO9362449,1012,1012,1.0,true
255806458,IMO9321897,4708,4708,1.0,true
255806467,IMO9802413,2177,2177,1.0,true
255806485,IMO9401166,6831,6831,1.0,true
255806487,IMO9705146,210,210,1.0,true
255806488,IMO9705158,7396,7396,1.0,true
255806489,IMO9704960,14743,14743,1.0,true
255806490,IMO9702065,3355,3355,1.0,true
255806491,IMO9702106,19220,19220,1.0,true
255806492,IMO9705005,17377,17377,1.0,true
255806493,IMO9702089,9800,9800,1.0,true
255806494,IMO9704972,31728,31728,1.0,true
255806496,IMO9710426,13319,13319,1.0,true
255806497,IMO9702077,12821,12821,1.0,true
255806498,IMO9704996,27005,27005,1.0,true
255806499,IMO9702261,10246,10246,1.0,true
255806500,IMO9704984,26537,26537,1.0,true
255806501,IMO9717670,5111,5111,1.0,true
255806502,IMO9793947,19471,19471,1.0,true
255806506,IMO9720457,25182,25182,1.0,true
255806507,IMO9720201,1177,1177,1.0,true
255806509,IMO9291406,1780,1780,1.0,true
255806516,IMO9387607,6336,6336,1.0,true
255806520,IMO9720196,9634,9634,1.0,true
255806521,IMO9720287,7228,7228,1.0,true
255870000,IMO9415246,2024,2024,1.0,true
255878000,IMO9414187,14233,14233,1.0,true
255903590,IMO9954151,5233,5233,1.0,true
255915562,IMO9621209,2103,2103,1.0,true
255915572,IMO9549566,255,255,1.0,true
255915593,IMO9672222,5160,5160,1.0,true
255915608,IMO9459955,264,264,1.0,true
255915615,IMO9197478,2575,2575,1.0,true
255915616,IMO9605152,4969,4969,1.0,true
255915618,IMO9447861,15267,15267,1.0,true
255915619,IMO9447885,20698,20698,1.0,true
255915620,IMO9952488,4776,4776,1.0,true
255915623,IMO9253155,3768,3768,1.0,true
255915639,IMO9589621,245,245,1.0,true
255915640,IMO9589633,509,509,1.0,true
255915643,IMO9952440,2001,2001,1.0,true
255915644,IMO9673630,6155,6155,1.0,true
255915661,IMO9954175,5026,5026,1.0,true
255915665,IMO9968920,771,771,1.0,true
255915669,IMO9995856,2433,2433,1.0,true
255915672,IMO9493755,16808,16808,1.0,true
255915675,IMO9952452,7071,7071,1.0,true
255915687,IMO9973688,17458,17458,1.0,true
255915688,IMO9973690,13820,13820,1.0,true
255915723,IMO9401661,20084,20084,1.0,true
255915727,IMO9952517,5394,5394,1.0,true
255915729,IMO9948645,5863,5863,1.0,true
255915734,IMO9963542,3586,3586,1.0,true
255915735,IMO9963554,10525,10525,1.0,true
255915761,IMO9773313,3452,3452,1.0,true
255915762,IMO9429754,4753,4753,1.0,true
255915781,IMO9598165,1637,1637,1.0,true
255915782,IMO9643180,7367,7367,1.0,true
255915792,IMO9535096,7679,7679,1.0,true
255915805,IMO9609330,1597,1597,1.0,true
255915807,IMO9855563,3125,3125,1.0,true
255915817,IMO9983695,4098,4098,1.0,true
255915818,IMO9983683,2166,2166,1.0,true
255915819,IMO9691589,10972,10972,1.0,true
255915824,IMO9623063,22,22,1.0,true
255915832,IMO9989924,3561,3561,1.0,true
255915838,IMO9430131,2123,2123,1.0,true
255915843,IMO9499723,9698,9698,1.0,true
255915870,IMO9430143,6984,6984,1.0,true
255915878,IMO9658783,8621,8621,1.0,true
255915892,IMO9541849,5538,5538,1.0,true
255915893,IMO9952402,1224,1224,1.0,true
255915904,IMO9728394,125,125,1.0,true
255915909,IMO9723954,3414,3414,1.0,true
255915911,IMO9906465,203,203,1.0,true
255915918,IMO9584310,7604,7604,1.0,true
255915951,IMO9494814,2110,2110,1.0,true
255915953,IMO9496173,3871,3871,1.0,true
255915963,IMO9712486,2885,2885,1.0,true
255916030,IMO9842827,236,236,1.0,true
255916032,IMO9589619,522,522,1.0,true
255916044,IMO9485784,2947,2947,1.0,true
255916045,IMO9485813,4001,4001,1.0,true
255916092,IMO9423516,1271,1271,1.0,true
255916095,IMO9465306,2895,2895,1.0,true
255916102,IMO9713404,962,962,1.0,true
255916113,IMO9902081,5697,5697,1.0,true
255916274,IMO9950129,1364,1364,1.0,true
255916276,IMO9969857,4253,4253,1.0,true
255916278,IMO9950117,1362,1362,1.0,true
255916291,IMO9485772,990,990,1.0,true
255916293,IMO9485837,2437,2437,1.0,true
255944000,IMO9942732,548,548,1.0,true
255975000,IMO9444285,21914,21914,1.0,true
255980000,IMO9288409,13909,13909,1.0,true
255994000,IMO9954163,4095,4095,1.0,true
255995000,IMO9954187,20602,20602,1.0,true
256001000,IMO9966831,2940,2940,1.0,true
256006000,IMO9966570,5705,5705,1.0,true
256011000,IMO9293806,26501,26501,1.0,true
256022000,IMO9323481,1061,1061,1.0,true
256028000,IMO9686326,2937,2937,1.0,true
256029000,IMO9013268,8365,8365,1.0,true
256035000,IMO9931159,7274,7274,1.0,true
256041000,IMO9235983,3119,3119,1.0,true
256042000,IMO9308194,9689,9689,1.0,true
256052000,IMO9936927,3416,3416,1.0,true
256056000,IMO9153771,202,202,1.0,true
256058000,IMO9250995,35483,35483,1.0,true
256062000,IMO9705067,10701,10701,1.0,true
256071000,IMO9322499,5003,5003,1.0,true
256075000,IMO9250971,21045,21045,1.0,true
256095000,IMO9331165,6839,6839,1.0,true
256104000,IMO9718117,4856,4856,1.0,true
256106000,IMO9718571,393,393,1.0,true
256144000,IMO9303780,20117,20117,1.0,true
256151000,IMO9480198,6343,6343,1.0,true
256163000,IMO9705079,16011,16011,1.0,true
256169000,IMO9705081,1442,1442,1.0,true
256170000,IMO9412830,21966,21966,1.0,true
256172000,IMO9480215,11082,11082,1.0,true
256175000,IMO9979474,303,303,1.0,true
256179000,IMO9979462,1128,1128,1.0,true
256189000,IMO9979486,2179,2179,1.0,true
256190000,IMO9979498,4147,4147,1.0,true
256198000,IMO9464780,810,810,1.0,true
256213000,IMO9674567,18332,18332,1.0,true
256256000,IMO8606264,2113,2113,1.0,true
256300000,IMO9436355,11308,11308,1.0,true
256311000,IMO9332884,2465,2465,1.0,true
256313000,IMO9698941,10468,10468,1.0,true
256317000,IMO9279513,5236,5236,1.0,true
256318000,IMO9343089,23831,23831,1.0,true
256346000,IMO8111958,3262,3262,1.0,true
256350000,IMO9578995,5319,5319,1.0,true
256389000,IMO9175901,494,494,1.0,true
256402000,IMO8610916,2302,2302,1.0,true
256408000,IMO9698214,349,349,1.0,true
256416000,IMO9381873,777,777,1.0,true
256426000,IMO9521825,1301,1301,1.0,true
256430000,IMO9354662,5244,5244,1.0,true
256433000,IMO9937294,345,345,1.0,true
256449000,IMO9732606,19629,19629,1.0,true
256458000,IMO9718208,524,524,1.0,true
256484000,IMO9663776,761,761,1.0,true
256490000,IMO9635640,5612,5612,1.0,true
256524000,IMO9722962,740,740,1.0,true
256542000,IMO9953717,185,185,1.0,true
256548000,IMO9365788,5633,5633,1.0,true
256558000,IMO9670107,918,918,1.0,true
256562000,IMO9381861,4950,4950,1.0,true
256566000,IMO9722974,267,267,1.0,true
256567000,IMO9480174,7770,7770,1.0,true
256570000,IMO9295373,19699,19699,1.0,true
256572000,IMO9356696,21131,21131,1.0,true
256573000,IMO9480186,18916,18916,1.0,true
256576000,IMO9525924,4042,4042,1.0,true
256592000,IMO9951525,18355,19793,0.927348052341737,true
256604000,IMO9436367,33052,33052,1.0,true
256606000,IMO9726243,668,668,1.0,true
256608000,IMO9607291,1766,1766,1.0,true
256615000,IMO8517994,5555,5555,1.0,true
256617000,IMO9660097,14183,14183,1.0,true
256621000,IMO9747651,3055,3055,1.0,true
256624000,IMO9744764,221,221,1.0,true
256631000,IMO9701360,227,227,1.0,true
256636000,IMO9969912,4129,4129,1.0,true
256638000,IMO9468152,2755,2755,1.0,true
256644000,IMO9722651,9065,9065,1.0,true
256651000,IMO9938327,1442,1442,1.0,true
256663000,IMO9623702,221,221,1.0,true
256671000,IMO9705328,15584,15584,1.0,true
256672000,IMO9545065,3361,3361,1.0,true
256676000,IMO9951537,8615,8615,1.0,true
256680000,IMO9111371,1335,1335,1.0,true
256682000,IMO9595840,2706,2706,1.0,true
256685000,IMO9968487,5164,5164,1.0,true
256687000,IMO9436379,44944,44944,1.0,true
256713000,IMO9486465,2112,2112,1.0,true
256715000,IMO9978597,706,706,1.0,true
256740000,IMO9397494,4989,4989,1.0,true
256763000,IMO9723277,2250,2250,1.0,true
256772000,IMO9500273,7771,7771,1.0,true
256780000,IMO8311091,231,231,1.0,true
256785000,IMO9552343,1602,1602,1.0,true
256787000,IMO9951551,18902,18902,1.0,true
256788000,IMO9951549,15016,15016,1.0,true
256820000,IMO9695640,6939,6939,1.0,true
256840000,IMO1039369,554,554,1.0,true
256843000,IMO9970014,7026,7026,1.0,true
256845000,IMO9970026,10234,10234,1.0,true
256847000,IMO9969998,8306,8306,1.0,true
256850000,IMO9231145,10276,10276,1.0,true
256854000,IMO9953793,166,166,1.0,true
256855000,IMO9450624,17302,17302,1.0,true
256856000,IMO9970002,12253,12253,1.0,true
256868000,IMO9703813,231,231,1.0,true
256871000,IMO9618317,5361,5361,1.0,true
256884000,IMO9938341,242,242,1.0,true
256888000,IMO9473028,30431,30431,1.0,true
256889000,IMO9691034,1105,1105,1.0,true
256892000,IMO9691046,817,817,1.0,true
256916000,IMO9295165,2245,2245,1.0,true
256919000,IMO9698202,963,963,1.0,true
256930000,IMO9305594,19626,19626,1.0,true
256932000,IMO9308510,6335,6335,1.0,true
256937000,IMO9308508,24941,24941,1.0,true
256938000,IMO9305582,11458,11458,1.0,true
256940000,IMO9305570,3760,3760,1.0,true
256948000,IMO9975246,8963,8963,1.0,true
256950000,IMO9975234,6997,6997,1.0,true
256959000,IMO8707771,6453,6453,1.0,true
256978000,IMO9712955,2607,2607,1.0,true
256979000,IMO9938353,162,162,1.0,true
256989000,IMO9327798,3609,3609,1.0,true
256995000,IMO9295220,4992,4992,1.0,true
256998000,IMO9354791,311,311,1.0,true
257073000,IMO9801299,2485,2485,1.0,true
257085720,IMO9414917,11230,11230,1.0,true
257087080,IMO9495935,32855,32855,1.0,true
257091890,IMO9186235,1123,1123,1.0,true
257160000,IMO9762857,8135,8135,1.0,true
257242000,IMO9515412,12810,12810,1.0,true
257248000,IMO9176577,1495,1495,1.0,true
257263000,IMO9122655,5560,5560,1.0,true
257264000,IMO9138525,3252,3252,1.0,true
257268000,IMO9605798,1573,1573,1.0,true
257269000,IMO9070450,886,886,1.0,true
257277000,IMO9401972,20256,20256,1.0,true
257310000,IMO9396127,13209,13209,1.0,true
257316000,IMO9289013,27315,27315,1.0,true
257323000,IMO9299276,9265,9265,1.0,true
257325000,IMO9299288,2900,2900,1.0,true
257328000,IMO9254642,8896,8896,1.0,true
257350000,IMO9396139,994,994,1.0,true
257365000,IMO9355525,819,819,1.0,true
257366000,IMO9420045,2381,2381,1.0,true
257368000,IMO9420057,1774,1774,1.0,true
257394000,IMO9401855,6512,6512,1.0,true
257407000,IMO9852731,2784,2784,1.0,true
257408000,IMO9285483,3101,3101,1.0,true
257424000,IMO9182954,15844,15844,1.0,true
257432000,IMO9589956,19420,19420,1.0,true
257435000,IMO9589968,19686,19686,1.0,true
257450000,IMO8018168,15440,15440,1.0,true
257457000,IMO9396141,3363,3363,1.0,true
257470000,IMO9485796,20419,20419,1.0,true
257474000,IMO9485801,10553,10553,1.0,true
257478000,IMO9485784,17463,17463,1.0,true
257480000,IMO9485813,13731,13731,1.0,true
257481000,IMO9485825,15511,15511,1.0,true
257482000,IMO9485758,22062,22062,1.0,true
257484000,IMO9485772,18537,18537,1.0,true
257486000,IMO9485837,12399,12399,1.0,true
257496000,IMO9285495,2942,2942,1.0,true
257497000,IMO8204951,8573,8573,1.0,true
257502000,IMO9764063,5714,5714,1.0,true
257507000,IMO9126455,92,92,1.0,true
257515000,IMO7507253,1962,1962,1.0,true
257516000,IMO9371086,104,104,1.0,true
257523000,IMO9687174,7549,7549,1.0,true
257527000,IMO9186209,219,219,1.0,true
257530000,IMO9249295,644,644,1.0,true
257532000,IMO9182966,551,551,1.0,true
257533000,IMO9185463,179,179,1.0,true
257534000,IMO9186223,434,434,1.0,true
257535000,IMO9401790,410,410,1.0,true
257536000,IMO9401805,75,75,1.0,true
257548000,IMO9186211,429,429,1.0,true
257560000,IMO9295830,1400,1400,1.0,true
257565000,IMO9191307,25458,25458,1.0,true
257593000,IMO9557111,12651,12651,1.0,true
257613000,IMO9191319,30430,30430,1.0,true
257615000,IMO9182978,21058,21058,1.0,true
257620000,IMO9881380,3143,3143,1.0,true
257654000,IMO9493975,8337,8337,1.0,true
257661000,IMO9396153,1155,1155,1.0,true
257672000,IMO9191321,25723,25723,1.0,true
257674000,IMO9431836,185,185,1.0,true
257711000,IMO9191876,3128,3128,1.0,true
257712000,IMO9176395,3799,3799,1.0,true
257713000,IMO9075709,1553,1553,1.0,true
257714000,IMO9075711,1568,1568,1.0,true
257732000,IMO9409338,1185,1185,1.0,true
257758000,IMO9218648,26204,26204,1.0,true
257761000,IMO9367554,6430,6430,1.0,true
257763000,IMO9962677,181,181,1.0,true
257768000,IMO9669213,4957,4957,1.0,true
257771000,IMO9738208,1414,1414,1.0,true
257774000,IMO9724764,474,474,1.0,true
257791000,IMO9911654,2407,2407,1.0,true
257795000,IMO9307578,6521,6521,1.0,true
257798000,IMO7710410,2599,2636,0.9859635811836115,true
257801000,IMO9307580,6504,6504,1.0,true
257807000,IMO9299290,518,518,1.0,true
257818000,IMO9698197,13080,13080,1.0,true
257831000,IMO9748461,5957,5957,1.0,true
257842000,IMO9593854,1644,1644,1.0,true
257844000,IMO9593866,2687,2687,1.0,true
257864000,IMO9684976,1517,1517,1.0,true
257869000,IMO9312470,1922,1922,1.0,true
257881000,IMO9701920,289,289,1.0,true
257887000,IMO1041831,882,882,1.0,true
257891000,IMO9701932,22666,22666,1.0,true
257953000,IMO9873278,506,506,1.0,true
257972000,IMO9744051,638,638,1.0,true
258002000,IMO9908475,3377,3377,1.0,true
258003000,IMO9801249,392,392,1.0,true
258005000,IMO9616840,4369,4369,1.0,true
258007000,IMO9603805,1810,1810,1.0,true
258008000,IMO9603790,6925,6925,1.0,true
258009000,IMO9593907,1587,1587,1.0,true
258011000,IMO9593892,1154,1154,1.0,true
258014000,IMO9593878,1583,1583,1.0,true
258030000,IMO9873280,8091,8091,1.0,true
258071000,IMO9951989,683,683,1.0,true
258075000,IMO9734989,841,841,1.0,true
258097000,IMO9744063,1324,1324,1.0,true
258102000,IMO9744087,214,214,1.0,true
258106000,IMO9295842,1576,1576,1.0,true
258136000,IMO9720847,17575,17575,1.0,true
258151000,IMO9719666,13476,13476,1.0,true
258251000,IMO9735000,1056,1056,1.0,true
258288000,IMO9744075,753,753,1.0,true
258297000,IMO9744104,431,431,1.0,true
258389000,IMO9684988,243,243,1.0,true
258491000,IMO9724776,7893,7893,1.0,true
258628000,IMO9684990,2674,2674,1.0,true
258720000,IMO9318474,732,732,1.0,true
258734000,IMO9310513,8234,8234,1.0,true
258758000,IMO9312482,950,950,1.0,true
258774000,IMO9186302,1464,1464,1.0,true
258775000,IMO9734991,848,848,1.0,true
258872000,IMO9706918,1135,1135,1.0,true
258882000,IMO9171280,1762,1762,1.0,true
258954000,IMO9071557,6608,6608,1.0,true
258964000,IMO9071569,7093,7093,1.0,true
258975000,IMO9673381,703,703,1.0,true
258977000,IMO9673379,1914,1914,1.0,true
258981000,IMO9342205,1304,1304,1.0,true
259001000,IMO9179725,5277,5277,1.0,true
259006000,IMO9484845,2066,2066,1.0,true
259023000,IMO9138513,7778,7778,1.0,true
259024000,IMO9515395,13560,13560,1.0,true
259075000,IMO9710737,476,476,1.0,true
259093000,IMO9490791,11791,11791,1.0,true
259099000,IMO9490870,14662,14662,1.0,true
259135000,IMO9698185,7420,7420,1.0,true
259164000,IMO9432490,10943,10943,1.0,true
259165000,IMO9774850,601,601,1.0,true
259274000,IMO9710749,1325,1325,1.0,true
259303000,IMO9762845,183,183,1.0,true
259545000,IMO9490844,5200,5200,1.0,true
259645000,IMO9207510,3171,3171,1.0,true
259701000,IMO9490806,13688,13688,1.0,true
259705000,IMO9155303,1743,1743,1.0,true
259709000,IMO9368912,88,88,1.0,true
259725000,IMO9103128,1950,1950,1.0,true
259732000,IMO9384540,16165,16165,1.0,true
259733000,IMO7931454,1240,1240,1.0,true
259739000,IMO9382396,178,178,1.0,true
259795000,IMO9475181,6666,6666,1.0,true
259805000,IMO9377511,9492,9492,1.0,true
259885000,IMO9103130,4524,4524,1.0,true
259895000,IMO9377523,11502,11502,1.0,true
259951000,IMO9520936,18375,18375,1.0,true
259976000,IMO9430519,3459,3459,1.0,true
262005000,IMO9575981,18688,18688,1.0,true
262006000,IMO9582427,6535,6535,1.0,true
262007000,IMO9693496,886,886,1.0,true
262008000,IMO9693501,6039,6039,1.0,true
265012000,IMO9700524,4826,4826,1.0,true
265021000,IMO7616250,4933,4933,1.0,true
265050000,IMO9945590,963,963,1.0,true
265055000,IMO9945617,357,357,1.0,true
265491000,IMO9189251,5102,5102,1.0,true
265827240,IMO9731640,8158,8158,1.0,true
265884000,IMO9240160,6104,6104,1.0,true
266261000,IMO9332937,9778,9778,1.0,true
266282000,IMO9377494,8303,8303,1.0,true
266283000,IMO9377509,5826,5826,1.0,true
266338000,IMO9505041,11046,11046,1.0,true
266339000,IMO9505027,13956,13956,1.0,true
269021000,IMO9539377,3808,3808,1.0,true
269023000,IMO9493963,9362,9362,1.0,true
269025000,IMO9583110,4097,4097,1.0,true
269038000,IMO9520950,1794,1794,1.0,true
269047000,IMO9775373,2177,2177,1.0,true
269056000,IMO9710048,5705,5705,1.0,true
269066000,IMO9775385,12062,12062,1.0,true
269084000,IMO9694945,8262,8262,1.0,true
269085000,IMO9694933,29281,29281,1.0,true
269095000,IMO9731248,210,210,1.0,true
269308000,IMO9694921,4423,4423,1.0,true
269837000,IMO9542829,5161,5161,1.0,true
271001254,IMO9245249,5229,5229,1.0,true
271002721,IMO9224673,596,596,1.0,true
271042325,IMO9574169,3822,3822,1.0,true
271042433,IMO9365855,49274,49274,1.0,true
271042759,IMO9365867,56545,56545,1.0,true
271042805,IMO9442500,5081,5081,1.0,true
271043028,IMO9365879,57265,57265,1.0,true
271043241,IMO9108257,65188,65188,1.0,true
271044570,IMO9740653,1264,1264,1.0,true
271048031,IMO9550321,4679,4679,1.0,true
271051270,IMO9370795,3243,3243,1.0,true
271052065,IMO9336036,44757,44757,1.0,true
273291380,IMO9436331,1014,1014,1.0,true
275542000,IMO9962964,654,654,1.0,true
303189000,IMO9215696,6717,6717,1.0,true
303210000,IMO9316139,39852,39852,1.0,true
303340000,IMO9526502,22486,22486,1.0,true
303348100,IMO8862739,608,608,1.0,true
303352000,IMO9295220,29045,29045,1.0,true
303411000,IMO9097288,24345,24345,1.0,true
303436000,IMO9043835,23385,23385,1.0,true
303530000,IMO9505089,5500,5500,1.0,true
303553000,IMO9730309,247,247,1.0,true
303582000,IMO9629988,4940,4940,1.0,true
303583000,IMO9938327,8466,8466,1.0,true
303584000,IMO9273686,28214,28214,1.0,true
303657000,IMO9333010,64014,64014,1.0,true
303829025,IMO9578971,1756,1756,1.0,true
303829026,IMO9578983,101060,101060,1.0,true
303829046,IMO9578969,79211,79211,1.0,true
303845000,IMO9232242,61103,61103,1.0,true
303923000,IMO8211306,24091,24091,1.0,true
303924000,IMO8211291,3090,3090,1.0,true
303932000,IMO7826178,473,473,1.0,true
303940000,IMO7826166,50377,50377,1.0,true
304010228,IMO9197466,10012,10012,1.0,true
304010886,IMO9193800,31488,31488,1.0,true
304010983,IMO9204934,35901,35901,1.0,true
304043000,IMO9436329,12709,12709,1.0,true
304053000,IMO9508419,4431,4431,1.0,true
304060000,IMO9266566,13052,13052,1.0,true
304080796,IMO9147681,4976,4976,1.0,true
304094000,IMO9700392,7301,7301,1.0,true
304122000,IMO9355434,497,497,1.0,true
304127000,IMO9347841,7900,7900,1.0,true
304161000,IMO9539377,5375,5375,1.0,true
304200000,IMO9362633,13327,13327,1.0,true
304251000,IMO9228617,347,347,1.0,true
304262000,IMO9346421,465,465,1.0,true
304330000,IMO9473248,2516,2516,1.0,true
304332000,IMO9473236,5261,5261,1.0,true
304342000,IMO9736183,2063,2063,1.0,true
304343000,IMO9736195,2364,2364,1.0,true
304364000,IMO9239288,2596,2596,1.0,true
304373000,IMO9235385,12960,12960,1.0,true
304460000,IMO9252876,12559,12559,1.0,true
304479000,IMO9266308,2718,2718,1.0,true
304489000,IMO9413901,5184,5184,1.0,true
304509000,IMO9508407,1115,1115,1.0,true
304512000,IMO9266310,2631,2631,1.0,true
304519000,IMO9885283,1183,1183,1.0,true
304521000,IMO9415143,1581,1581,1.0,true
304523000,IMO9885295,692,692,1.0,true
304543000,IMO9885300,4277,4304,0.9937267657992565,true
304571000,IMO9463578,8288,8288,1.0,true
304577000,IMO9266554,21,21,1.0,true
304580000,IMO9372925,2655,2655,1.0,true
304581000,IMO9415040,2090,2090,1.0,true
304587000,IMO9290074,8413,8413,1.0,true
304596000,IMO9061253,1400,1400,1.0,true
304599000,IMO9521849,1023,1023,1.0,true
304603000,IMO9283538,1645,1645,1.0,true
304617000,IMO9685097,4776,4776,1.0,true
304676000,IMO9294977,1489,1489,1.0,true
304679000,IMO9291963,4640,4640,1.0,true
304726000,IMO9283966,5191,5191,1.0,true
304746000,IMO9291975,6575,6575,1.0,true
304813000,IMO9238686,15464,15464,1.0,true
304824000,IMO9812004,14230,14230,1.0,true
304869000,IMO9349289,1929,1929,1.0,true
304881000,IMO9362621,17533,17533,1.0,true
304882000,IMO9081289,598,598,1.0,true
304883000,IMO9736200,9290,9290,1.0,true
304888000,IMO9736212,3338,3338,1.0,true
304906000,IMO9344239,356,356,1.0,true
304909000,IMO9356414,831,831,1.0,true
304918000,IMO9081320,481,481,1.0,true
304939000,IMO9329643,3111,3111,1.0,true
304948000,IMO9430222,2321,2321,1.0,true
304954000,IMO9347827,4390,4390,1.0,true
304959000,IMO9431331,1672,1672,1.0,true
304968000,IMO9347047,2547,2547,1.0,true
304994000,IMO9347839,14284,14284,1.0,true
305024000,IMO9369069,7605,7605,1.0,true
305030000,IMO9614701,8234,8234,1.0,true
305034000,IMO9347853,4683,4683,1.0,true
305048000,IMO9427079,9730,9730,1.0,true
305056000,IMO9357200,7998,7998,1.0,true
305063000,IMO9388883,4795,4795,1.0,true
305065000,IMO9337236,7886,7886,1.0,true
305066000,IMO9384318,7562,7562,1.0,true
305075000,IMO9333058,1965,1965,1.0,true
305081000,IMO9963401,1503,1503,1.0,true
305086000,IMO9963413,5248,5714,0.9184459222961148,true
305087000,IMO9428786,629,629,1.0,true
305089000,IMO9344370,1781,1781,1.0,true
305097000,IMO9421116,5232,5232,1.0,true
305108000,IMO9427081,548,548,1.0,true
305113000,IMO9369071,2170,2170,1.0,true
305121000,IMO9303314,5228,5228,1.0,true
305122000,IMO9934266,493,493,1.0,true
305131000,IMO9964429,614,614,1.0,true
305140000,IMO9355472,736,736,1.0,true
305141000,IMO9500077,7296,7296,1.0,true
305146000,IMO9213935,11891,11891,1.0,true
305152000,IMO9360192,15878,15878,1.0,true
305157000,IMO9213959,19941,19941,1.0,true
305159000,IMO9357224,5409,5409,1.0,true
305160000,IMO9357236,3807,3807,1.0,true
305161000,IMO9435105,10093,10093,1.0,true
305164000,IMO9376488,2383,2383,1.0,true
305172000,IMO9435026,4842,4842,1.0,true
305176000,IMO9344394,9712,9712,1.0,true
305177000,IMO9402055,7566,7566,1.0,true
305179000,IMO9193812,47299,47299,1.0,true
305187000,IMO9360207,6459,6459,1.0,true
305204000,IMO9370109,2301,2301,1.0,true
305205000,IMO9370111,4917,4917,1.0,true
305222000,IMO9402067,4552,4552,1.0,true
305230000,IMO9415296,1189,1189,1.0,true
305245000,IMO9435117,8888,8888,1.0,true
305246000,IMO9435129,21418,21418,1.0,true
305276000,IMO9614696,17149,17149,1.0,true
305277000,IMO9346005,4064,4064,1.0,true
305293000,IMO9386988,10674,10674,1.0,true
305302000,IMO9433327,4777,4777,1.0,true
305305000,IMO9438573,2210,2210,1.0,true
305315000,IMO9369095,6186,6186,1.0,true
305343000,IMO9407574,11371,11371,1.0,true
305345000,IMO9311787,9154,9154,1.0,true
305347000,IMO9311775,4187,4187,1.0,true
305361000,IMO9435856,1702,1702,1.0,true
305366000,IMO9484194,368,368,1.0,true
305367000,IMO9484209,1590,1590,1.0,true
305372000,IMO9436965,2045,2045,1.0,true
305375000,IMO9438585,3263,3263,1.0,true
305380000,IMO9500053,9963,9963,1.0,true
305392000,IMO9407586,8093,8093,1.0,true
305404000,IMO9435868,2403,2403,1.0,true
305410000,IMO9500065,1466,1466,1.0,true
305413000,IMO9467017,678,678,1.0,true
305434000,IMO9736224,2863,2863,1.0,true
305459000,IMO9433298,6281,6281,1.0,true
305460000,IMO9501241,18810,18810,1.0,true
305461000,IMO9501253,4855,4855,1.0,true
305462000,IMO9501265,6547,6547,1.0,true
305463000,IMO9501277,18955,18955,1.0,true
305469000,IMO9468085,3269,3269,1.0,true
305470000,IMO9468097,8238,8238,1.0,true
305472000,IMO9407598,6545,6545,1.0,true
305480000,IMO9501863,505,505,1.0,true
305514000,IMO9474371,7964,7964,1.0,true
305529000,IMO9508304,5586,5586,1.0,true
305533000,IMO9501875,1163,1163,1.0,true
305535000,IMO9546796,2168,2168,1.0,true
305536000,IMO9407603,8807,8807,1.0,true
305538000,IMO9445887,4615,4615,1.0,true
305540000,IMO9944778,1351,1351,1.0,true
305543000,IMO9736236,1274,1274,1.0,true
305546000,IMO9484223,5590,5590,1.0,true
305560000,IMO9511636,3505,3505,1.0,true
305561000,IMO9511648,2123,2123,1.0,true
305590000,IMO9508380,6826,6826,1.0,true
305598000,IMO9535591,1435,1435,1.0,true
305616000,IMO9457103,4712,4712,1.0,true
305621000,IMO9505510,3900,3900,1.0,true
305623000,IMO9202091,4457,4457,1.0,true
305624000,IMO9605891,2321,2321,1.0,true
305625000,IMO9593658,11224,11224,1.0,true
305630000,IMO9593660,4047,4047,1.0,true
305653000,IMO9434931,585,585,1.0,true
305655000,IMO9517422,213,213,1.0,true
305656000,IMO9535606,9438,9438,1.0,true
305657000,IMO9605906,13877,13877,1.0,true
305663000,IMO9506734,2575,2575,1.0,true
305669000,IMO9484235,252,252,1.0,true
305679000,IMO9467005,751,751,1.0,true
305682000,IMO9571375,10224,10224,1.0,true
305691000,IMO9512381,504,504,1.0,true
305700000,IMO9535618,6856,6856,1.0,true
305703000,IMO9484247,1381,1381,1.0,true
305716000,IMO1056264,1263,1263,1.0,true
305717000,IMO9563706,6804,6804,1.0,true
305718000,IMO9504724,1800,1800,1.0,true
305719000,IMO9504736,1024,1024,1.0,true
305737000,IMO9620669,10667,10667,1.0,true
305738000,IMO9620657,2625,2625,1.0,true
305740000,IMO9506746,3577,3577,1.0,true
305749000,IMO9559872,6964,6964,1.0,true
305755000,IMO9571387,3201,3201,1.0,true
305756000,IMO9571399,10229,10229,1.0,true
305757000,IMO9508421,1525,1525,1.0,true
305760000,IMO1056288,1676,1676,1.0,true
305767000,IMO9415052,1001,1001,1.0,true
305776000,IMO9506758,4746,4746,1.0,true
305790000,IMO9362827,21631,21631,1.0,true
305792000,IMO9508433,7333,7333,1.0,true
305796000,IMO9539389,13784,13784,1.0,true
305799000,IMO9290048,5718,5718,1.0,true
305803000,IMO9811983,5140,5140,1.0,true
305806000,IMO9811995,6640,6640,1.0,true
305822000,IMO9559884,5641,5641,1.0,true
305823000,IMO9508457,9269,9269,1.0,true
305825000,IMO9559896,3968,3968,1.0,true
305826000,IMO9559901,1528,1528,1.0,true
305853000,IMO9563720,3372,3372,1.0,true
305854000,IMO9504748,3486,3486,1.0,true
305855000,IMO9504786,3408,3408,1.0,true
305856000,IMO9563732,5546,5546,1.0,true
305859000,IMO9504798,1826,1826,1.0,true
305864000,IMO9508469,2863,2863,1.0,true
305865000,IMO9508471,7372,7372,1.0,true
305866000,IMO9415064,2039,2039,1.0,true
305869000,IMO9549566,518,518,1.0,true
305885000,IMO9508483,4243,4243,1.0,true
305908000,IMO9563744,3366,3366,1.0,true
305931000,IMO9240548,41,41,1.0,true
305933000,IMO9549592,2007,2007,1.0,true
305955000,IMO9452218,3931,3931,1.0,true
305961000,IMO9631345,6999,6999,1.0,true
305962000,IMO9255725,2679,2679,1.0,true
305969000,IMO9634684,2397,2397,1.0,true
305996000,IMO9583055,2547,2547,1.0,true
305997000,IMO9506148,848,848,1.0,true
306039000,IMO9618783,2310,2310,1.0,true
308015000,IMO9321249,23718,23718,1.0,true
308090000,IMO9015187,3817,3817,1.0,true
308124000,IMO9015216,5752,5752,1.0,true
308126000,IMO9030149,2865,2865,1.0,true
308299000,IMO7915412,4600,4600,1.0,true
308369000,IMO9357315,4313,4313,1.0,true
308397000,IMO8007793,5939,5939,1.0,true
308438000,IMO9030137,6329,6329,1.0,true
308599000,IMO9311854,6280,6280,1.0,true
308695000,IMO8308147,4163,4163,1.0,true
308717000,IMO9138094,6603,6603,1.0,true
308726000,IMO9210438,251,251,1.0,true
308808000,IMO9361809,447,447,1.0,true
308876000,IMO9320336,6695,6695,1.0,true
308921000,IMO9311866,3796,3796,1.0,true
308976000,IMO7926162,71063,71063,1.0,true
309046000,IMO9321237,33406,33406,1.0,true
309075000,IMO9014755,2264,2264,1.0,true
309108000,IMO9357298,4526,4526,1.0,true
309116000,IMO9377717,1264,1264,1.0,true
309193000,IMO9007489,8882,8882,1.0,true
309253000,IMO9357303,4631,4631,1.0,true
309285000,IMO9318498,3026,3026,1.0,true
309369000,IMO9338826,4025,4025,1.0,true
309509000,IMO9338620,757,757,1.0,true
309587000,IMO9107306,312,312,1.0,true
309689000,IMO8912120,1555,1555,1.0,true
309716000,IMO9014767,2513,2513,1.0,true
309761000,IMO9107318,2101,2101,1.0,true
309764000,IMO9077082,4818,4818,1.0,true
309785000,IMO9143740,172,172,1.0,true
309822000,IMO7926174,2803,2803,1.0,true
309841000,IMO9008732,3217,3217,1.0,true
309847000,IMO9327748,4829,4829,1.0,true
309901000,IMO9321251,32097,32097,1.0,true
309905000,IMO9357327,5353,5353,1.0,true
309955000,IMO9318503,3382,3382,1.0,true
309996000,IMO9151826,470,470,1.0,true
310132000,IMO9108128,1738,1738,1.0,true
310133000,IMO9108130,742,742,1.0,true
310764000,IMO9143544,41236,41236,1.0,true
310765000,IMO9143568,41048,41048,1.0,true
310768000,IMO9143556,920,920,1.0,true
310825000,IMO9232577,7486,7486,1.0,true
310847000,IMO9558218,251,251,1.0,true
311000076,IMO9585558,10946,10946,1.0,true
311000080,IMO9601168,1974,1974,1.0,true
311000083,IMO9529530,1189,1189,1.0,true
311000085,IMO9650937,8916,8916,1.0,true
311000092,IMO9515228,3155,3155,1.0,true
311000101,IMO9441623,4725,4725,1.0,true
311000102,IMO9672416,1523,1523,1.0,true
311000103,IMO9660798,3131,3131,1.0,true
311000104,IMO9672404,1511,1511,1.0,true
311000114,IMO9607083,2076,2076,1.0,true
311000119,IMO9649031,291,291,1.0,true
311000131,IMO9696096,336,336,1.0,true
311000137,IMO9660061,2654,2654,1.0,true
311000144,IMO9658941,2449,2449,1.0,true
311000153,IMO9635456,11933,11933,1.0,true
311000157,IMO9336880,3407,3407,1.0,true
311000187,IMO9690523,703,703,1.0,true
311000188,IMO9690535,533,533,1.0,true
311000193,IMO9567740,819,819,1.0,true
311000195,IMO9635468,9769,9769,1.0,true
311000206,IMO9682760,4385,4385,1.0,true
311000235,IMO9687162,3910,3910,1.0,true
311000239,IMO9636436,1963,1963,1.0,true
311000243,IMO9700287,2633,2633,1.0,true
311000296,IMO9489168,1026,1026,1.0,true
311000298,IMO9412294,3500,3500,1.0,true
311000315,IMO9692789,203,203,1.0,true
311000316,IMO9692777,4102,4102,1.0,true
311000321,IMO9690547,1386,1386,1.0,true
311000322,IMO9690559,278,278,1.0,true
311000327,IMO9731236,12970,12970,1.0,true
311000342,IMO9727405,3173,3173,1.0,true
311000368,IMO9138111,8055,8055,1.0,true
311000376,IMO9737058,1978,1978,1.0,true
311000384,IMO9738753,11032,11032,1.0,true
311000398,IMO9589683,1694,1694,1.0,true
311000400,IMO9726023,10078,10078,1.0,true
311000403,IMO9710139,10343,10343,1.0,true
311000408,IMO9731224,18679,18679,1.0,true
311000421,IMO9228734,23835,23835,1.0,true
311000424,IMO9755737,5628,5628,1.0,true
311000427,IMO9731822,24877,24877,1.0,true
311000430,IMO9574858,22,22,1.0,true
311000441,IMO9701267,880,880,1.0,true
311000442,IMO9701255,1762,1762,1.0,true
311000458,IMO9736810,205,205,1.0,true
311000459,IMO9736808,1041,1041,1.0,true
311000508,IMO9600982,6145,6145,1.0,true
311000537,IMO9767431,791,791,1.0,true
311000541,IMO9782209,23303,23303,1.0,true
311000552,IMO9726035,6979,6979,1.0,true
311000558,IMO9767728,761,761,1.0,true
311000565,IMO9790919,2340,2340,1.0,true
311000566,IMO9749996,5885,5885,1.0,true
311000570,IMO9726047,970,970,1.0,true
311000584,IMO9742455,37225,37225,1.0,true
311000614,IMO9773313,7037,7037,1.0,true
311000622,IMO9749295,319,319,1.0,true
311000624,IMO9539729,762,762,1.0,true
311000630,IMO9523251,4930,4930,1.0,true
311000641,IMO9817561,3865,3865,1.0,true
311000646,IMO9770543,15377,15377,1.0,true
311000651,IMO9729025,4141,4141,1.0,true
311000663,IMO9801263,8209,8209,1.0,true
311000673,IMO9363273,879,879,1.0,true
311000685,IMO9336086,2215,2215,1.0,true
311000705,IMO9336062,3730,3730,1.0,true
311000713,IMO9795971,5026,5026,1.0,true
311000715,IMO9580118,5686,5686,1.0,true
311000716,IMO9828297,9319,9319,1.0,true
311000724,IMO9143099,1821,1821,1.0,true
311000732,IMO9843364,1744,1744,1.0,true
311000738,IMO9401829,12341,12341,1.0,true
311000756,IMO9550266,65,65,1.0,true
311000767,IMO9370381,43989,43989,1.0,true
311000779,IMO9770555,2822,2822,1.0,true
311000782,IMO9128049,4785,4785,1.0,true
311000788,IMO9191498,1170,1170,1.0,true
311000789,IMO9636448,3993,3993,1.0,true
311000791,IMO9128051,2175,2175,1.0,true
311000796,IMO9159103,3983,3983,1.0,true
311000804,IMO9191474,22934,22934,1.0,true
311000808,IMO9405162,10087,10087,1.0,true
311000813,IMO9749233,5150,5150,1.0,true
311000824,IMO9738870,12354,12354,1.0,true
311000825,IMO9401879,3542,3542,1.0,true
311000832,IMO9867059,2073,2073,1.0,true
311000834,IMO9181168,5524,5524,1.0,true
311000841,IMO9713961,4739,4739,1.0,true
311000847,IMO9837298,3109,3109,1.0,true
311000853,IMO9765861,42351,42351,1.0,true
311000855,IMO9159115,4484,4484,1.0,true
311000857,IMO9363663,3295,3295,1.0,true
311000859,IMO9748071,11318,11318,1.0,true
311000876,IMO9330056,49676,49676,1.0,true
311000877,IMO9852705,10790,10790,1.0,true
311000886,IMO9612313,1294,1294,1.0,true
311000897,IMO9710579,17425,17425,1.0,true
311000898,IMO9710567,21855,21855,1.0,true
311000899,IMO9401984,16528,16528,1.0,true
311000905,IMO9183776,60138,60138,1.0,true
311000906,IMO9120334,585,585,1.0,true
311000907,IMO9138109,5417,5417,1.0,true
311000921,IMO9356309,6957,6957,1.0,true
311000922,IMO9356311,9948,9948,1.0,true
311000923,IMO9454436,32765,32765,1.0,true
311000924,IMO9527518,1,1,1.0,true
311000933,IMO9478482,13521,13521,1.0,true
311000972,IMO9016674,2807,2807,1.0,true
311000980,IMO9623051,835,835,1.0,true
311000985,IMO9691498,13433,13433,1.0,true
311000991,IMO9887346,237,237,1.0,true
311000992,IMO8802090,3507,3507,1.0,true
311000996,IMO9573804,191,191,1.0,true
311001003,IMO8909070,6218,6218,1.0,true
311001014,IMO9641819,7170,7170,1.0,true
311001015,IMO9186780,3882,3882,1.0,true
311001022,IMO9696852,9359,9359,1.0,true
311001027,IMO9160724,3573,3573,1.0,true
311001032,IMO9339442,1481,1481,1.0,true
311001036,IMO9541813,7527,7527,1.0,true
311001070,IMO9687136,5864,5864,1.0,true
311001071,IMO9687148,2173,2173,1.0,true
311001073,IMO8706777,4259,4259,1.0,true
311001075,IMO9696797,17071,17071,1.0,true
311001076,IMO8311120,1994,1994,1.0,true
311001077,IMO8311118,1702,1702,1.0,true
311001082,IMO9522817,14590,14590,1.0,true
311001083,IMO9167801,3564,3564,1.0,true
311001084,IMO9172959,8822,8822,1.0,true
311001087,IMO9460801,13982,13982,1.0,true
311001110,IMO9401831,6952,6952,1.0,true
311001124,IMO9324150,2194,2194,1.0,true
311001132,IMO9668934,1080,1080,1.0,true
311001134,IMO9527960,1878,1878,1.0,true
311001136,IMO9460796,18846,18846,1.0,true
311001144,IMO9832432,1530,1530,1.0,true
311001156,IMO9652569,3925,3925,1.0,true
311001163,IMO1015466,312,312,1.0,true
311001188,IMO9733284,1620,1620,1.0,true
311001214,IMO9510371,410,410,1.0,true
311001216,IMO9691046,594,594,1.0,true
311001218,IMO9275050,2718,2718,1.0,true
311001220,IMO9452907,11916,11916,1.0,true
311001244,IMO9227027,5833,5833,1.0,true
311001246,IMO9782948,8707,8707,1.0,true
311001247,IMO9644550,10902,10902,1.0,true
311001248,IMO9607095,394,394,1.0,true
311001257,IMO9599078,1658,1658,1.0,true
311001274,IMO9748473,3135,3135,1.0,true
311001288,IMO9586320,5579,5579,1.0,true
311001318,IMO9657870,3376,3376,1.0,true
311001329,IMO9659737,3027,3027,1.0,true
311001337,IMO9419254,1388,1388,1.0,true
311001341,IMO9715490,13186,13186,1.0,true
311001345,IMO9227039,13304,13304,1.0,true
311001353,IMO9970636,237,237,1.0,true
311001374,IMO9659751,5137,5137,1.0,true
311001384,IMO9659749,7894,7894,1.0,true
311001385,IMO9730452,9062,9062,1.0,true
311001416,IMO9365790,6428,6428,1.0,true
311001454,IMO9658965,2187,2187,1.0,true
311001547,IMO9982720,338,338,1.0,true
311001548,IMO9982718,834,834,1.0,true
311001549,IMO9952488,6068,6068,1.0,true
311001561,IMO1016484,2362,2362,1.0,true
311001589,IMO9512056,260,260,1.0,true
311001598,IMO9688221,638,638,1.0,true
311001601,IMO9317406,5052,5052,1.0,true
311001605,IMO9317418,2802,2802,1.0,true
311001607,IMO9343493,1950,1950,1.0,true
311001609,IMO9613848,170,170,1.0,true
311001613,IMO9644524,183,183,1.0,true
311001614,IMO9613874,203,203,1.0,true
311001615,IMO9502336,806,806,1.0,true
311001617,IMO9343510,3578,3578,1.0,true
311001618,IMO9613836,4603,4603,1.0,true
311001621,IMO9363637,4711,4711,1.0,true
311001622,IMO9117739,236,236,1.0,true
311001623,IMO9117741,196,196,1.0,true
311001624,IMO9371062,949,949,1.0,true
311001625,IMO9401788,4906,4906,1.0,true
311001626,IMO9380764,3428,3428,1.0,true
311001627,IMO9144354,1168,1168,1.0,true
311001628,IMO9160803,213,213,1.0,true
311001629,IMO9233454,1812,1812,1.0,true
311001630,IMO9074078,209,209,1.0,true
311001632,IMO1042110,1963,1963,1.0,true
311001641,IMO9233466,136,136,1.0,true
311001642,IMO9609457,367,367,1.0,true
311001645,IMO9764104,9889,9889,1.0,true
311001655,IMO9952452,10302,10302,1.0,true
311001659,IMO9999682,171,171,1.0,true
311002500,IMO9314624,240,240,1.0,true
311002800,IMO9391579,5618,5618,1.0,true
311002900,IMO9441506,3828,3828,1.0,true
311003100,IMO9391593,4122,4122,1.0,true
311003200,IMO9391581,904,904,1.0,true
311003300,IMO9391567,4342,4342,1.0,true
311003400,IMO9388716,5424,5424,1.0,true
311003500,IMO9361835,1151,1151,1.0,true
311003600,IMO9361823,372,372,1.0,true
311003900,IMO9446881,11370,11370,1.0,true
311004900,IMO9338838,1563,1563,1.0,true
311005600,IMO9346847,1919,1919,1.0,true
311005700,IMO9386914,1601,1601,1.0,true
311005800,IMO9386926,110,110,1.0,true
311008600,IMO9395630,10372,10372,1.0,true
311008700,IMO9395628,6786,6786,1.0,true
311011500,IMO9438054,6367,6367,1.0,true
311013600,IMO9338840,987,987,1.0,true
311013800,IMO9393620,2563,2563,1.0,true
311013900,IMO9423786,4956,4956,1.0,true
311014100,IMO9423798,1190,1190,1.0,true
311015100,IMO9338852,13466,13466,1.0,true
311015600,IMO9300192,5769,5769,1.0,true
311016600,IMO9406104,3947,3947,1.0,true
311017800,IMO9393632,1460,1460,1.0,true
311018000,IMO9488097,1954,1954,1.0,true
311018300,IMO9393448,2334,2334,1.0,true
311018800,IMO9385477,836,836,1.0,true
311019100,IMO9295842,1491,1491,1.0,true
311024500,IMO9493652,10591,10591,1.0,true
311024800,IMO9493676,1395,1395,1.0,true
311025400,IMO9445708,970,970,1.0,true
311025800,IMO9402122,3544,3544,1.0,true
311028600,IMO9287194,98,98,1.0,true
311029800,IMO9452593,242,242,1.0,true
311032100,IMO9403059,2209,2209,1.0,true
311033200,IMO9406128,7179,7179,1.0,true
311033300,IMO9569944,1875,1875,1.0,true
311033500,IMO9441984,9242,9242,1.0,true
311035300,IMO9542520,435,435,1.0,true
311035400,IMO9542532,2547,2547,1.0,true
311035600,IMO9542544,3676,3676,1.0,true
311036200,IMO9605853,1119,1119,1.0,true
311036300,IMO9605865,237,237,1.0,true
311037100,IMO9409534,4036,4036,1.0,true
311039000,IMO9210440,680,680,1.0,true
311040600,IMO9441520,1405,1405,1.0,true
311040700,IMO9441556,3906,3906,1.0,true
311040800,IMO9441568,4749,4749,1.0,true
311043100,IMO9451238,2749,2749,1.0,true
311044300,IMO9008706,1900,1900,1.0,true
311044400,IMO9007532,3237,3237,1.0,true
311044500,IMO9007544,5219,5219,1.0,true
311045300,IMO9584059,751,751,1.0,true
311046100,IMO9346811,973,973,1.0,true
311048200,IMO9453107,56,56,1.0,true
311048300,IMO9455715,1111,1111,1.0,true
311049400,IMO9351737,5458,5458,1.0,true
311052200,IMO9449247,4889,4889,1.0,true
311052700,IMO9441570,5382,5382,1.0,true
311053100,IMO9530955,3030,3030,1.0,true
311053300,IMO9589140,13025,13025,1.0,true
311053400,IMO9593402,21618,21618,1.0,true
311053500,IMO9589152,6613,6613,1.0,true
311053600,IMO9602772,14410,14410,1.0,true
311054300,IMO9441594,1483,1483,1.0,true
311054400,IMO9441582,2567,2567,1.0,true
311055200,IMO9594248,2342,2342,1.0,true
311055300,IMO9594236,3451,3451,1.0,true
311055400,IMO9594224,4665,4665,1.0,true
311055500,IMO9594250,650,650,1.0,true
311056900,IMO9600994,45485,45485,1.0,true
311057100,IMO9640956,19466,19466,1.0,true
311057300,IMO9600970,18077,18077,1.0,true
311058600,IMO9496264,9483,9483,1.0,true
311060500,IMO9220859,1048,1048,1.0,true
311061600,IMO9582116,273,273,1.0,true
311062200,IMO8903167,8030,8030,1.0,true
311062300,IMO8819938,11824,11824,1.0,true
311062400,IMO8819926,4377,4377,1.0,true
311063100,IMO9590577,256,256,1.0,true
311064200,IMO9597109,3253,3253,1.0,true
311064700,IMO9543615,149,149,1.0,true
311064800,IMO9607007,1245,1245,1.0,true
311064900,IMO9607019,533,533,1.0,true
311070400,IMO9612143,2447,2447,1.0,true
311072300,IMO9441609,1543,1543,1.0,true
311072400,IMO9441611,1226,1226,1.0,true
311088000,IMO8408882,6351,6351,1.0,true
311288000,IMO9232814,9180,9180,1.0,true
311358000,IMO9346823,3493,3493,1.0,true
311379000,IMO9346835,2110,2110,1.0,true
311408000,IMO9237307,57,57,1.0,true
311475000,IMO9237319,18626,18626,1.0,true
311594000,IMO9277814,1730,1730,1.0,true
311595000,IMO9277802,3688,3688,1.0,true
311668000,IMO8917584,1806,1806,1.0,true
311695000,IMO9277826,2956,2956,1.0,true
311696000,IMO9277838,2064,2064,1.0,true
311697000,IMO9285615,1043,1043,1.0,true
311698000,IMO9285641,3398,3398,1.0,true
311744000,IMO9235141,5841,5841,1.0,true
311828000,IMO9285029,561,561,1.0,true
311829000,IMO9285122,233,233,1.0,true
311831000,IMO9285134,3752,3752,1.0,true
311918000,IMO9267924,2685,2685,1.0,true
311919000,IMO9267912,3398,3398,1.0,true
311921000,IMO9285639,3925,3925,1.0,true
311922000,IMO9285627,4768,4768,1.0,true
314033000,IMO9708942,408,408,1.0,true
314147000,IMO9761322,24225,24225,1.0,true
314148000,IMO9761334,580,580,1.0,true
314263000,IMO9368857,7986,7986,1.0,true
314277000,IMO9363534,1281,1281,1.0,true
314295000,IMO9402081,3623,3623,1.0,true
314296000,IMO9402093,4657,4657,1.0,true
314311000,IMO9425813,3551,3551,1.0,true
314312000,IMO9425825,3950,3950,1.0,true
314410000,IMO9488059,9247,9247,1.0,true
314427000,IMO9762364,11224,11224,1.0,true
314428000,IMO9762376,1121,1121,1.0,true
314449000,IMO9508316,2810,2810,1.0,true
314450000,IMO9303302,3212,3212,1.0,true
314452000,IMO9651541,1815,1815,1.0,true
314467000,IMO9700380,5477,5477,1.0,true
314482000,IMO9859789,9752,9752,1.0,true
314483000,IMO9848649,12568,12568,1.0,true
314485000,IMO9875197,3363,3363,1.0,true
314486000,IMO9861079,515,515,1.0,true
314507000,IMO9888003,5726,5726,1.0,true
314508000,IMO9902407,10799,10799,1.0,true
314509000,IMO9905277,7215,7215,1.0,true
314542000,IMO9299460,9634,9634,1.0,true
314569000,IMO8525111,96893,96893,1.0,true
314626000,IMO9586435,557,557,1.0,true
314685000,IMO9588380,2243,2243,1.0,true
314691000,IMO9929352,1935,1935,1.0,true
314693000,IMO9947299,1171,1171,1.0,true
314694000,IMO9947304,5118,5118,1.0,true
314697000,IMO9985667,4421,4421,1.0,true
314714000,IMO9416446,3617,3617,1.0,true
314779000,IMO9571387,1352,1352,1.0,true
314850000,IMO9972529,1850,1850,1.0,true
314864000,IMO9736212,632,632,1.0,true
314871000,IMO9748241,236,236,1.0,true
314904000,IMO9598074,1070,1070,1.0,true
314927000,IMO9700392,2025,2025,1.0,true
316001712,IMO5287847,219,219,1.0,true
316002050,IMO9239343,72,72,1.0,true
319029800,IMO9503964,117,117,1.0,true
319057600,IMO9643180,2232,2232,1.0,true
319058000,IMO9539183,5195,5195,1.0,true
319073100,IMO9711286,5508,5508,1.0,true
319076100,IMO9711298,779,779,1.0,true
319093100,IMO9757929,2005,2005,1.0,true
319125100,IMO9518062,261,261,1.0,true
319130500,IMO9748277,478,478,1.0,true
319132300,IMO9478937,7847,7847,1.0,true
319144400,IMO9755842,1474,1474,1.0,true
319153600,IMO9572082,5152,5152,1.0,true
319155200,IMO9304083,4204,4204,1.0,true
319156500,IMO9454084,813,813,1.0,true
319157400,IMO9399105,4259,4259,1.0,true
319192100,IMO9414462,16635,16635,1.0,true
319192200,IMO9313503,5633,5633,1.0,true
319200700,IMO9337614,35365,35365,1.0,true
319211600,IMO9468310,42429,42429,1.0,true
319213600,IMO9698434,852,852,1.0,true
319219200,IMO9356713,45970,45970,1.0,true
319366000,IMO9503988,632,632,1.0,true
319392000,IMO9515474,1121,1121,1.0,true
319409000,IMO9561277,5410,5410,1.0,true
319653000,IMO9368845,352,352,1.0,true
319740000,IMO9403281,892,892,1.0,true
319819000,IMO9476757,1118,1118,1.0,true
319875000,IMO9229697,6059,6059,1.0,true
319995000,IMO9503990,9619,9619,1.0,true
325111400,IMO9743045,791,791,1.0,true
338009000,IMO9339818,4828,4828,1.0,true
338034000,IMO9292319,137541,137541,1.0,true
338055000,IMO9530058,244424,244424,1.0,true
338058000,IMO9332949,30733,30733,1.0,true
338071000,IMO9342176,80699,80699,1.0,true
338078000,IMO9348649,76714,76714,1.0,true
338100000,IMO9289659,9735,9735,1.0,true
338121000,IMO9814600,66904,66904,1.0,true
338145000,IMO9375264,26225,26225,1.0,true
338172000,IMO9938365,10636,10636,1.0,true
338174000,IMO9704269,753,753,1.0,true
338217000,IMO9228136,15760,15760,1.0,true
338219000,IMO9228148,18823,18823,1.0,true
338225000,IMO9654220,14124,14124,1.0,true
338228000,IMO9191515,86190,86190,1.0,true
338241000,IMO9333022,65546,65546,1.0,true
338273000,IMO9538907,15326,15326,1.0,true
338324000,IMO9251808,26324,26324,1.0,true
338403000,IMO9333008,70888,70888,1.0,true
338408000,IMO9332975,65796,65796,1.0,true
338418000,IMO9332999,65684,65684,1.0,true
338446000,IMO9418987,8386,8386,1.0,true
338454000,IMO8964850,82480,82480,1.0,true
338474000,IMO9333034,60418,60418,1.0,true
338492000,IMO9316141,39302,39302,1.0,true
338525000,IMO9332987,79049,79049,1.0,true
338619000,IMO9332547,474,474,1.0,true
338640000,IMO9080297,16781,16781,1.0,true
338657000,IMO9181560,843,843,1.0,true
338678000,IMO8225931,272570,272570,1.0,true
338679000,IMO9538658,24437,24437,1.0,true
338721000,IMO9981922,155,155,1.0,true
338731000,IMO9198501,80,80,1.0,true
338753000,IMO9753519,52870,52870,1.0,true
338794000,IMO9332925,15560,15560,1.0,true
338796000,IMO9814612,54821,54821,1.0,true
338806000,IMO9178355,82161,82161,1.0,true
338815000,IMO9232230,115725,115725,1.0,true
338846000,IMO9147320,274659,274659,1.0,true
338881000,IMO9938377,10290,10290,1.0,true
338902000,IMO9231664,82,82,1.0,true
338919000,IMO6621662,145406,145406,1.0,true
338924074,IMO9668984,397,397,1.0,true
338924075,IMO9668972,21729,21729,1.0,true
338931000,IMO9145449,233912,233912,1.0,true
338947002,IMO0000000,3,3,1.0,true
338991000,IMO7925314,515,515,1.0,true
345010030,IMO8203634,2547,2547,1.0,true
345020003,IMO9379870,1911,1911,1.0,true
345040010,IMO9506514,22947,22947,1.0,true
345090024,IMO9686156,1659,1659,1.0,true
351008000,IMO9582972,9656,9656,1.0,true
351011000,IMO9866653,941,941,1.0,true
351026000,IMO9553488,2379,2379,1.0,true
351031000,IMO9553050,3043,3043,1.0,true
351034000,IMO9303211,1323,1323,1.0,true
351047000,IMO9782156,17033,17033,1.0,true
351101000,IMO9863819,24365,24365,1.0,true
351120000,IMO9588873,520,520,1.0,true
351124000,IMO9205976,1848,1848,1.0,true
351126000,IMO9409338,1710,1710,1.0,true
351132000,IMO9392119,24662,24662,1.0,true
351148000,IMO9874973,26684,26684,1.0,true
351177000,IMO9847853,1975,1975,1.0,true
351184000,IMO9782663,8897,8897,1.0,true
351187000,IMO9623116,1616,1616,1.0,true
351217000,IMO9696424,1866,1866,1.0,true
351224000,IMO9514353,1316,1316,1.0,true
351225000,IMO9644055,1489,1489,1.0,true
351237000,IMO9659830,241,241,1.0,true
351248000,IMO9251690,46754,46754,1.0,true
351249000,IMO9312975,19966,19966,1.0,true
351260000,IMO9518074,348,348,1.0,true
351275000,IMO9520948,5363,5363,1.0,true
351321000,IMO9481257,262,262,1.0,true
351335000,IMO9496226,9125,9125,1.0,true
351340000,IMO9207388,2474,2474,1.0,true
351353000,IMO9744996,4410,4410,1.0,true
351356000,IMO8715857,6563,6563,1.0,true
351359000,IMO9894624,1405,1405,1.0,true
351361000,IMO9399026,10795,10795,1.0,true
351374000,IMO9658771,7511,7511,1.0,true
351392000,IMO9338709,3402,3402,1.0,true
351398000,IMO9374210,1223,1223,1.0,true
351399000,IMO9724178,649,649,1.0,true
351400000,IMO9316347,8180,8180,1.0,true
351421000,IMO9722467,990,990,1.0,true
351427000,IMO9577460,3324,3324,1.0,true
351445000,IMO9729879,14451,14451,1.0,true
351446000,IMO9338723,2565,2565,1.0,true
351462000,IMO9727132,558,558,1.0,true
351473000,IMO9235050,4032,4032,1.0,true
351522000,IMO9713492,210,210,1.0,true
351546000,IMO9500986,104,104,1.0,true
351550000,IMO9644744,1844,1844,1.0,true
351567000,IMO9149835,6234,6234,1.0,true
351571000,IMO9850575,47179,47179,1.0,true
351573000,IMO9852822,6718,6718,1.0,true
351578000,IMO9365441,13958,13958,1.0,true
351600000,IMO9839064,4235,4235,1.0,true
351604000,IMO9622796,820,820,1.0,true
351606000,IMO9614309,1785,1785,1.0,true
351628000,IMO9638460,3763,3763,1.0,true
351638000,IMO9573866,610,610,1.0,true
351647000,IMO9680360,13625,13625,1.0,true
351658000,IMO9520637,590,590,1.0,true
351665000,IMO9320362,253,253,1.0,true
351673000,IMO9445629,611,611,1.0,true
351675000,IMO9110389,15429,15429,1.0,true
351698000,IMO9412749,2040,2040,1.0,true
351700000,IMO9285108,2788,2788,1.0,true
351733000,IMO9565546,7089,7089,1.0,true
351754000,IMO9636462,6947,6947,1.0,true
351755000,IMO9774276,18775,18775,1.0,true
351757000,IMO9182356,4066,4066,1.0,true
351758000,IMO9580493,4835,4835,1.0,true
351780000,IMO9267675,3512,3512,1.0,true
351783000,IMO9634634,5757,5757,1.0,true
351785000,IMO9579781,3304,3304,1.0,true
351796000,IMO9668269,277,277,1.0,true
351801000,IMO9410595,1137,1137,1.0,true
351805000,IMO9687083,359,359,1.0,true
351811000,IMO9478999,7243,7243,1.0,true
351819000,IMO9618288,16826,16826,1.0,true
351828000,IMO9279331,766,766,1.0,true
351831000,IMO9720055,11248,11248,1.0,true
351848000,IMO9467457,29993,29993,1.0,true
351867000,IMO9546095,5220,5220,1.0,true
351878000,IMO9487421,1996,1996,1.0,true
351887000,IMO9187289,2611,2611,1.0,true
351893000,IMO9477232,13838,13838,1.0,true
351908000,IMO9721877,254,254,1.0,true
351916000,IMO9461154,4520,4520,1.0,true
351928000,IMO9423255,297,297,1.0,true
351952000,IMO9529580,2450,2450,1.0,true
351954000,IMO9542855,10995,10995,1.0,true
351983000,IMO9832638,7804,7804,1.0,true
351988000,IMO9582544,240,240,1.0,true
351989000,IMO9131058,1197,1197,1.0,true
351994000,IMO9707821,2615,2615,1.0,true
352001003,IMO8716966,137,137,1.0,true
352001035,IMO9723148,2261,2261,1.0,true
352001037,IMO9922287,12053,12053,1.0,true
352001056,IMO9336581,201,201,1.0,true
352001121,IMO9934931,11608,11608,1.0,true
352001125,IMO9820996,108,108,1.0,true
352001129,IMO9166704,48,48,1.0,true
352001142,IMO9713909,7225,7225,1.0,true
352001154,IMO9737125,10491,10491,1.0,true
352001160,IMO9919541,1999,1999,1.0,true
352001162,IMO9427938,212,212,1.0,true
352001168,IMO9290426,5608,5608,1.0,true
352001169,IMO9373606,11215,11215,1.0,true
352001173,IMO9326342,4531,4531,1.0,true
352001176,IMO9911977,4356,4356,1.0,true
352001183,IMO9737694,2620,2620,1.0,true
352001184,IMO9699335,24315,24315,1.0,true
352001187,IMO9699361,13716,13716,1.0,true
352001188,IMO9926013,5835,5835,1.0,true
352001219,IMO9423516,8553,8553,1.0,true
352001233,IMO9131955,4390,4390,1.0,true
352001246,IMO9911989,1656,1656,1.0,true
352001258,IMO9914008,24396,24396,1.0,true
352001262,IMO9926025,2768,2768,1.0,true
352001266,IMO9919656,28586,28586,1.0,true
352001300,IMO9925772,306,306,1.0,true
352001313,IMO9665619,2442,2442,1.0,true
352001354,IMO9657856,286,286,1.0,true
352001355,IMO9657844,6703,6703,1.0,true
352001358,IMO9941398,425,425,1.0,true
352001364,IMO9926063,497,497,1.0,true
352001367,IMO9289544,7390,7390,1.0,true
352001386,IMO9935442,200,200,1.0,true
352001395,IMO9169342,409,409,1.0,true
352001401,IMO9926049,6056,6056,1.0,true
352001434,IMO9913030,2880,2880,1.0,true
352001438,IMO9897975,20661,20661,1.0,true
352001449,IMO9593751,5138,5138,1.0,true
352001459,IMO9936850,408,408,1.0,true
352001460,IMO9933195,265,265,1.0,true
352001472,IMO9188908,323,323,1.0,true
352001517,IMO9926037,1096,1096,1.0,true
352001532,IMO9936757,5765,5765,1.0,true
352001543,IMO9943554,16165,16165,1.0,true
352001553,IMO9926075,3011,3011,1.0,true
352001558,IMO9941532,5058,5058,1.0,true
352001570,IMO9932763,4531,4531,1.0,true
352001585,IMO9935806,12051,12051,1.0,true
352001586,IMO9935818,1255,1255,1.0,true
352001592,IMO9933236,6979,6979,1.0,true
352001593,IMO9947225,4297,4297,1.0,true
352001598,IMO9925746,3712,3712,1.0,true
352001690,IMO9942029,617,617,1.0,true
352001703,IMO9936769,1546,1546,1.0,true
352001719,IMO9929338,20444,20444,1.0,true
352001743,IMO9938614,263,263,1.0,true
352001784,IMO9933028,2555,2555,1.0,true
352001811,IMO9933248,3021,3021,1.0,true
352001812,IMO9124926,1,1,1.0,true
352001831,IMO9338694,3980,3980,1.0,true
352001832,IMO9926087,1212,1212,1.0,true
352001835,IMO9932139,9726,9726,1.0,true
352001854,IMO9942160,4287,4287,1.0,true
352001856,IMO9950911,1197,1197,1.0,true
352001882,IMO9951800,634,634,1.0,true
352001918,IMO9952414,17763,17763,1.0,true
352001920,IMO9448140,2436,2436,1.0,true
352001939,IMO9937244,234,234,1.0,true
352001985,IMO9225524,1642,1642,1.0,true
352002017,IMO9949467,1347,1347,1.0,true
352002033,IMO9400930,3306,3306,1.0,true
352002046,IMO9539248,9216,9216,1.0,true
352002064,IMO9943566,1368,1368,1.0,true
352002068,IMO9932775,1163,1163,1.0,true
352002071,IMO9663324,572,572,1.0,true
352002128,IMO9942196,2618,2618,1.0,true
352002141,IMO9952426,211,211,1.0,true
352002148,IMO9937256,215,215,1.0,true
352002165,IMO9926594,3839,3839,1.0,true
352002187,IMO9942081,2365,2365,1.0,true
352002214,IMO9539365,7586,7586,1.0,true
352002216,IMO9294214,715,715,1.0,true
352002231,IMO9708746,4143,4143,1.0,true
352002238,IMO9942110,12235,12235,1.0,true
352002245,IMO9928190,14978,14978,1.0,true
352002256,IMO9942043,6678,6678,1.0,true
352002271,IMO9401362,1038,1038,1.0,true
352002283,IMO9947237,5708,5708,1.0,true
352002338,IMO9496161,1367,1367,1.0,true
352002358,IMO9965019,582,582,1.0,true
352002362,IMO9949479,30837,30837,1.0,true
352002379,IMO9135468,2131,2131,1.0,true
352002391,IMO9928205,516,516,1.0,true
352002396,IMO9951812,708,708,1.0,true
352002400,IMO9951795,892,892,1.0,true
352002407,IMO9966104,462,462,1.0,true
352002433,IMO9941972,1085,1085,1.0,true
352002445,IMO9965473,1600,1600,1.0,true
352002447,IMO9684471,2081,2081,1.0,true
352002453,IMO9952464,3737,3737,1.0,true
352002472,IMO9959436,4950,4950,1.0,true
352002478,IMO9933250,259,259,1.0,true
352002496,IMO9951903,567,567,1.0,true
352002520,IMO9965461,396,396,1.0,true
352002554,IMO9951927,232,232,1.0,true
352002567,IMO9381873,3027,3027,1.0,true
352002593,IMO9945526,8430,8430,1.0,true
352002605,IMO9933262,2596,2596,1.0,true
352002625,IMO9928217,25058,25058,1.0,true
352002632,IMO9949687,5621,5621,1.0,true
352002640,IMO9942213,12673,12673,1.0,true
352002669,IMO9965617,26095,26095,1.0,true
352002693,IMO9959723,3219,3219,1.0,true
352002694,IMO9515474,442,442,1.0,true
352002703,IMO9973042,4663,4663,1.0,true
352002706,IMO9789049,4287,4287,1.0,true
352002718,IMO9966087,641,641,1.0,true
352002727,IMO9942005,15330,15330,1.0,true
352002742,IMO9951915,6720,6720,1.0,true
352002746,IMO9972426,5328,5328,1.0,true
352002781,IMO9338711,1916,1916,1.0,true
352002798,IMO9431630,15462,15462,1.0,true
352002807,IMO9937567,224,224,1.0,true
352002816,IMO9949699,2152,2152,1.0,true
352002868,IMO9952438,16482,16482,1.0,true
352002887,IMO9789051,7302,7302,1.0,true
352002890,IMO9937579,215,215,1.0,true
352002891,IMO9950894,2356,2356,1.0,true
352002915,IMO9972438,2054,2054,1.0,true
352002944,IMO9979204,6820,6820,1.0,true
352002945,IMO9968970,4738,4738,1.0,true
352002963,IMO9969168,2310,2310,1.0,true
352002979,IMO9972440,5882,5882,1.0,true
352002990,IMO9947263,5788,5788,1.0,true
352002997,IMO9928229,18550,18550,1.0,true
352003021,IMO9792711,2635,2635,1.0,true
352003032,IMO9951771,2426,2426,1.0,true
352003063,IMO9897925,129,129,1.0,true
352003071,IMO9950909,3378,3378,1.0,true
352003082,IMO9502855,572,572,1.0,true
352003083,IMO9950533,2158,2158,1.0,true
352003115,IMO9805702,17878,17878,1.0,true
352003120,IMO9968982,501,501,1.0,true
352003121,IMO9972452,285,285,1.0,true
352003132,IMO9937581,226,226,1.0,true
352003134,IMO9542831,258,258,1.0,true
352003136,IMO9959462,9451,9451,1.0,true
352003160,IMO9972646,371,371,1.0,true
352003161,IMO9969027,2517,2517,1.0,true
352003165,IMO9979125,4755,4755,1.0,true
352003208,IMO9989261,3493,3493,1.0,true
352003250,IMO9984534,227,227,1.0,true
352003302,IMO9979137,9086,9086,1.0,true
352003325,IMO9968334,8904,8904,1.0,true
352003424,IMO9989948,12248,12248,1.0,true
352003435,IMO9972012,366,366,1.0,true
352003458,IMO9189926,2286,2286,1.0,true
352003525,IMO9947287,205,205,1.0,true
352003575,IMO9979278,5560,5560,1.0,true
352003598,IMO9310575,2058,2058,1.0,true
352003624,IMO9991276,5480,5480,1.0,true
352003641,IMO9991238,937,937,1.0,true
352003653,IMO9991070,3332,3332,1.0,true
352003657,IMO9972634,4790,4790,1.0,true
352003685,IMO9956886,2496,2496,1.0,true
352003693,IMO9984493,294,294,1.0,true
352003702,IMO9285354,3014,3014,1.0,true
352003803,IMO9984168,526,526,1.0,true
352003805,IMO9478626,7858,7858,1.0,true
352003813,IMO9514004,6220,6220,1.0,true
352003837,IMO9969065,3938,3938,1.0,true
352003844,IMO9992268,207,207,1.0,true
352003845,IMO9964857,5881,5881,1.0,true
352003865,IMO9977945,588,588,1.0,true
352003897,IMO9972531,1534,1534,1.0,true
352003898,IMO9989950,3250,3250,1.0,true
352003919,IMO9991082,8947,8947,1.0,true
352003967,IMO9953781,2508,2508,1.0,true
352003983,IMO9974101,697,697,1.0,true
352004008,IMO9984170,5590,5590,1.0,true
352004036,IMO9982990,500,500,1.0,true
352004044,IMO9972036,1655,1655,1.0,true
352004052,IMO1020760,589,589,1.0,true
352004080,IMO9996977,3436,3436,1.0,true
352004100,IMO1013676,5098,5098,1.0,true
352004116,IMO9964869,1032,1032,1.0,true
352004121,IMO9961934,9689,9689,1.0,true
352004129,IMO9406087,2291,2291,1.0,true
352004149,IMO9991226,864,864,1.0,true
352004163,IMO1014137,1599,1599,1.0,true
352004204,IMO9970234,4795,4795,1.0,true
352004280,IMO9991202,2454,2454,1.0,true
352004318,IMO1013652,3440,3440,1.0,true
352004319,IMO1014125,342,342,1.0,true
352004352,IMO9826433,740,740,1.0,true
352004369,IMO9991159,410,410,1.0,true
352004408,IMO9699957,1108,1108,1.0,true
352004430,IMO9519200,12933,12933,1.0,true
352004433,IMO9979228,468,468,1.0,true
352004482,IMO9964871,1667,1667,1.0,true
352004518,IMO9984558,4024,4024,1.0,true
352004548,IMO9742390,732,732,1.0,true
352004564,IMO9974113,368,368,1.0,true
352004596,IMO1014151,4411,4411,1.0,true
352004609,IMO9964895,1133,1133,1.0,true
352004653,IMO9985526,651,651,1.0,true
352004669,IMO1036044,1874,1874,1.0,true
352004681,IMO9370422,2395,2395,1.0,true
352004705,IMO1017543,4594,4594,1.0,true
352004714,IMO9982809,6912,6912,1.0,true
352004744,IMO9964510,3766,3766,1.0,true
352004792,IMO9990674,3988,3988,1.0,true
352004818,IMO9977816,4488,4488,1.0,true
352004819,IMO9964883,3014,3014,1.0,true
352004883,IMO9319595,10627,10627,1.0,true
352004895,IMO1024534,1495,1495,1.0,true
352004908,IMO9973054,848,848,1.0,true
352005009,IMO1015351,712,712,1.0,true
352005013,IMO9737149,1143,1143,1.0,true
352005098,IMO1036006,281,281,1.0,true
352005162,IMO9606039,375,375,1.0,true
352005173,IMO1030882,564,564,1.0,true
352005215,IMO9354648,2900,2900,1.0,true
352005218,IMO9990698,4713,4713,1.0,true
352005219,IMO1015583,349,349,1.0,true
352005249,IMO1028657,2607,2607,1.0,true
352005266,IMO1036513,6337,6337,1.0,true
352005335,IMO1036123,603,603,1.0,true
352005373,IMO1031848,688,688,1.0,true
352005489,IMO1049261,428,428,1.0,true
352005632,IMO1057103,658,658,1.0,true
352005728,IMO9320013,991,991,1.0,true
352005731,IMO9320001,3038,3038,1.0,true
352005779,IMO9491599,1581,1581,1.0,true
352005860,IMO1057177,2660,2660,1.0,true
352005950,IMO1048970,1941,1941,1.0,true
352006030,IMO9606041,2401,2401,1.0,true
352006082,IMO1033535,2035,2035,1.0,true
352006136,IMO9521875,8604,8604,1.0,true
352012000,IMO9758466,35088,37829,0.9275423616801924,true
352023000,IMO9561954,2720,2720,1.0,true
352027000,IMO9207754,1883,1883,1.0,true
352031000,IMO9459163,1982,1982,1.0,true
352044000,IMO9641833,1021,1021,1.0,true
352062000,IMO9209506,2405,2405,1.0,true
352082000,IMO9738961,587,587,1.0,true
352111000,IMO9850812,2221,2221,1.0,true
352135000,IMO9604122,23722,23722,1.0,true
352140000,IMO9230490,4862,4862,1.0,true
352142000,IMO9293648,4594,4594,1.0,true
352149000,IMO9737486,42255,42255,1.0,true
352157000,IMO9158563,198,198,1.0,true
352163000,IMO9511052,22227,22227,1.0,true
352166000,IMO9597422,4377,4377,1.0,true
352202000,IMO9574846,8786,8786,1.0,true
352212000,IMO9079157,248,248,1.0,true
352244000,IMO9781994,5653,5653,1.0,true
352246000,IMO9579638,2515,2515,1.0,true
352283000,IMO9209271,10434,10434,1.0,true
352292000,IMO9636395,4750,4750,1.0,true
352300000,IMO9524035,3303,3303,1.0,true
352335000,IMO9226920,21446,21446,1.0,true
352346000,IMO9043768,1030,1030,1.0,true
352359000,IMO9176670,17018,17018,1.0,true
352361000,IMO9399038,1273,1273,1.0,true
352367000,IMO9623764,3029,3029,1.0,true
352369000,IMO9687760,2129,2129,1.0,true
352383000,IMO9861213,7386,7386,1.0,true
352411000,IMO9908451,7130,7130,1.0,true
352426000,IMO9803417,2985,2985,1.0,true
352467000,IMO9370238,719,719,1.0,true
352469000,IMO9878694,6170,6170,1.0,true
352476000,IMO9567257,3785,3785,1.0,true
352505000,IMO9451628,310,310,1.0,true
352506000,IMO9610444,952,952,1.0,true
352508000,IMO9633252,1220,1220,1.0,true
352546000,IMO9883003,1602,1602,1.0,true
352582000,IMO9599066,4616,4616,1.0,true
352583000,IMO7816903,6893,6893,1.0,true
352586000,IMO9518206,18358,18358,1.0,true
352589000,IMO9798844,4692,4692,1.0,true
352597000,IMO9692739,1707,1707,1.0,true
352606000,IMO9764104,8963,8963,1.0,true
352619000,IMO9618290,4670,4670,1.0,true
352630000,IMO9446611,260,260,1.0,true
352631000,IMO9345427,31850,31850,1.0,true
352633000,IMO9622837,6122,6122,1.0,true
352652000,IMO9404766,1007,1007,1.0,true
352675000,IMO9224532,1717,1717,1.0,true
352676000,IMO9881146,5808,5808,1.0,true
352686000,IMO9072501,10902,10902,1.0,true
352690000,IMO9301055,5126,5126,1.0,true
352692000,IMO9607813,13514,13514,1.0,true
352715000,IMO9642174,4359,4359,1.0,true
352718000,IMO9574066,182,182,1.0,true
352721000,IMO9383508,668,668,1.0,true
352732000,IMO9574078,1180,1180,1.0,true
352753000,IMO9510034,2963,2963,1.0,true
352802000,IMO8307753,5580,5580,1.0,true
352821000,IMO9609354,863,863,1.0,true
352822000,IMO9312999,24005,24005,1.0,true
352834000,IMO9732448,12553,12553,1.0,true
352843000,IMO9539535,695,695,1.0,true
352864000,IMO9763887,514,514,1.0,true
352870000,IMO9251705,6068,6068,1.0,true
352871000,IMO9339284,44193,44193,1.0,true
352879000,IMO9284776,6098,6098,1.0,true
352882000,IMO9354208,507,507,1.0,true
352888000,IMO9775139,8901,8901,1.0,true
352892000,IMO9284893,12028,12028,1.0,true
352898685,IMO9932115,775,775,1.0,true
352898687,IMO9914486,13525,13525,1.0,true
352898697,IMO9921623,521,521,1.0,true
352898705,IMO9928035,232,232,1.0,true
352898725,IMO9913535,4287,4287,1.0,true
352898749,IMO9443384,578,578,1.0,true
352898762,IMO9898993,1017,1017,1.0,true
352898773,IMO9919668,808,808,1.0,true
352898775,IMO9919670,24453,24453,1.0,true
352898778,IMO9701293,879,879,1.0,true
352898799,IMO9913999,20179,20179,1.0,true
352898819,IMO9919553,1065,1065,1.0,true
352905000,IMO9293882,11247,11247,1.0,true
352915000,IMO9252216,2220,2220,1.0,true
352927000,IMO9826835,7140,7140,1.0,true
352929000,IMO9381665,1679,1679,1.0,true
352935000,IMO9247572,2021,2021,1.0,true
352948000,IMO9278155,23899,23899,1.0,true
352952000,IMO9606314,17622,17622,1.0,true
352955000,IMO9508718,3203,3203,1.0,true
352978124,IMO9921855,40377,40377,1.0,true
352978137,IMO9913987,2083,2083,1.0,true
352978143,IMO9916214,13357,13357,1.0,true
352978148,IMO9695119,1518,1518,1.0,true
352978155,IMO9324667,70,70,1.0,true
352978194,IMO9878515,56476,56476,1.0,true
352978219,IMO9430222,193,193,1.0,true
352978234,IMO9932103,3327,3327,1.0,true
352978240,IMO9595151,12931,12931,1.0,true
352978246,IMO9911422,1618,1618,1.0,true
352978268,IMO9905265,8530,8530,1.0,true
352978277,IMO9590917,519,519,1.0,true
352978280,IMO9908229,1195,1195,1.0,true
352980770,IMO9916226,20325,20325,1.0,true
352980796,IMO9561265,3042,3042,1.0,true
352980797,IMO9397999,4951,4951,1.0,true
352980798,IMO9397987,5828,5828,1.0,true
352980863,IMO9449352,4689,4689,1.0,true
352980867,IMO9920057,3171,3171,1.0,true
352983000,IMO9279989,15335,15335,1.0,true
352986128,IMO9863869,3401,3401,1.0,true
352986134,IMO9880128,4552,4552,1.0,true
352986140,IMO9905253,13222,13222,1.0,true
352986143,IMO9863871,39079,39079,1.0,true
352986151,IMO9520675,33052,33052,1.0,true
352986158,IMO9921843,19572,19572,1.0,true
352986159,IMO9878503,42457,42457,1.0,true
352986187,IMO9897597,3151,3151,1.0,true
352986189,IMO9908437,5944,5944,1.0,true
352986193,IMO9912361,776,776,1.0,true
352993000,IMO9474723,2225,2225,1.0,true
352999885,IMO9459149,2884,2884,1.0,true
353006000,IMO9597678,1068,1068,1.0,true
353013000,IMO9728083,8298,8298,1.0,true
353025000,IMO9337664,22197,22197,1.0,true
353033000,IMO9448138,2194,2194,1.0,true
353038000,IMO9797682,3217,3217,1.0,true
353051000,IMO9401142,26303,26303,1.0,true
353054000,IMO9800855,46647,46647,1.0,true
353062000,IMO9866407,3647,3647,1.0,true
353081000,IMO9450167,233,233,1.0,true
353090000,IMO9604859,11995,11995,1.0,true
353092000,IMO9643312,1706,1706,1.0,true
353093000,IMO9708758,3696,3696,1.0,true
353096000,IMO9482134,9434,9434,1.0,true
353100000,IMO9675573,1201,1201,1.0,true
353105000,IMO9726700,17384,17384,1.0,true
353111000,IMO9292175,3533,3533,1.0,true
353117000,IMO9306172,14998,14998,1.0,true
353123000,IMO9875721,1199,1199,1.0,true
353146000,IMO9438391,46277,46277,1.0,true
353155000,IMO9399052,6593,6593,1.0,true
353157000,IMO9423578,3890,3890,1.0,true
353160000,IMO9404663,27271,27271,1.0,true
353162000,IMO9399014,26933,26933,1.0,true
353163000,IMO9431185,54932,54932,1.0,true
353178000,IMO9607100,281,281,1.0,true
353184000,IMO9865568,331,331,1.0,true
353188000,IMO9539353,521,521,1.0,true
353191000,IMO9629677,2155,2155,1.0,true
353193000,IMO9542415,469,469,1.0,true
353204000,IMO9492098,325,325,1.0,true
353221000,IMO8318087,3058,3058,1.0,true
353229000,IMO9873163,18216,18216,1.0,true
353233000,IMO9668312,469,469,1.0,true
353245000,IMO9528158,12940,12940,1.0,true
353246000,IMO9203112,2777,2777,1.0,true
353251000,IMO9446439,263,263,1.0,true
353260000,IMO9659921,2245,2245,1.0,true
353275000,IMO9860582,7738,7738,1.0,true
353289000,IMO9372482,1783,1783,1.0,true
353321000,IMO9687069,360,360,1.0,true
353325000,IMO9434539,2124,2124,1.0,true
353332000,IMO9363948,1318,1318,1.0,true
353393000,IMO9511430,5708,5708,1.0,true
353411000,IMO9302097,14591,14591,1.0,true
353414000,IMO9529592,2938,2938,1.0,true
353421000,IMO9496977,3876,3876,1.0,true
353424000,IMO9732412,8133,8133,1.0,true
353428000,IMO9467407,16995,16995,1.0,true
353443000,IMO9860609,4459,4459,1.0,true
353446000,IMO9810757,4667,4667,1.0,true
353453000,IMO9777838,1065,1065,1.0,true
353472000,IMO9476290,422,422,1.0,true
353478000,IMO9545170,548,548,1.0,true
353499000,IMO9250983,17446,17446,1.0,true
353511000,IMO9651034,2092,2092,1.0,true
353514000,IMO9267687,3190,3190,1.0,true
353518000,IMO9074913,456,456,1.0,true
353528000,IMO9873175,6694,6694,1.0,true
353544000,IMO9544712,11410,11410,1.0,true
353549000,IMO8317289,199,199,1.0,true
353560000,IMO9420320,3059,3059,1.0,true
353564000,IMO9774290,266,266,1.0,true
353577000,IMO9287778,8678,8678,1.0,true
353578000,IMO9518191,1650,1650,1.0,true
353579000,IMO9547154,6217,6217,1.0,true
353592000,IMO9588093,28854,28854,1.0,true
353601000,IMO9550670,3488,3488,1.0,true
353619000,IMO9461075,2612,2612,1.0,true
353639000,IMO9558256,8149,8149,1.0,true
353642000,IMO9303168,1311,1311,1.0,true
353647000,IMO9633185,3844,3844,1.0,true
353666000,IMO9230488,21213,21213,1.0,true
353667000,IMO9105322,6017,6017,1.0,true
353693000,IMO9454668,18899,18899,1.0,true
353702000,IMO9433664,10011,10011,1.0,true
353706000,IMO9827243,1415,1415,1.0,true
353710000,IMO9286906,2125,2125,1.0,true
353718000,IMO9087221,10559,10959,0.9635003193722055,true
353719000,IMO9181663,25837,25837,1.0,true
353720000,IMO9864992,246,246,1.0,true
353732000,IMO9491575,1690,1690,1.0,true
353751000,IMO9757943,1557,1557,1.0,true
353772000,IMO9897810,4070,4070,1.0,true
353775000,IMO9226932,21483,21483,1.0,true
353778000,IMO9700873,8668,8668,1.0,true
353798000,IMO9864394,10950,10950,1.0,true
353802000,IMO9760122,29,29,1.0,true
353804000,IMO9452919,3748,3748,1.0,true
353814000,IMO9478949,368,368,1.0,true
353821000,IMO9856311,5463,5463,1.0,true
353823000,IMO9116292,551,551,1.0,true
353826000,IMO9890680,201,201,1.0,true
353848000,IMO9158575,570,570,1.0,true
353862000,IMO9681508,12252,12252,1.0,true
353865000,IMO9811036,14589,14589,1.0,true
353873000,IMO9282261,26552,26552,1.0,true
353892000,IMO9258349,175,175,1.0,true
353903000,IMO9560352,11182,11182,1.0,true
353929000,IMO9749946,1777,1777,1.0,true
353931000,IMO9343560,251,251,1.0,true
353933000,IMO9481233,234,234,1.0,true
353934000,IMO9282259,18660,18660,1.0,true
353941000,IMO9817535,2893,2893,1.0,true
353943000,IMO9561253,3231,3231,1.0,true
353968000,IMO9281279,23014,23014,1.0,true
353995000,IMO9182174,1663,1663,1.0,true
353997000,IMO9757204,45881,45881,1.0,true
354013000,IMO9713466,11964,11964,1.0,true
354022000,IMO9850824,45711,45711,1.0,true
354048000,IMO9656400,18442,18442,1.0,true
354053000,IMO9433054,2209,2209,1.0,true
354060000,IMO9624299,8836,8836,1.0,true
354084000,IMO9573842,10317,10317,1.0,true
354091000,IMO9774329,820,820,1.0,true
354101000,IMO9713820,3521,3521,1.0,true
354120000,IMO9463267,1429,1429,1.0,true
354124000,IMO9546801,12755,12755,1.0,true
354141000,IMO9520900,213,213,1.0,true
354149000,IMO9445394,742,742,1.0,true
354162000,IMO9538983,1032,1032,1.0,true
354180000,IMO9590979,1244,1244,1.0,true
354184000,IMO9117868,330,330,1.0,true
354194000,IMO9249207,1687,1687,1.0,true
354196000,IMO9628570,10434,10434,1.0,true
354197000,IMO9638824,1310,1310,1.0,true
354199000,IMO9581174,33410,33410,1.0,true
354202000,IMO9281267,17211,17211,1.0,true
354203000,IMO9250220,4161,4161,1.0,true
354212000,IMO9337638,20529,20529,1.0,true
354227000,IMO9609524,4720,4720,1.0,true
354228000,IMO9755684,6424,6424,1.0,true
354249000,IMO9438377,4070,4070,1.0,true
354250000,IMO9604768,2256,2256,1.0,true
354256000,IMO7930668,6508,6508,1.0,true
354311000,IMO9749403,222,222,1.0,true
354315000,IMO9309461,21564,21564,1.0,true
354340000,IMO9226918,15302,15302,1.0,true
354345000,IMO9875109,1456,1456,1.0,true
354360000,IMO9566605,248,248,1.0,true
354363000,IMO9446489,963,963,1.0,true
354393000,IMO9414981,1233,1233,1.0,true
354394000,IMO9724180,7535,7535,1.0,true
354396000,IMO9565053,6444,6444,1.0,true
354410000,IMO9283887,850,850,1.0,true
354415000,IMO9279965,9503,9503,1.0,true
354421000,IMO9276767,712,712,1.0,true
354422000,IMO9380752,15617,15617,1.0,true
354423000,IMO9338864,1314,1314,1.0,true
354425000,IMO9487419,301,301,1.0,true
354429000,IMO9805726,610,610,1.0,true
354436000,IMO9667306,2000,2000,1.0,true
354455000,IMO9694854,32896,32896,1.0,true
354459000,IMO9851323,2127,2127,1.0,true
354462000,IMO9461398,45345,45345,1.0,true
354499000,IMO9304411,48356,48356,1.0,true
354501000,IMO9755854,507,507,1.0,true
354505000,IMO9181651,9356,9356,1.0,true
354508000,IMO9311244,1896,1896,1.0,true
354519000,IMO9894765,947,947,1.0,true
354530000,IMO9349813,14868,14868,1.0,true
354532000,IMO9674799,1351,1351,1.0,true
354552000,IMO9774264,267,267,1.0,true
354560000,IMO9438365,111,111,1.0,true
354589000,IMO9589695,277,277,1.0,true
354591000,IMO9284738,12769,12769,1.0,true
354604000,IMO9599913,221,221,1.0,true
354617000,IMO8011029,6910,6910,1.0,true
354625000,IMO9404651,10789,10789,1.0,true
354632000,IMO9311189,3220,3220,1.0,true
354634000,IMO9726841,43843,43843,1.0,true
354642000,IMO9496202,389,389,1.0,true
354643000,IMO9563627,30687,30687,1.0,true
354658000,IMO9579884,794,794,1.0,true
354662000,IMO9284764,3345,3345,1.0,true
354668000,IMO9392078,4362,4362,1.0,true
354701000,IMO9851335,9604,9604,1.0,true
354706000,IMO9473755,5925,5925,1.0,true
354709000,IMO9726504,7247,7247,1.0,true
354711000,IMO9155107,3789,3789,1.0,true
354712000,IMO9290282,25816,25816,1.0,true
354726000,IMO9495923,660,660,1.0,true
354727000,IMO9817925,4481,4481,1.0,true
354736000,IMO9434527,1880,1880,1.0,true
354739000,IMO9805312,3255,3255,1.0,true
354744000,IMO9339296,5665,5665,1.0,true
354745000,IMO9351579,1427,1427,1.0,true
354747000,IMO9618501,5113,5113,1.0,true
354751000,IMO9318113,48670,48670,1.0,true
354774000,IMO9433614,3130,3130,1.0,true
354777000,IMO9890903,334,334,1.0,true
354805000,IMO9086710,3097,3097,1.0,true
354822000,IMO9650925,30,30,1.0,true
354827000,IMO7396147,11053,11053,1.0,true
354839000,IMO9395147,22179,22179,1.0,true
354857000,IMO9774460,21409,21409,1.0,true
354868000,IMO9658783,9894,9894,1.0,true
354872000,IMO9708540,1013,1013,1.0,true
354879000,IMO9285110,31531,31531,1.0,true
354884000,IMO9249910,8702,8702,1.0,true
354886000,IMO9345415,60435,60435,1.0,true
354891000,IMO9337640,19460,19460,1.0,true
354896000,IMO9594925,2529,2529,1.0,true
354898000,IMO9384928,225,225,1.0,true
354899000,IMO9283875,280,280,1.0,true
354909000,IMO9780134,3215,3215,1.0,true
354928000,IMO9741437,38949,38949,1.0,true
354929000,IMO9479216,584,584,1.0,true
354962000,IMO9467885,805,805,1.0,true
354972000,IMO9275971,18116,18116,1.0,true
354973000,IMO9699701,243,243,1.0,true
354974000,IMO9544102,4089,4089,1.0,true
355002000,IMO9223980,314,314,1.0,true
355006000,IMO9353278,41110,41110,1.0,true
355024000,IMO9875020,2137,2137,1.0,true
355026000,IMO9633032,973,973,1.0,true
355029000,IMO9228306,942,942,1.0,true
355063000,IMO9648879,8163,8163,1.0,true
355077000,IMO9663245,3410,3410,1.0,true
355109000,IMO9782118,264,264,1.0,true
355132000,IMO9860623,10834,10834,1.0,true
355137000,IMO9181376,3526,3526,1.0,true
355139000,IMO9561289,1791,1791,1.0,true
355142000,IMO9642203,2361,2361,1.0,true
355148000,IMO9692741,4610,4610,1.0,true
355153000,IMO9623740,4802,4802,1.0,true
355170000,IMO9270907,2086,2086,1.0,true
355174000,IMO9561875,3648,3648,1.0,true
355211000,IMO9681493,6548,6548,1.0,true
355216000,IMO9251717,11099,11099,1.0,true
355219000,IMO9860300,419,419,1.0,true
355222000,IMO9355238,3922,3922,1.0,true
355234000,IMO9229398,7271,7271,1.0,true
355256000,IMO9767778,16319,16319,1.0,true
355271000,IMO9395161,10954,10954,1.0,true
355280000,IMO9454515,6108,6108,1.0,true
355283000,IMO9398383,11687,11687,1.0,true
355290000,IMO9590890,272,272,1.0,true
355304000,IMO9673197,3486,3486,1.0,true
355305000,IMO9203954,4649,4649,1.0,true
355308000,IMO9225677,8418,8418,1.0,true
355322000,IMO9552989,5882,5882,1.0,true
355328000,IMO9840506,17593,17593,1.0,true
355342000,IMO9474620,2920,2920,1.0,true
355369000,IMO9548574,15055,15055,1.0,true
355378000,IMO9782182,5339,5339,1.0,true
355395000,IMO9153563,13212,13212,1.0,true
355398000,IMO8517891,1179,1179,1.0,true
355400000,IMO9560364,16174,16174,1.0,true
355401000,IMO9426764,8037,8037,1.0,true
355410000,IMO9414149,8285,8285,1.0,true
355418000,IMO9700964,5055,5241,0.9645105895821409,true
355433000,IMO9337626,14499,14499,1.0,true
355462000,IMO9785603,223,223,1.0,true
355469000,IMO9519511,1504,1504,1.0,true
355480000,IMO9550369,4332,4332,1.0,true
355485000,IMO9699725,553,553,1.0,true
355488000,IMO9536959,10340,10340,1.0,true
355494000,IMO9785988,232,232,1.0,true
355496000,IMO9881172,1543,1543,1.0,true
355506000,IMO9852925,4473,4473,1.0,true
355518000,IMO9454723,5,5,1.0,true
355528000,IMO9799769,638,638,1.0,true
355534000,IMO9667459,2035,2035,1.0,true
355540000,IMO9274939,3384,3384,1.0,true
355557000,IMO9317377,5748,5748,1.0,true
355558000,IMO9510151,1545,1545,1.0,true
355572000,IMO9774032,1780,1780,1.0,true
355576000,IMO9687693,9037,9037,1.0,true
355578000,IMO9874284,12809,12809,1.0,true
355581000,IMO9302102,481,481,1.0,true
355586000,IMO9427134,9405,9405,1.0,true
355594000,IMO9764075,28795,28795,1.0,true
355612000,IMO9687095,18863,18863,1.0,true
355646000,IMO9603996,9295,9295,1.0,true
355649000,IMO9247584,2806,2806,1.0,true
355650000,IMO9189926,27133,27133,1.0,true
355655000,IMO9606003,3940,3940,1.0,true
355663000,IMO9810769,1144,1144,1.0,true
355673000,IMO9658965,13493,13493,1.0,true
355677000,IMO9238583,1454,1454,1.0,true
355680000,IMO9574365,248,248,1.0,true
355703000,IMO9757230,7303,7303,1.0,true
355708000,IMO9279329,5671,5671,1.0,true
355716000,IMO8330528,3943,3943,1.0,true
355729000,IMO9539169,348,348,1.0,true
355745000,IMO9213454,7298,7298,1.0,true
355748000,IMO9496238,13373,13373,1.0,true
355760000,IMO9574377,2335,2335,1.0,true
355768000,IMO9574092,2186,2186,1.0,true
355783000,IMO9410600,696,696,1.0,true
355793000,IMO8310877,731,731,1.0,true
355797000,IMO9125217,4023,4023,1.0,true
355800000,IMO9622801,1350,1350,1.0,true
355817000,IMO9838436,969,969,1.0,true
355825000,IMO9732436,3817,3817,1.0,true
355835000,IMO9110274,10783,10783,1.0,true
355853000,IMO9775141,18219,18219,1.0,true
355857000,IMO9573907,2555,2555,1.0,true
355860000,IMO9460590,667,667,1.0,true
355867000,IMO9876048,18050,18050,1.0,true
355870000,IMO9836907,14235,14235,1.0,true
355872000,IMO9609627,20792,20792,1.0,true
355882000,IMO8511263,5735,5735,1.0,true
355886000,IMO9491680,9888,9888,1.0,true
355899000,IMO9563603,11625,11625,1.0,true
355911000,IMO9598012,1467,1467,1.0,true
355913000,IMO9785615,10219,10219,1.0,true
355919000,IMO9304423,22926,22926,1.0,true
355921000,IMO9856270,17162,17162,1.0,true
355922000,IMO9831517,2530,2530,1.0,true
355924000,IMO9519145,1608,1608,1.0,true
355953000,IMO9254628,20555,20555,1.0,true
355959000,IMO9599092,2541,2541,1.0,true
355972000,IMO9668881,253,253,1.0,true
355980000,IMO9476939,3514,3514,1.0,true
356006000,IMO9478822,57168,57168,1.0,true
356008000,IMO9164586,2966,2966,1.0,true
356010000,IMO9134177,6326,6326,1.0,true
356046000,IMO9450155,1975,1975,1.0,true
356066000,IMO9882322,2941,2941,1.0,true
356073000,IMO9519119,961,961,1.0,true
356087000,IMO9502829,101,101,1.0,true
356088000,IMO9288485,6124,6124,1.0,true
356093000,IMO9299549,23148,23148,1.0,true
356108000,IMO8318879,17004,17004,1.0,true
356110000,IMO9690511,2723,2723,1.0,true
356112000,IMO9305714,1539,1539,1.0,true
356124000,IMO9691151,5005,5005,1.0,true
356144000,IMO9478937,3153,3153,1.0,true
356188000,IMO9641924,1122,1122,1.0,true
356189000,IMO9660011,6818,6818,1.0,true
356205000,IMO9351581,3483,3483,1.0,true
356219000,IMO9713894,227,227,1.0,true
356222000,IMO9589786,628,628,1.0,true
356237000,IMO9425851,12794,12794,1.0,true
356244000,IMO9749972,97,97,1.0,true
356249000,IMO9110377,7285,7285,1.0,true
356285000,IMO9553000,1003,1003,1.0,true
356289000,IMO9703306,3318,3318,1.0,true
356298000,IMO9362700,2286,2286,1.0,true
356308000,IMO9490595,13713,13713,1.0,true
356309000,IMO9792022,7428,7428,1.0,true
356315000,IMO9700809,5641,5641,1.0,true
356320000,IMO9727297,2012,2012,1.0,true
356330000,IMO9372470,12406,12406,1.0,true
356334000,IMO9801158,8279,8279,1.0,true
356340000,IMO9708980,6770,6770,1.0,true
356398000,IMO9883508,4368,4368,1.0,true
356407000,IMO9604172,29302,29302,1.0,true
356408000,IMO9481245,354,354,1.0,true
356411000,IMO9528160,6074,6074,1.0,true
356413000,IMO9292230,15147,16107,0.940398584466381,true
356440000,IMO9625932,223,223,1.0,true
356546000,IMO9550371,3216,3216,1.0,true
356548000,IMO9689794,8414,8414,1.0,true
356555000,IMO9628128,4345,4345,1.0,true
356565000,IMO9444261,2449,2449,1.0,true
356571000,IMO9273909,2399,2399,1.0,true
356577000,IMO9273894,585,585,1.0,true
356579000,IMO9102746,19530,19530,1.0,true
356581000,IMO9345403,8897,8897,1.0,true
356585000,IMO9883015,241,241,1.0,true
356590000,IMO9465215,2891,2891,1.0,true
356624000,IMO9806304,3643,3643,1.0,true
356631000,IMO9740160,723,723,1.0,true
356643000,IMO9561801,4341,4341,1.0,true
356660000,IMO9681704,4675,4675,1.0,true
356668000,IMO9782625,9271,9271,1.0,true
356676000,IMO9454292,693,693,1.0,true
356680000,IMO9593816,3884,3884,1.0,true
356688000,IMO9738777,49,49,1.0,true
356701000,IMO9567245,7871,7871,1.0,true
356707000,IMO9659919,2915,2915,1.0,true
356708000,IMO9112272,19535,19535,1.0,true
356709000,IMO7116406,1163,1163,1.0,true
356718000,IMO9520663,4801,4801,1.0,true
356727000,IMO9580211,21094,21094,1.0,true
356744000,IMO9326158,4878,4878,1.0,true
356749000,IMO9781035,186,186,1.0,true
356752000,IMO9726516,33,33,1.0,true
356755000,IMO9870458,2671,2671,1.0,true
356760000,IMO9546100,2663,2663,1.0,true
356777000,IMO9642227,3778,3778,1.0,true
356779000,IMO9820972,2979,2979,1.0,true
356811000,IMO9317092,6777,6777,1.0,true
356822000,IMO9628568,1572,1572,1.0,true
356827000,IMO9864382,11244,11244,1.0,true
356844000,IMO9286877,610,610,1.0,true
356874000,IMO9728095,1841,1841,1.0,true
356879000,IMO9840972,4200,4200,1.0,true
356882000,IMO9442835,5000,5000,1.0,true
356909000,IMO9355252,1793,1793,1.0,true
356912000,IMO9811921,1031,1031,1.0,true
356941000,IMO9757228,20382,20382,1.0,true
356946000,IMO9251688,40951,40951,1.0,true
356956000,IMO9519133,1369,1369,1.0,true
356961000,IMO9477220,4656,4656,1.0,true
356963000,IMO9616046,101492,101492,1.0,true
357002000,IMO9668386,8642,8642,1.0,true
357016000,IMO9845879,1732,1732,1.0,true
357028000,IMO9531662,9859,9859,1.0,true
357046000,IMO9782974,682,682,1.0,true
357053000,IMO9909065,270,270,1.0,true
357067000,IMO9278143,34429,34429,1.0,true
357069000,IMO9490260,18275,18275,1.0,true
357072000,IMO8413942,243,243,1.0,true
357074000,IMO9799745,18571,18571,1.0,true
357075000,IMO9846287,657,657,1.0,true
357076000,IMO9675585,156,156,1.0,true
357077000,IMO9169158,1330,1330,1.0,true
357079000,IMO9402744,357,357,1.0,true
357086000,IMO9426776,5993,5993,1.0,true
357094000,IMO9869588,18907,19289,0.9801959666130955,true
357096000,IMO9618276,13058,13058,1.0,true
357104000,IMO9502972,19228,19228,1.0,true
357106000,IMO9202649,1230,1230,1.0,true
357110000,IMO9633109,258,258,1.0,true
357114000,IMO9849564,52494,52494,1.0,true
357116000,IMO9727273,2285,2285,1.0,true
357146000,IMO9846330,7539,7539,1.0,true
357147000,IMO9610391,15527,15527,1.0,true
357169000,IMO9594389,5578,5578,1.0,true
357175000,IMO9416965,19269,19269,1.0,true
357180000,IMO9645566,5880,5880,1.0,true
357194000,IMO9727089,43461,43461,1.0,true
357209000,IMO9858292,7465,7465,1.0,true
357213000,IMO9482122,12154,12154,1.0,true
357247000,IMO9169316,928,928,1.0,true
357254000,IMO9719343,2177,2177,1.0,true
357262000,IMO9518098,1828,1828,1.0,true
357277000,IMO9379870,279,279,1.0,true
357279000,IMO9652480,2637,2637,1.0,true
357289000,IMO9317468,10437,10437,1.0,true
357320000,IMO9701190,2278,2278,1.0,true
357329000,IMO9763992,2324,2324,1.0,true
357330000,IMO9675743,3032,3032,1.0,true
357336000,IMO9169328,1163,1163,1.0,true
357347000,IMO9267663,2104,2104,1.0,true
357353000,IMO9561631,13842,13842,1.0,true
357357000,IMO9800879,26741,26741,1.0,true
357359000,IMO9860647,712,712,1.0,true
357370000,IMO9552408,2528,2528,1.0,true
357380000,IMO9203502,19013,19013,1.0,true
357388000,IMO9203526,6465,6465,1.0,true
357396000,IMO9678329,7641,7641,1.0,true
357399000,IMO9342736,7169,7169,1.0,true
357401000,IMO9875147,3031,3031,1.0,true
357405000,IMO9279977,17542,17542,1.0,true
357411000,IMO9209104,9395,9395,1.0,true
357422000,IMO9720079,53,53,1.0,true
357431000,IMO9580235,6911,6911,1.0,true
357437000,IMO9550292,698,698,1.0,true
357444000,IMO9102710,11013,11013,1.0,true
357451000,IMO9863170,4470,4470,1.0,true
357454000,IMO9851347,1345,1345,1.0,true
357455000,IMO9102722,15034,15034,1.0,true
357457000,IMO9775854,884,884,1.0,true
357458000,IMO9875032,2463,2463,1.0,true
357465000,IMO9566461,3049,3049,1.0,true
357480000,IMO9599183,1534,1534,1.0,true
357486000,IMO9855692,4359,4359,1.0,true
357494000,IMO9888871,6873,6873,1.0,true
357499000,IMO9304382,1601,1601,1.0,true
357513000,IMO9454058,443,443,1.0,true
357533000,IMO9711729,5314,5314,1.0,true
357547000,IMO9560376,6225,6225,1.0,true
357568000,IMO9537563,914,914,1.0,true
357591000,IMO9187576,8485,8485,1.0,true
357601000,IMO9196395,1103,1103,1.0,true
357604000,IMO9863106,292,292,1.0,true
357682000,IMO9181558,2241,2241,1.0,true
357694000,IMO9565560,778,778,1.0,true
357726000,IMO9452921,4145,4145,1.0,true
357737000,IMO9168867,5864,5864,1.0,true
357743000,IMO9615327,3254,3254,1.0,true
357758000,IMO9899399,11179,11179,1.0,true
357764000,IMO9768045,5235,5235,1.0,true
357777000,IMO9687215,17119,17119,1.0,true
357795000,IMO9553103,3269,3269,1.0,true
357802000,IMO9181479,678,678,1.0,true
357835000,IMO9434498,3207,3207,1.0,true
357839000,IMO9487586,767,767,1.0,true
357847000,IMO9705421,15897,15897,1.0,true
357891000,IMO9469560,9903,9903,1.0,true
357900000,IMO9206011,1211,1211,1.0,true
357919000,IMO9355044,849,849,1.0,true
357926000,IMO9467392,7345,7345,1.0,true
357928000,IMO9552355,5646,5646,1.0,true
357929000,IMO9409065,3893,3893,1.0,true
357957000,IMO9368900,1069,1069,1.0,true
357961000,IMO9207120,19581,19581,1.0,true
357977000,IMO9700574,3985,3985,1.0,true
357983000,IMO9184940,562,562,1.0,true
357984000,IMO9355501,20363,20363,1.0,true
357988000,IMO9567661,30274,30274,1.0,true
357993000,IMO9355032,4736,4736,1.0,true
357994000,IMO9597408,6872,6872,1.0,true
366101400,IMO9191200,89,89,1.0,true
366102000,IMO9448425,1385,1385,1.0,true
366138000,IMO9388144,2832,2832,1.0,true
366215000,IMO9296353,42411,42411,1.0,true
366230000,IMO9418975,1348,1348,1.0,true
366231000,IMO9126297,2689,2689,1.0,true
366418000,IMO9349526,74100,74100,1.0,true
366479000,IMO9121273,1059,1059,1.0,true
366503000,IMO6905288,571,571,1.0,true
366551000,IMO8200711,542,542,1.0,true
366562000,IMO7907984,44874,44874,1.0,true
366563000,IMO7907996,39794,39794,1.0,true
366574000,IMO6916433,67351,67351,1.0,true
366575000,IMO7226689,37594,37594,1.0,true
366576000,IMO9002037,5544,5544,1.0,true
366605000,IMO9043885,3228,3228,1.0,true
366607000,IMO9043938,432,432,1.0,true
366629000,IMO7729459,57577,57577,1.0,true
366663000,IMO9505065,4716,4716,1.0,true
366677000,IMO9213040,21888,21888,1.0,true
366734000,IMO7390129,477305,477305,1.0,true
366750000,IMO9210309,797,797,1.0,true
366758000,IMO7617905,40604,40604,1.0,true
366766000,IMO9407809,155096,155096,1.0,true
366771000,IMO9303546,502,502,1.0,true
366791000,IMO7729461,61737,61737,1.0,true
366799000,IMO7617890,14366,14366,1.0,true
366816910,IMO9260744,5833,5833,1.0,true
366838000,IMO7602259,225,225,1.0,true
366839000,IMO7530808,261149,261149,1.0,true
366841000,IMO7530810,483180,483180,1.0,true
366842000,IMO7616377,31231,31231,1.0,true
366845210,IMO0000000,6575,6575,1.0,true
366851610,IMO8976475,69299,69299,1.0,true
366893910,IMO5206362,1,1,1.0,true
366911650,IMO8980701,3309,3309,1.0,true
366954010,IMO9297747,41,41,1.0,true
366969950,IMO5203205,106,106,1.0,true
367049000,IMO8219384,110024,110024,1.0,true
367063280,IMO9126297,85000,85000,1.0,true
367070510,IMO8036586,191,191,1.0,true
367074110,IMO7366324,16079,16079,1.0,true
367078110,IMO9350379,1425,1425,1.0,true
367080000,IMO9938353,8566,8566,1.0,true
367093000,IMO9285500,391,391,1.0,true
367111870,IMO9399442,336,336,1.0,true
367123560,IMO8658102,637,637,1.0,true
367124980,IMO9271200,163550,163550,1.0,true
367125000,IMO9310109,22644,22644,1.0,true
367141680,IMO8302246,138250,138250,1.0,true
367166950,IMO9383780,9282,9282,1.0,true
367185000,IMO9498602,156,156,1.0,true
367186630,IMO7011632,574,574,1.0,true
367189890,IMO1193859,50545,50545,1.0,true
367190000,IMO7325253,265,265,1.0,true
367196000,IMO7908005,39972,39972,1.0,true
367211000,IMO7825423,249649,249649,1.0,true
367304000,IMO9302267,25485,25485,1.0,true
367309990,IMO8977754,89,89,1.0,true
367313120,IMO1603447,1673,1673,1.0,true
367332830,IMO9555682,8092,8092,1.0,true
367332840,IMO9555694,3281,3281,1.0,true
367348000,IMO8302442,330856,330856,1.0,true
367353660,IMO9501916,111590,111590,1.0,true
367357000,IMO9452866,35589,35589,1.0,true
367370000,IMO8302466,6980,6980,1.0,true
367371000,IMO8219396,4404,4404,1.0,true
367390890,IMO8741703,1,1,1.0,true
367400840,IMO9585089,285,285,1.0,true
367411370,IMO9585431,50,50,1.0,true
367413160,IMO8964458,4888,4888,1.0,true
367414810,IMO9184122,248,248,1.0,true
367422000,IMO9349514,69355,69355,1.0,true
367432220,IMO9585077,4838,4838,1.0,true
367433790,IMO9578737,1263,1263,1.0,true
367436760,IMO9536258,7598,7598,1.0,true
367438000,IMO9268538,31200,31200,1.0,true
367468270,IMO9603295,2186,2186,1.0,true
367486370,IMO9271195,504299,504299,1.0,true
367492110,IMO9399064,14548,14548,1.0,true
367503980,IMO9506722,18981,18981,1.0,true
367506560,IMO9568835,52664,52664,1.0,true
367510030,IMO9373759,17844,17844,1.0,true
367510770,IMO1236101,1235,1235,1.0,true
367514980,IMO9132234,2671,2671,1.0,true
367527000,IMO9273569,5172,5172,1.0,true
367530350,IMO9643520,143469,143469,1.0,true
367531780,IMO8842234,2327,2327,1.0,true
367535950,IMO9437335,16813,16813,1.0,true
367564890,IMO8987876,7040,7040,1.0,true
367567000,IMO8428583,187,187,1.0,true
367578740,IMO9218686,32037,32037,1.0,true
367581980,IMO9260794,115470,115470,1.0,true
367585890,IMO9647679,17204,17204,1.0,true
367585910,IMO9647576,576,576,1.0,true
367596840,IMO9647590,4931,4931,1.0,true
367596850,IMO9647681,76114,76114,1.0,true
367599260,IMO9712058,4202,4202,1.0,true
367602710,IMO9370692,288,288,1.0,true
367602790,IMO9095096,23624,23624,1.0,true
367606000,IMO9298686,89626,89626,1.0,true
367608620,IMO8975287,2101,2101,1.0,true
367612310,IMO9647693,49696,49696,1.0,true
367612470,IMO9647605,1420,1420,1.0,true
367612480,IMO9647617,18353,18353,1.0,true
367612490,IMO9647629,546,546,1.0,true
367612530,IMO9672600,28097,28097,1.0,true
367622660,IMO9207948,4526,4526,1.0,true
367641230,IMO9619684,65227,65227,1.0,true
367643740,IMO9742704,26599,26599,1.0,true
367645120,IMO9744623,5728,5728,1.0,true
367651380,IMO9724295,11409,11409,1.0,true
367653540,IMO9755090,813,813,1.0,true
367655260,IMO9670638,97044,97044,1.0,true
367665030,IMO9681821,15765,15765,1.0,true
367670000,IMO9688477,430,430,1.0,true
367689970,IMO9724283,8212,8212,1.0,true
367719640,IMO8793562,149866,149866,1.0,true
367721220,IMO9681833,22059,22059,1.0,true
367737720,IMO8983222,1320,1320,1.0,true
367746000,IMO9624885,311,311,1.0,true
367750000,IMO9388118,3515,3515,1.0,true
367754650,IMO9350379,3998,3998,1.0,true
367759000,IMO9305312,94226,94226,1.0,true
367766220,IMO131462900,45522,45522,1.0,true
367775000,IMO9298698,89301,89301,1.0,true
367776050,IMO8842416,33328,33328,1.0,true
367781000,IMO9349552,65665,65665,1.0,true
367782370,IMO9509970,2906,2906,1.0,true
367802000,IMO7714636,16942,16942,1.0,true
367810000,IMO9349552,2044,2044,1.0,true
367819000,IMO9232254,115663,115663,1.0,true
367822000,IMO7825394,28568,28568,1.0,true
367832000,IMO7227205,49764,49764,1.0,true
367833000,IMO7223508,5593,5593,1.0,true
367834000,IMO7234430,803,803,1.0,true
367852000,IMO9552006,107105,107105,1.0,true
368013860,IMO9679725,67780,67780,1.0,true
368016020,IMO8967852,91095,91095,1.0,true
368026000,IMO9218210,413086,413086,1.0,true
368031000,IMO9632583,93369,93369,1.0,true
368035830,IMO896482400,217,217,1.0,true
368042000,IMO9204570,61870,61870,1.0,true
368053000,IMO9311701,43015,43015,1.0,true
368086880,IMO8964769,39729,39729,1.0,true
368099310,IMO9734977,4161,4161,1.0,true
368099390,IMO9670080,1399,1399,1.0,true
368099430,IMO9700988,12572,12572,1.0,true
368100000,IMO9289659,15127,15127,1.0,true
368101000,IMO9175004,13697,13697,1.0,true
368146000,IMO9938339,7486,7486,1.0,true
368160000,IMO9322009,19618,19618,1.0,true
368183220,IMO1063439,8667,8667,1.0,true
368189190,IMO9264623,682,682,1.0,true
368224220,IMO8123509,574,574,1.0,true
368230820,IMO9469405,123168,123168,1.0,true
368237180,IMO9643087,74427,74427,1.0,true
368237190,IMO9622655,416890,416890,1.0,true
368242000,IMO9347499,3812,3812,1.0,true
368264720,IMO9385269,29386,29386,1.0,true
368269000,IMO9129706,94823,94823,1.0,true
368269780,IMO8998112,131907,131907,1.0,true
368270390,IMO9579157,117108,117108,1.0,true
368270970,IMO9694608,228006,228006,1.0,true
368305000,IMO9273674,21194,21194,1.0,true
368305620,IMO0000000,57786,57786,1.0,true
368308420,IMO0568812,35896,35896,1.0,true
368311960,IMO9382877,31558,31558,1.0,true
368311970,IMO9530034,4187,4187,1.0,true
368315650,IMO9199373,313,313,1.0,true
368324450,IMO9382865,40534,40534,1.0,true
368344630,IMO9529683,1492,1492,1.0,true
368357320,IMO8975287,612,612,1.0,true
368359000,IMO9349564,65550,65550,1.0,true
368364550,IMO9665334,319,319,1.0,true
368398460,IMO9685097,971,971,1.0,true
368400000,IMO9382853,1448,1448,1.0,true
368404010,IMO9724295,1482,1482,1.0,true
368444000,IMO9505039,1686,1686,1.0,true
368465000,IMO9273454,9019,9019,1.0,true
368473000,IMO9448114,2583,2583,1.0,true
368684000,IMO9077276,75261,75261,1.0,true
368707000,IMO9112727,109637,109637,1.0,true
368734000,IMO9117038,110813,110813,1.0,true
368784000,IMO9777890,2123,2123,1.0,true
368808000,IMO6924571,115578,115578,1.0,true
368850000,IMO7390105,322380,322380,1.0,true
368992000,IMO7303205,1753,1753,1.0,true
369006000,IMO9938389,8133,8133,1.0,true
369050000,IMO9274991,547,547,1.0,true
369207000,IMO9719056,50513,50513,1.0,true
369209000,IMO9719068,49976,49976,1.0,true
369215000,IMO9349502,69365,69365,1.0,true
369222000,IMO9777888,730,730,1.0,true
369224000,IMO9270115,1434,1434,1.0,true
369240000,IMO9551507,1957,1957,1.0,true
369246000,IMO9315202,62305,62305,1.0,true
369286000,IMO9270127,1291,1291,1.0,true
369293000,IMO9779214,438,438,1.0,true
369296000,IMO9244130,62851,62851,1.0,true
369309000,IMO9315197,73300,73300,1.0,true
369326000,IMO9177428,5322,5322,1.0,true
369327000,IMO9129706,2511,2511,1.0,true
369331000,IMO9645657,2826,2826,1.0,true
369339000,IMO9295218,29420,29420,1.0,true
369344000,IMO9278753,30233,30233,1.0,true
369355000,IMO9837092,44830,44830,1.0,true
369357000,IMO9837107,54525,54525,1.0,true
369363000,IMO9201645,1033,1033,1.0,true
369390000,IMO9314210,94318,94318,1.0,true
369462000,IMO9647514,142614,142614,1.0,true
369463000,IMO9647526,4226,4226,1.0,true
369527000,IMO9158288,2625,2625,1.0,true
369533000,IMO9690389,439,439,1.0,true
369543000,IMO9981910,1714,1714,1.0,true
369751000,IMO9400069,34154,34154,1.0,true
369818000,IMO9160853,17320,17320,1.0,true
369854000,IMO9271418,65890,65890,1.0,true
369886000,IMO9319806,7318,7318,1.0,true
369928000,IMO9593115,53898,53898,1.0,true
370011000,IMO9334234,1654,1654,1.0,true
370024000,IMO9527946,5788,5788,1.0,true
370030000,IMO9520819,7196,7196,1.0,true
370090000,IMO9713430,1128,1128,1.0,true
370095000,IMO9412751,6311,6311,1.0,true
370096000,IMO9581758,255,255,1.0,true
370101000,IMO9897937,4869,4869,1.0,true
370118000,IMO9439125,5509,5509,1.0,true
370130000,IMO9477816,3111,3111,1.0,true
370135000,IMO9438640,2991,2991,1.0,true
370137000,IMO9468724,2355,2355,1.0,true
370152000,IMO9909663,9836,9836,1.0,true
370185000,IMO9514042,611,611,1.0,true
370188000,IMO9345439,48382,48382,1.0,true
370189000,IMO9697894,1316,1316,1.0,true
370193000,IMO9623726,7119,7119,1.0,true
370215000,IMO9606871,609,609,1.0,true
370216000,IMO9458389,27498,27498,1.0,true
370230000,IMO9792034,2619,2619,1.0,true
370235000,IMO9375939,18586,18586,1.0,true
370254000,IMO9351593,13386,13386,1.0,true
370258000,IMO9482237,17003,17003,1.0,true
370271000,IMO9372494,3126,3126,1.0,true
370273000,IMO9349825,8155,8155,1.0,true
370290000,IMO9460033,259,259,1.0,true
370295000,IMO9392157,559,559,1.0,true
370299000,IMO9477919,1141,1141,1.0,true
370302000,IMO9464522,829,829,1.0,true
370314000,IMO9543263,1202,1202,1.0,true
370316000,IMO9846316,8269,8269,1.0,true
370320000,IMO9380271,9687,9687,1.0,true
370325000,IMO9461166,1112,1112,1.0,true
370341000,IMO9461439,19417,19417,1.0,true
370350000,IMO9616060,53186,53186,1.0,true
370361000,IMO9516868,14386,14386,1.0,true
370362000,IMO9603362,286,286,1.0,true
370363000,IMO9238521,9895,9895,1.0,true
370381000,IMO9580247,41037,41037,1.0,true
370392000,IMO9667722,1661,1661,1.0,true
370407000,IMO9388352,18349,18349,1.0,true
370413000,IMO9644043,402,402,1.0,true
370423000,IMO9392080,1951,1951,1.0,true
370453000,IMO9597812,4171,4171,1.0,true
370458000,IMO9458999,20097,20097,1.0,true
370475000,IMO9363106,812,812,1.0,true
370485000,IMO9782364,6517,6517,1.0,true
370508000,IMO9402706,4646,4646,1.0,true
370534000,IMO9425899,624,624,1.0,true
370544000,IMO9902304,2512,2512,1.0,true
370567000,IMO9383106,3556,3556,1.0,true
370574000,IMO9897901,3736,3736,1.0,true
370587000,IMO9302176,31922,31922,1.0,true
370594000,IMO9525429,564,564,1.0,true
370602000,IMO9866677,1200,1200,1.0,true
370633000,IMO9420291,525,525,1.0,true
370640000,IMO9501851,3734,3734,1.0,true
370644000,IMO9591052,3121,3121,1.0,true
370661000,IMO9464455,480,480,1.0,true
370677000,IMO9701047,3452,3452,1.0,true
370681000,IMO9676864,793,793,1.0,true
370696000,IMO9676101,603,603,1.0,true
370735000,IMO9326392,1981,1981,1.0,true
370737000,IMO9691515,1070,1070,1.0,true
370740000,IMO9888857,1509,1509,1.0,true
370744000,IMO9772802,2611,2611,1.0,true
370751000,IMO9206140,1097,1097,1.0,true
370761000,IMO9426130,19363,19363,1.0,true
370785000,IMO9423504,316,316,1.0,true
370808000,IMO9383429,6529,6529,1.0,true
370852000,IMO9409326,2044,2044,1.0,true
370865000,IMO9874985,1447,1447,1.0,true
370869000,IMO9477830,2299,2299,1.0,true
370879000,IMO9658680,6327,6327,1.0,true
370885000,IMO9470777,4115,4115,1.0,true
370892000,IMO9399002,13838,13838,1.0,true
370894000,IMO9401104,16676,16676,1.0,true
370918000,IMO9693769,18597,18597,1.0,true
370930000,IMO9398371,14791,14791,1.0,true
370937000,IMO9336907,292,292,1.0,true
370953000,IMO9679139,30,30,1.0,true
370962000,IMO9363699,1116,1116,1.0,true
370967000,IMO9383417,3906,3906,1.0,true
370968000,IMO9864679,2176,2176,1.0,true
370993000,IMO9401116,25615,25615,1.0,true
371007000,IMO9869590,9032,9032,1.0,true
371040000,IMO9536791,13308,13308,1.0,true
371046000,IMO9673173,21879,21879,1.0,true
371048000,IMO9328558,6139,6139,1.0,true
371051000,IMO9875666,5745,5745,1.0,true
371059000,IMO9289104,27069,27069,1.0,true
371060000,IMO9610432,538,538,1.0,true
371072000,IMO9476525,1548,1548,1.0,true
371085000,IMO9836919,977,977,1.0,true
371128000,IMO9783148,14620,14620,1.0,true
371129000,IMO9574860,5342,5342,1.0,true
371133000,IMO9672222,944,944,1.0,true
371140000,IMO9574054,1497,1497,1.0,true
371147000,IMO9339844,2997,2997,1.0,true
371148000,IMO9880013,6015,6015,1.0,true
371153000,IMO9699969,9519,9519,1.0,true
371161000,IMO9296781,960,960,1.0,true
371163000,IMO9316658,1001,1001,1.0,true
371172000,IMO9442873,875,875,1.0,true
371180000,IMO9518189,251,251,1.0,true
371185000,IMO9338890,738,738,1.0,true
371186000,IMO9866536,3961,3961,1.0,true
371208000,IMO9293454,5253,5253,1.0,true
371210000,IMO9694866,30885,30885,1.0,true
371215000,IMO9706736,18517,18517,1.0,true
371218000,IMO9401130,5409,5409,1.0,true
371222000,IMO9687203,1649,1649,1.0,true
371225000,IMO9885051,8524,8524,1.0,true
371228000,IMO9290531,35975,35975,1.0,true
371233000,IMO9441001,21845,21845,1.0,true
371243000,IMO9123154,17462,17462,1.0,true
371244000,IMO9780706,13086,13086,1.0,true
371245000,IMO9289116,18329,18329,1.0,true
371265000,IMO9659842,1583,1583,1.0,true
371274000,IMO9502958,37739,37739,1.0,true
371277000,IMO9860659,3308,3308,1.0,true
371282000,IMO9855563,11799,11799,1.0,true
371290000,IMO9691620,7407,7407,1.0,true
371293000,IMO9299109,4966,4966,1.0,true
371313000,IMO9727986,3037,3037,1.0,true
371318000,IMO9294343,922,922,1.0,true
371330000,IMO9692727,412,412,1.0,true
371355000,IMO9548732,5847,5847,1.0,true
371365000,IMO9846158,1049,1049,1.0,true
371374000,IMO9558218,10850,10850,1.0,true
371377000,IMO9644304,7142,7142,1.0,true
371383000,IMO9840881,259,259,1.0,true
371384000,IMO9303170,12228,12228,1.0,true
371389000,IMO9775177,6168,6168,1.0,true
371392000,IMO9873278,2821,2821,1.0,true
371410000,IMO9643958,1656,1656,1.0,true
371416000,IMO9610236,1269,1269,1.0,true
371420000,IMO9729881,4073,4073,1.0,true
371422000,IMO9286621,2467,2467,1.0,true
371427000,IMO9293911,1267,1267,1.0,true
371429000,IMO9347580,593,593,1.0,true
371441000,IMO9883091,945,945,1.0,true
371443000,IMO9110975,665,665,1.0,true
371449000,IMO9416977,22718,22718,1.0,true
371463000,IMO9550199,13902,13902,1.0,true
371466000,IMO9290543,51194,51194,1.0,true
371475000,IMO9295397,9407,9407,1.0,true
371478000,IMO9420265,17751,17751,1.0,true
371507000,IMO9687758,676,676,1.0,true
371513000,IMO8221404,20621,20621,1.0,true
371518000,IMO9805324,8437,8437,1.0,true
371519000,IMO9307059,22891,22891,1.0,true
371523000,IMO9317133,2338,2338,1.0,true
371545000,IMO9303510,1908,1908,1.0,true
371559000,IMO9294355,1433,1433,1.0,true
371563000,IMO9777814,1149,1149,1.0,true
371567000,IMO9856309,7041,7041,1.0,true
371570000,IMO9296315,10721,10721,1.0,true
371576000,IMO9768033,3027,3027,1.0,true
371581000,IMO9799707,10573,10573,1.0,true
371582000,IMO9467419,6908,6908,1.0,true
371586000,IMO9875018,3163,3163,1.0,true
371590000,IMO9584906,24408,24408,1.0,true
371598000,IMO9853632,11906,11906,1.0,true
371608000,IMO9392339,1566,1566,1.0,true
371618000,IMO9293595,2950,2950,1.0,true
371626000,IMO9342865,3144,3144,1.0,true
371628000,IMO9316945,9270,9270,1.0,true
371633000,IMO9664897,4421,4421,1.0,true
371638000,IMO9552276,532,532,1.0,true
371646000,IMO9732163,8034,8034,1.0,true
371648000,IMO9303182,3338,3338,1.0,true
371651000,IMO9642148,17712,17712,1.0,true
371655000,IMO9692818,210,210,1.0,true
371659000,IMO9336074,2756,2756,1.0,true
371662000,IMO9543897,1117,1117,1.0,true
371671000,IMO9355240,1153,1153,1.0,true
371697000,IMO9294367,4706,4706,1.0,true
371701000,IMO9511014,4176,4176,1.0,true
371704000,IMO9350068,3877,3877,1.0,true
371706000,IMO9574080,58,58,1.0,true
371707000,IMO9317353,5645,5645,1.0,true
371709000,IMO9459151,8702,8702,1.0,true
371715000,IMO9453298,1437,1437,1.0,true
371716000,IMO9309617,2282,2282,1.0,true
371718000,IMO9881495,5473,5473,1.0,true
371720000,IMO9128116,28484,28484,1.0,true
371752000,IMO9309447,29731,29731,1.0,true
371753000,IMO9461374,13650,13650,1.0,true
371798000,IMO9303194,5318,5318,1.0,true
371799000,IMO9302073,3741,3741,1.0,true
371811000,IMO9866196,2011,2011,1.0,true
371819000,IMO9755672,2335,2335,1.0,true
371836000,IMO9333852,8797,8797,1.0,true
371850000,IMO9633264,6585,6585,1.0,true
371851000,IMO9289128,22932,22932,1.0,true
371860000,IMO9320403,16634,16634,1.0,true
371862000,IMO9519121,2318,2318,1.0,true
371873000,IMO9660097,5728,5728,1.0,true
371878000,IMO9805647,7664,7664,1.0,true
371882000,IMO9860714,2920,2920,1.0,true
371883000,IMO9520792,5894,5894,1.0,true
371885000,IMO9536961,5213,5213,1.0,true
371895000,IMO9616058,47744,47744,1.0,true
371897000,IMO9589803,4483,4483,1.0,true
371908000,IMO9309459,26205,26205,1.0,true
371911000,IMO9456446,4611,4611,1.0,true
371919000,IMO9696436,10999,10999,1.0,true
371929000,IMO9393321,10860,10860,1.0,true
371932000,IMO9460605,3700,3700,1.0,true
371941000,IMO9738947,4534,4534,1.0,true
371951000,IMO9780990,39082,39082,1.0,true
371956000,IMO9708928,8944,8944,1.0,true
371962000,IMO9687655,5173,5173,1.0,true
371964000,IMO9303209,2082,2082,1.0,true
371965000,IMO9553115,18371,18371,1.0,true
371976000,IMO9287182,17357,17357,1.0,true
371977000,IMO9336763,2614,2614,1.0,true
371980000,IMO9337092,13639,13639,1.0,true
371987000,IMO9476769,4527,4527,1.0,true
371991000,IMO9400928,2593,2593,1.0,true
372008000,IMO9309473,5099,5099,1.0,true
372011000,IMO9407483,266,266,1.0,true
372031000,IMO9565558,1050,1050,1.0,true
372038000,IMO9302140,21284,21284,1.0,true
372044000,IMO9605994,1358,1358,1.0,true
372050000,IMO9304435,14650,14650,1.0,true
372051000,IMO9299551,32040,32040,1.0,true
372059000,IMO9758387,5489,5489,1.0,true
372084000,IMO9442859,6311,6311,1.0,true
372092000,IMO9863845,14287,14287,1.0,true
372094000,IMO9672234,636,636,1.0,true
372097000,IMO9293909,3245,3245,1.0,true
372104000,IMO9302138,29280,29280,1.0,true
372117000,IMO9658915,3633,3633,1.0,true
372123000,IMO9320439,12509,12509,1.0,true
372130000,IMO9370214,845,845,1.0,true
372140000,IMO9308895,1332,1332,1.0,true
372148000,IMO9362267,12424,12424,1.0,true
372154000,IMO9587001,8476,8476,1.0,true
372161000,IMO9875006,6407,6407,1.0,true
372164000,IMO9874961,15183,15183,1.0,true
372177000,IMO9744984,7794,7794,1.0,true
372178000,IMO9490600,10063,10063,1.0,true
372191000,IMO9614361,4489,4489,1.0,true
372198000,IMO9836414,251,251,1.0,true
372205000,IMO9749958,1059,1059,1.0,true
372213000,IMO9798832,4314,4314,1.0,true
372218000,IMO9312781,20783,20783,1.0,true
372238000,IMO8401781,12591,12591,1.0,true
372260000,IMO9510929,3529,3529,1.0,true
372267000,IMO9330305,50787,50787,1.0,true
372270000,IMO9425760,5268,5268,1.0,true
372280000,IMO9741413,23314,23314,1.0,true
372283000,IMO9303223,884,884,1.0,true
372290000,IMO9325788,157,157,1.0,true
372308000,IMO9491678,882,882,1.0,true
372309000,IMO9385506,9865,9865,1.0,true
372319000,IMO9337688,26631,26631,1.0,true
372321000,IMO9656553,8545,8545,1.0,true
372339000,IMO9542867,5775,5775,1.0,true
372341000,IMO9323508,23170,23170,1.0,true
372346000,IMO9325439,1154,1154,1.0,true
372348000,IMO9701152,119,119,1.0,true
372355000,IMO9650626,6391,6391,1.0,true
372361000,IMO9496989,16296,16296,1.0,true
372367000,IMO9302152,17381,17381,1.0,true
372386000,IMO9372626,757,757,1.0,true
372390000,IMO9566655,794,794,1.0,true
372399000,IMO9325221,3527,3527,1.0,true
372400000,IMO9467421,19685,19685,1.0,true
372424000,IMO9889100,2486,2486,1.0,true
372443000,IMO9105566,12385,12385,1.0,true
372457000,IMO9449510,2202,2202,1.0,true
372487000,IMO8604979,196,196,1.0,true
372491000,IMO9237151,5057,5057,1.0,true
372506000,IMO9304370,15818,15818,1.0,true
372512000,IMO9312793,24192,24192,1.0,true
372516000,IMO9325233,5098,5098,1.0,true
372531000,IMO9312808,19653,19653,1.0,true
372548000,IMO9325776,1523,1523,1.0,true
372556000,IMO9471795,135,135,1.0,true
372592000,IMO9580273,58782,58782,1.0,true
372610000,IMO9372315,3171,3171,1.0,true
372611000,IMO8203402,10729,10729,1.0,true
372612000,IMO9553141,2972,2972,1.0,true
372613000,IMO9340570,4155,4155,1.0,true
372627000,IMO9446013,3534,3534,1.0,true
372638000,IMO9711901,1154,1154,1.0,true
372665000,IMO9302164,12749,12749,1.0,true
372682000,IMO9616072,38885,38885,1.0,true
372697000,IMO9580261,58115,58115,1.0,true
372707000,IMO9550319,12091,12091,1.0,true
372712000,IMO9317365,20017,20017,1.0,true
372724000,IMO9395159,27976,27976,1.0,true
372734000,IMO9767467,7360,7360,1.0,true
372736000,IMO9336048,12741,12741,1.0,true
372737000,IMO9320453,19180,19180,1.0,true
372747000,IMO9381249,2041,2041,1.0,true
372750000,IMO9851517,1702,1702,1.0,true
372759000,IMO9427005,1584,1584,1.0,true
372771000,IMO9808340,17195,17195,1.0,true
372798000,IMO9104524,5168,5168,1.0,true
372802000,IMO9383431,4041,4041,1.0,true
372812000,IMO9489833,8921,8921,1.0,true
372821000,IMO9914371,1227,1227,1.0,true
372840000,IMO9780146,20712,20712,1.0,true
372843000,IMO9369758,3075,3075,1.0,true
372857000,IMO9339806,1069,1069,1.0,true
372875000,IMO9791975,181,181,1.0,true
372878000,IMO9519212,6010,6010,1.0,true
372879000,IMO9403255,3336,3336,1.0,true
372883000,IMO9636371,2621,2621,1.0,true
372884000,IMO9381237,1986,1986,1.0,true
372901000,IMO9502831,4394,4394,1.0,true
372908000,IMO9619775,1087,1087,1.0,true
372914000,IMO9336050,2156,2156,1.0,true
372918000,IMO9435143,2944,2944,1.0,true
372924000,IMO9658795,5535,5535,1.0,true
372934000,IMO9335173,7904,7904,1.0,true
372945000,IMO9372327,6704,6704,1.0,true
372955000,IMO9333838,17422,17422,1.0,true
372967000,IMO9491666,9237,9237,1.0,true
372973000,IMO9339272,46784,46784,1.0,true
372974000,IMO9805714,560,560,1.0,true
372981000,IMO9519107,1016,1016,1.0,true
372985000,IMO9863792,11191,11191,1.0,true
372995000,IMO9531715,5357,5357,1.0,true
372997000,IMO9419747,345,345,1.0,true
373004000,IMO9467433,12287,12287,1.0,true
373005000,IMO9484467,25110,25110,1.0,true
373012000,IMO9476941,9664,9664,1.0,true
373014000,IMO9758739,30155,30155,1.0,true
373017000,IMO9477189,1289,1289,1.0,true
373021000,IMO8212087,13863,13863,1.0,true
373033000,IMO9603398,711,711,1.0,true
373035000,IMO9604940,644,644,1.0,true
373044000,IMO9340752,8071,8071,1.0,true
373046000,IMO9782170,9569,9569,1.0,true
373048000,IMO9515216,1225,1225,1.0,true
373054000,IMO9860788,304,304,1.0,true
373057000,IMO9620695,2127,2127,1.0,true
373060000,IMO9610195,5815,5815,1.0,true
373061000,IMO9537018,1210,1210,1.0,true
373068000,IMO9465291,11592,11592,1.0,true
373069000,IMO9484481,18267,18267,1.0,true
373071000,IMO9494747,3003,3003,1.0,true
373075000,IMO9604976,6345,6345,1.0,true
373079000,IMO9625827,210,210,1.0,true
373085000,IMO9520601,5495,5495,1.0,true
373096000,IMO9433640,4692,4692,1.0,true
373100000,IMO9667899,735,735,1.0,true
373102000,IMO9626730,18208,18208,1.0,true
373107000,IMO9514121,17522,17522,1.0,true
373115000,IMO9041215,473,473,1.0,true
373119000,IMO9588081,27304,27304,1.0,true
373124000,IMO9463205,5342,5342,1.0,true
373131000,IMO9590072,2888,2888,1.0,true
373132000,IMO9524011,4103,4103,1.0,true
373139000,IMO9495583,1527,1527,1.0,true
373146000,IMO9552886,650,650,1.0,true
373153000,IMO9720067,5510,5510,1.0,true
373158000,IMO9527180,6294,6294,1.0,true
373176000,IMO9643192,15823,15823,1.0,true
373183000,IMO9461415,5119,5119,1.0,true
373188000,IMO9590084,499,499,1.0,true
373189000,IMO9606974,4395,4395,1.0,true
373190000,IMO9514028,378,378,1.0,true
373201000,IMO9567738,4328,4328,1.0,true
373204000,IMO9802085,307,307,1.0,true
373209000,IMO9819985,628,628,1.0,true
373210000,IMO9626742,415,415,1.0,true
373214000,IMO9582996,2537,2537,1.0,true
373223000,IMO9491408,4362,4362,1.0,true
373226000,IMO9909675,5824,5824,1.0,true
373227000,IMO9500687,1201,1201,1.0,true
373228000,IMO9604926,2898,2898,1.0,true
373230000,IMO9610200,580,580,1.0,true
373233000,IMO9484429,12436,12436,1.0,true
373240000,IMO9635743,1802,1802,1.0,true
373256000,IMO9593335,298,298,1.0,true
373267000,IMO9512343,1412,1412,1.0,true
373277000,IMO9614969,1339,1339,1.0,true
373279000,IMO9616034,104787,104787,1.0,true
373281000,IMO9609237,7202,7202,1.0,true
373285000,IMO9850549,46628,46628,1.0,true
373298000,IMO9524023,240,240,1.0,true
373301000,IMO9514107,546,546,1.0,true
373309000,IMO9902081,1221,1221,1.0,true
373310000,IMO9650743,3064,3064,1.0,true
373312000,IMO9667758,866,866,1.0,true
373317000,IMO9688221,878,878,1.0,true
373331000,IMO9591961,1720,1720,1.0,true
373334000,IMO9537020,3259,3259,1.0,true
373355000,IMO9484443,20716,20716,1.0,true
373361000,IMO9732424,2421,2421,1.0,true
373362000,IMO9593347,1318,1318,1.0,true
373363000,IMO9104902,809,809,1.0,true
373383000,IMO9642136,225,225,1.0,true
373387000,IMO9889289,3414,3414,1.0,true
373398000,IMO9620683,3768,3768,1.0,true
373402000,IMO9527207,552,552,1.0,true
373404000,IMO9467445,13732,13732,1.0,true
373412000,IMO9623063,569,569,1.0,true
373415000,IMO9562453,3562,3562,1.0,true
373431000,IMO9650494,2691,2691,1.0,true
373449000,IMO9727352,1811,1811,1.0,true
373454000,IMO9607590,74,74,1.0,true
373457000,IMO9415727,10981,10981,1.0,true
373459000,IMO9392559,1597,1597,1.0,true
373471000,IMO9527958,1574,1574,1.0,true
373485000,IMO9566382,25182,25182,1.0,true
373494000,IMO9614983,5591,5591,1.0,true
373495000,IMO9591973,1220,1220,1.0,true
373500000,IMO9518103,219,219,1.0,true
373505000,IMO9478846,8435,8435,1.0,true
373526000,IMO9498626,4107,4107,1.0,true
373529000,IMO9599755,1525,1525,1.0,true
373553000,IMO9471666,4675,4675,1.0,true
373556000,IMO9609249,2074,2074,1.0,true
373557000,IMO9639464,4510,4510,1.0,true
373569000,IMO9614995,6862,6862,1.0,true
373570000,IMO9520998,948,948,1.0,true
373575000,IMO9526162,3584,3584,1.0,true
373582000,IMO9316361,34921,34921,1.0,true
373585000,IMO9624639,3318,3318,1.0,true
373598000,IMO9606338,20412,20412,1.0,true
373605000,IMO9489821,6330,6330,1.0,true
373607000,IMO9767015,932,932,1.0,true
373611000,IMO9614385,28601,28601,1.0,true
373622000,IMO9499723,19223,19223,1.0,true
373627000,IMO9512290,230,230,1.0,true
373630000,IMO9158276,3745,3745,1.0,true
373636000,IMO9656541,16553,16553,1.0,true
373649000,IMO9588079,20887,20887,1.0,true
373656000,IMO9502843,4413,4413,1.0,true
373662000,IMO9616022,58768,58768,1.0,true
373663000,IMO9668063,8842,8842,1.0,true
373681000,IMO9609512,11303,11303,1.0,true
373694000,IMO9624627,2849,2849,1.0,true
373695000,IMO9260378,3467,3467,1.0,true
373701000,IMO9473690,743,743,1.0,true
373712000,IMO9850800,42369,42369,1.0,true
373721000,IMO9595448,12587,12587,1.0,true
373733000,IMO9561942,610,610,1.0,true
373744000,IMO9602356,2163,2163,1.0,true
373746000,IMO9610652,593,593,1.0,true
373757000,IMO9609299,4447,4447,1.0,true
373765000,IMO9583184,7744,7744,1.0,true
373789000,IMO9591985,12087,12087,1.0,true
373805000,IMO9512044,19115,19115,1.0,true
373810000,IMO9624641,1708,1708,1.0,true
373814000,IMO9604990,264,264,1.0,true
373821000,IMO9643946,1850,1850,1.0,true
373835000,IMO9820984,7290,7290,1.0,true
373836000,IMO9709348,5909,5909,1.0,true
373840000,IMO9633202,711,711,1.0,true
373841000,IMO9651943,1520,1520,1.0,true
373843000,IMO9624328,27,27,1.0,true
373871000,IMO9711925,6782,6782,1.0,true
373874000,IMO9512329,3271,3271,1.0,true
373875000,IMO9625437,2566,2566,1.0,true
373877000,IMO9629976,4676,4676,1.0,true
373879000,IMO9597666,820,820,1.0,true
373897000,IMO9821835,20249,20249,1.0,true
373904000,IMO9374002,5577,5577,1.0,true
373908000,IMO9051686,211,211,1.0,true
373911000,IMO9706750,23470,23470,1.0,true
373913000,IMO9566423,14691,14691,1.0,true
373917000,IMO9624263,369,369,1.0,true
373928000,IMO9622710,2129,2129,1.0,true
373932000,IMO9566394,40115,40115,1.0,true
373943000,IMO9614294,624,624,1.0,true
373965000,IMO9771092,38889,38889,1.0,true
373970000,IMO9659191,6635,6635,1.0,true
373981000,IMO9650822,24835,24835,1.0,true
373996000,IMO9368895,172,172,1.0,true
373997000,IMO9598127,4917,4917,1.0,true
374018000,IMO9790816,3381,3381,1.0,true
374033000,IMO9742405,2893,2893,1.0,true
374035000,IMO9856268,8545,8545,1.0,true
374042000,IMO9624055,3407,3407,1.0,true
374058000,IMO9727443,2186,2186,1.0,true
374069000,IMO9827255,13553,13553,1.0,true
374077000,IMO9760653,3909,3909,1.0,true
374090000,IMO9760134,3647,3647,1.0,true
374092000,IMO9738818,9647,9647,1.0,true
374101000,IMO9713806,6656,6656,1.0,true
374106000,IMO9757527,24540,24540,1.0,true
374113000,IMO9854583,1438,1438,1.0,true
374119000,IMO9659749,2814,2814,1.0,true
374122000,IMO9748069,835,835,1.0,true
374126000,IMO9747948,274,274,1.0,true
374134000,IMO9852212,5153,5153,1.0,true
374152000,IMO9873890,4859,4859,1.0,true
374155000,IMO9836713,8957,8957,1.0,true
374158000,IMO9850537,219906,219906,1.0,true
374171000,IMO9725469,2220,2220,1.0,true
374179000,IMO9796561,23829,23829,1.0,true
374182000,IMO9908279,828,828,1.0,true
374185000,IMO9737369,617,617,1.0,true
374195000,IMO9709001,477,477,1.0,true
374208000,IMO9867425,2009,2009,1.0,true
374211000,IMO9038701,26883,26883,1.0,true
374213000,IMO9758753,14788,14788,1.0,true
374217000,IMO9748019,418,418,1.0,true
374223000,IMO9855604,658,658,1.0,true
374233000,IMO9725445,24523,24523,1.0,true
374243000,IMO9701023,4474,4474,1.0,true
374249000,IMO9757890,9282,9282,1.0,true
374254000,IMO9748045,16706,16706,1.0,true
374267000,IMO9609615,2666,2666,1.0,true
374270000,IMO9701700,3921,3921,1.0,true
374277000,IMO9708930,671,671,1.0,true
374291000,IMO9742417,1344,1344,1.0,true
374298000,IMO9708966,3647,3647,1.0,true
374299000,IMO9748435,1223,1223,1.0,true
374318000,IMO9760108,3881,3881,1.0,true
374327000,IMO9911721,4163,4163,1.0,true
374353000,IMO9779927,19408,19408,1.0,true
374356000,IMO9852664,370,370,1.0,true
374384000,IMO9773480,341,341,1.0,true
374417000,IMO9782259,14481,14481,1.0,true
374423000,IMO9728136,246,246,1.0,true
374438000,IMO9728069,11636,11636,1.0,true
374448000,IMO9867372,7339,7339,1.0,true
374450000,IMO9713818,2896,2896,1.0,true
374462000,IMO9881366,5193,5193,1.0,true
374466000,IMO9460588,657,657,1.0,true
374475000,IMO9863857,7502,7502,1.0,true
374494000,IMO9726695,2040,2040,1.0,true
374495000,IMO9747467,4706,4706,1.0,true
374508000,IMO9817913,7616,7616,1.0,true
374512000,IMO9758143,25182,25182,1.0,true
374514000,IMO9701712,3346,3346,1.0,true
374518000,IMO9790830,8406,8406,1.0,true
374519000,IMO9719355,1509,1509,1.0,true
374546000,IMO9760110,12788,12788,1.0,true
374547000,IMO9709324,617,617,1.0,true
374566000,IMO9875288,192,192,1.0,true
374570000,IMO9790933,253,253,1.0,true
374577000,IMO9718210,2225,2225,1.0,true
374581000,IMO9755696,606,606,1.0,true
374582000,IMO9287443,1446,1446,1.0,true
374590000,IMO9760641,1064,1064,1.0,true
374606000,IMO9713791,9693,9693,1.0,true
374607000,IMO9839284,10976,10976,1.0,true
374637000,IMO9916305,32295,32295,1.0,true
374645000,IMO9708681,11674,11674,1.0,true
374650000,IMO9750311,246,246,1.0,true
374654000,IMO9757826,450,450,1.0,true
374661000,IMO9567269,6485,6485,1.0,true
374668000,IMO9757785,192,192,1.0,true
374677000,IMO9732400,3489,3489,1.0,true
374678000,IMO9728071,5751,5751,1.0,true
374696000,IMO9749855,2221,2221,1.0,true
374706000,IMO9758870,22,22,1.0,true
374710000,IMO9731535,15647,15647,1.0,true
374727000,IMO9736353,6821,6821,1.0,true
374767000,IMO9725457,5306,5306,1.0,true
374778000,IMO9860740,11845,11845,1.0,true
374779000,IMO9728849,17254,17254,1.0,true
374785000,IMO9600619,10097,10097,1.0,true
374792000,IMO9755804,10141,10141,1.0,true
374794000,IMO9737357,6102,6102,1.0,true
374799000,IMO9742429,2133,2133,1.0,true
374803000,IMO9755701,9215,9215,1.0,true
374814000,IMO9708332,3395,3395,1.0,true
374815000,IMO9741384,22497,22497,1.0,true
374821000,IMO9728198,6148,6148,1.0,true
374832000,IMO9767479,14703,14703,1.0,true
374839000,IMO9715452,13383,13383,1.0,true
374840000,IMO9758454,3836,3836,1.0,true
374846000,IMO9659737,9922,9922,1.0,true
374854000,IMO9767766,187,187,1.0,true
374855000,IMO9316098,13001,13001,1.0,true
374858000,IMO9806043,54986,54986,1.0,true
374875000,IMO9738820,11751,11751,1.0,true
374880000,IMO9767572,8383,8383,1.0,true
374886000,IMO9647461,11571,11571,1.0,true
374910000,IMO9758442,4494,4494,1.0,true
374921000,IMO9715440,2539,2539,1.0,true
374922000,IMO9755749,2616,2616,1.0,true
374935000,IMO9737462,29316,29316,1.0,true
374964000,IMO9718985,4140,4140,1.0,true
374971000,IMO9747041,5737,5737,1.0,true
374983000,IMO9916290,14764,14764,1.0,true
374986000,IMO9369136,3439,3439,1.0,true
403297001,IMO9498482,781,781,1.0,true
403519000,IMO9660554,3106,3106,1.0,true
403520001,IMO9620944,8193,8193,1.0,true
403521001,IMO9620956,3609,3609,1.0,true
403526001,IMO9620968,10891,10891,1.0,true
403531001,IMO9626522,6205,6205,1.0,true
403532001,IMO9626534,5145,5145,1.0,true
403533001,IMO9620970,6944,6944,1.0,true
403668001,IMO9826469,635,635,1.0,true
403698000,IMO9837133,1828,1828,1.0,true
403789001,IMO9837121,1941,1941,1.0,true
405000242,IMO9793844,256,256,1.0,true
405000343,IMO9717060,2030,2030,1.0,true
405000345,IMO9731705,13019,13019,1.0,true
405000348,IMO9454187,717,717,1.0,true
405000373,IMO9758741,3878,3878,1.0,true
412032000,IMO9494371,5930,5930,1.0,true
412055000,IMO9223289,8379,8379,1.0,true
412069000,IMO9364758,3552,3552,1.0,true
412343000,IMO9285079,18935,18935,1.0,true
412344000,IMO9617466,224,224,1.0,true
412345000,IMO9407859,12160,12160,1.0,true
412346000,IMO9406805,310,310,1.0,true
412347000,IMO9407873,5054,5054,1.0,true
412349000,IMO9407861,4169,4169,1.0,true
412478000,IMO9864203,3190,3190,1.0,true
412768000,IMO9523146,1544,1544,1.0,true
412842000,IMO9566942,1000,1000,1.0,true
412859000,IMO9523158,1232,1232,1.0,true
413147000,IMO9310056,7102,7102,1.0,true
413148000,IMO9312561,2526,2526,1.0,true
413149000,IMO9312573,8353,8353,1.0,true
413151000,IMO9312585,3456,3456,1.0,true
413153000,IMO9312597,1333,1333,1.0,true
413159000,IMO9337913,4320,4320,1.0,true
413161000,IMO9334935,5272,5272,1.0,true
413165000,IMO9337925,24900,24900,1.0,true
413171000,IMO9337937,34131,34131,1.0,true
413173000,IMO9337949,25972,25972,1.0,true
413196000,IMO9523184,4204,4204,1.0,true
413198000,IMO9523196,12802,12802,1.0,true
413219590,IMO9277632,4699,4699,1.0,true
413279020,IMO9634880,6828,6828,1.0,true
413289250,IMO9611618,1214,1214,1.0,true
413310040,IMO9915014,7761,7761,1.0,true
413336090,IMO9915026,13401,13401,1.0,true
413349820,IMO9432165,13973,13973,1.0,true
413360000,IMO9488217,16954,16954,1.0,true
413376000,IMO9488475,3194,3194,1.0,true
413390180,IMO9619749,3369,3369,1.0,true
413391360,IMO9975727,6021,6021,1.0,true
413471050,IMO9608922,590,590,1.0,true
413489920,IMO9722754,800,800,1.0,true
413513640,IMO9742998,749,749,1.0,true
413515960,IMO9742974,344,344,1.0,true
413518040,IMO9742986,156,156,1.0,true
413532040,IMO9742950,4001,4001,1.0,true
413549320,IMO1014204,352,352,1.0,true
413686000,IMO9494383,14354,14354,1.0,true
413687000,IMO9494395,12231,12231,1.0,true
413702030,IMO9742962,8619,8619,1.0,true
413896000,IMO9416549,5449,5449,1.0,true
413941000,IMO9432737,2137,2137,1.0,true
413985000,IMO9523201,11725,11725,1.0,true
413996000,IMO9326744,20654,20654,1.0,true
414031000,IMO9628219,13945,13945,1.0,true
414037000,IMO9617272,5473,5473,1.0,true
414053000,IMO9628702,686,686,1.0,true
414058000,IMO9595682,7173,7173,1.0,true
414071000,IMO9579274,2364,2364,1.0,true
414145000,IMO9620542,3338,3338,1.0,true
414148000,IMO9591480,393,393,1.0,true
414152000,IMO9655822,436,436,1.0,true
414174000,IMO9663180,313,313,1.0,true
414175000,IMO9663178,10373,10373,1.0,true
414178000,IMO9677337,5471,5471,1.0,true
414189000,IMO9252230,8210,8210,1.0,true
414195000,IMO9326756,15467,15467,1.0,true
414199000,IMO9533050,11032,11032,1.0,true
414224000,IMO9139921,1574,1574,1.0,true
414230000,IMO9742950,1275,1275,1.0,true
414239000,IMO9232113,14484,14484,1.0,true
414246000,IMO9333060,11589,11589,1.0,true
414257000,IMO9252242,20142,20142,1.0,true
414274000,IMO9742974,9298,9298,1.0,true
414329000,IMO9742998,4027,4027,1.0,true
414333000,IMO9280809,4582,4582,1.0,true
414334000,IMO9464699,9304,9304,1.0,true
414348000,IMO9400148,5734,5734,1.0,true
414349000,IMO9400124,11718,11718,1.0,true
414365000,IMO9450947,11766,11766,1.0,true
414366000,IMO9484510,12691,12691,1.0,true
414430000,IMO9439228,1269,1269,1.0,true
414432000,IMO9567403,603,603,1.0,true
414477000,IMO9864186,256,256,1.0,true
414478000,IMO9864198,672,672,1.0,true
414546000,IMO9617478,11257,11257,1.0,true
414599000,IMO9672052,3259,3259,1.0,true
414693000,IMO9450911,2528,2528,1.0,true
414701000,IMO9523213,5714,5714,1.0,true
414706000,IMO9576791,276,276,1.0,true
414715000,IMO9576806,10634,10634,1.0,true
414718000,IMO9663702,6922,6922,1.0,true
414725000,IMO9505455,1288,1288,1.0,true
414727000,IMO9505467,750,750,1.0,true
414740000,IMO9505481,6803,6803,1.0,true
414742000,IMO9606431,8177,8177,1.0,true
414753000,IMO9505493,9283,9283,1.0,true
414771000,IMO9604287,1628,1628,1.0,true
414772000,IMO9712060,1687,1687,1.0,true
414776000,IMO9604275,711,711,1.0,true
414785000,IMO9533062,1411,1411,1.0,true
414786000,IMO9533074,317,317,1.0,true
414799000,IMO9928932,991,991,1.0,true
416464000,IMO9462732,46196,46196,1.0,true
416465000,IMO9462720,56244,56244,1.0,true
416466000,IMO9462718,48355,48355,1.0,true
416467000,IMO9462706,50686,50686,1.0,true
416468000,IMO9462691,47138,47138,1.0,true
416475000,IMO9595486,12504,12504,1.0,true
416481000,IMO9595527,9113,9113,1.0,true
416481100,IMO9595527,1139,1139,1.0,true
416482000,IMO9604081,38653,38653,1.0,true
416491000,IMO9496599,1844,1844,1.0,true
416495000,IMO9604158,13432,13432,1.0,true
416497000,IMO9629093,9314,9314,1.0,true
416498000,IMO9629108,14844,14844,1.0,true
416509000,IMO9629055,7510,7510,1.0,true
419000160,IMO9561332,5897,5897,1.0,true
419000180,IMO9478200,8272,8272,1.0,true
419001016,IMO9723851,2856,2856,1.0,true
419001168,IMO9706554,10828,10828,1.0,true
419001180,IMO9463308,493,493,1.0,true
419001597,IMO9551727,9660,9660,1.0,true
419001672,IMO9455399,2393,2393,1.0,true
428000405,IMO9318163,15174,15174,1.0,true
428002000,IMO9231808,34880,34880,1.0,true
428041000,IMO9471214,8857,8857,1.0,true
428042000,IMO9471202,10431,10431,1.0,true
428403000,IMO9322346,16562,16562,1.0,true
428404000,IMO9322334,19863,19863,1.0,true
428405000,IMO9318163,5917,5917,1.0,true
431003000,IMO9806079,42875,42875,1.0,true
431009000,IMO9875202,7651,7651,1.0,true
431013000,IMO9182277,3645,3645,1.0,true
431014000,IMO9487976,2319,2319,1.0,true
431024000,IMO9531741,2121,2121,1.0,true
431027000,IMO9356701,20091,20091,1.0,true
431042000,IMO9566382,2195,2195,1.0,true
431058000,IMO9293519,3462,3462,1.0,true
431073000,IMO9806081,37490,37490,1.0,true
431079000,IMO9291133,17097,17097,1.0,true
431080000,IMO9741372,47157,47157,1.0,true
431082000,IMO9293521,2569,2569,1.0,true
431113000,IMO9675664,502,502,1.0,true
431120000,IMO9475648,35189,35189,1.0,true
431122000,IMO9552393,16811,16811,1.0,true
431139000,IMO9707546,366,366,1.0,true
431148000,IMO9488009,108,108,1.0,true
431161000,IMO9477191,2995,2995,1.0,true
431172000,IMO9561954,3117,3117,1.0,true
431188000,IMO9899399,2870,2870,1.0,true
431189000,IMO9464455,1948,1948,1.0,true
431190000,IMO9284752,2261,2261,1.0,true
431193000,IMO9960227,1138,1138,1.0,true
431205000,IMO9293571,11776,11776,1.0,true
431221000,IMO9209518,4755,4755,1.0,true
431223000,IMO9498602,606,606,1.0,true
431224000,IMO9498597,4101,4101,1.0,true
431225000,IMO9629914,10019,10019,1.0,true
431241000,IMO9689603,4585,4585,1.0,true
431260000,IMO9689615,25287,25287,1.0,true
431262000,IMO9712644,11638,11638,1.0,true
431296000,IMO9321263,28527,28527,1.0,true
431300000,IMO9991197,1485,1485,1.0,true
431312000,IMO9252204,4476,4476,1.0,true
431314000,IMO9174490,5295,5295,1.0,true
431315000,IMO9339662,37245,37245,1.0,true
431323000,IMO9308883,3935,3935,1.0,true
431332000,IMO9629902,49239,49239,1.0,true
431339000,IMO9150341,3846,3846,1.0,true
431349000,IMO9252228,3291,3291,1.0,true
431350000,IMO9588081,1368,1368,1.0,true
431373000,IMO9584059,719,719,1.0,true
431374000,IMO9774379,25324,25324,1.0,true
431432000,IMO9392353,1098,1098,1.0,true
431440000,IMO9610432,477,477,1.0,true
431449000,IMO9409065,987,987,1.0,true
431472000,IMO9588079,7654,7654,1.0,true
431479000,IMO9424912,2885,2885,1.0,true
431491000,IMO9790880,760,760,1.0,true
431495000,IMO9344057,145,145,1.0,true
431496000,IMO9629914,1979,1979,1.0,true
431497000,IMO9991185,2486,2486,1.0,true
431501000,IMO9482237,479,479,1.0,true
431510000,IMO9424924,1715,1715,1.0,true
431522000,IMO9424936,6256,6256,1.0,true
431527000,IMO9209271,5199,5199,1.0,true
431528000,IMO9424900,7084,7084,1.0,true
431534000,IMO9355202,502,502,1.0,true
431536000,IMO1046049,863,863,1.0,true
431546000,IMO9506710,503,503,1.0,true
431550000,IMO9174282,763,763,1.0,true
431552000,IMO9741396,38850,38850,1.0,true
431554000,IMO9293650,3078,3078,1.0,true
431556000,IMO9182289,3240,3240,1.0,true
431573000,IMO9544918,4075,4075,1.0,true
431578000,IMO9403279,54,54,1.0,true
431585000,IMO9293894,2888,2888,1.0,true
431605000,IMO9610406,1239,1239,1.0,true
431637000,IMO9536818,2469,2469,1.0,true
431647000,IMO9402718,3685,3685,1.0,true
431651000,IMO9757993,2923,2923,1.0,true
431654000,IMO9806067,48294,48294,1.0,true
431655000,IMO9806055,30615,30615,1.0,true
431664000,IMO9820867,253,253,1.0,true
431667000,IMO9906984,12306,12306,1.0,true
431688000,IMO9085687,552,552,1.0,true
431695000,IMO9100592,3443,3443,1.0,true
431710000,IMO9468308,42781,42781,1.0,true
431718000,IMO9604940,7628,7628,1.0,true
431740000,IMO9554200,2546,2546,1.0,true
431747000,IMO9553115,2313,2313,1.0,true
431761000,IMO9539169,572,572,1.0,true
431766000,IMO9477921,3380,3380,1.0,true
431772000,IMO9741449,40499,40499,1.0,true
431777000,IMO9335953,793,793,1.0,true
431779000,IMO9363651,595,595,1.0,true
431783000,IMO9273909,6037,6037,1.0,true
431792000,IMO9741425,46152,46152,1.0,true
431800000,IMO9759989,261,261,1.0,true
431814000,IMO9273894,955,955,1.0,true
431823000,IMO9603403,229,229,1.0,true
431833000,IMO9888883,239,239,1.0,true
431839000,IMO9338620,5005,5005,1.0,true
431842000,IMO9461312,3205,3205,1.0,true
431851000,IMO9861861,9858,9858,1.0,true
431857000,IMO9338632,2519,2519,1.0,true
431858000,IMO9283875,1541,1541,1.0,true
431865000,IMO9759977,757,757,1.0,true
431868000,IMO9293662,2681,2681,1.0,true
431881000,IMO9476757,2200,2200,1.0,true
431882000,IMO9658927,1633,1633,1.0,true
431888000,IMO9784776,41357,41357,1.0,true
431912000,IMO9283887,1009,1009,1.0,true
431921000,IMO9338876,10645,10645,1.0,true
431929000,IMO9805477,44056,44056,1.0,true
431934000,IMO9606479,2745,2745,1.0,true
431981000,IMO9805453,43477,43477,1.0,true
431986000,IMO9784788,44308,44308,1.0,true
431989000,IMO9805465,15529,15529,1.0,true
432433000,IMO9272888,13677,13677,1.0,true
432440000,IMO9272890,14011,14011,1.0,true
432624000,IMO9335965,1402,1402,1.0,true
432629000,IMO9339820,1731,1731,1.0,true
432633000,IMO9339832,376,376,1.0,true
432651000,IMO9381677,4802,4802,1.0,true
432664000,IMO9355214,2105,2105,1.0,true
432665000,IMO9442885,184,184,1.0,true
432666000,IMO9464388,12461,12461,1.0,true
432669000,IMO9355226,3524,3524,1.0,true
432712000,IMO9476733,5335,5335,1.0,true
432716000,IMO9409340,2225,2225,1.0,true
432722000,IMO9426350,1488,1488,1.0,true
432723000,IMO9476745,2299,2299,1.0,true
432729000,IMO9426362,1864,1864,1.0,true
432734000,IMO9426374,2558,2558,1.0,true
432783000,IMO9531739,1497,1497,1.0,true
432803000,IMO9531753,1047,1047,1.0,true
432817000,IMO9539171,4546,4546,1.0,true
432824000,IMO9574107,165,165,1.0,true
432839000,IMO9604938,1175,1175,1.0,true
432857000,IMO9615195,1569,1569,1.0,true
432930000,IMO9443073,4681,4681,1.0,true
440009000,IMO9637246,38628,38628,1.0,true
440022000,IMO9395939,7263,7263,1.0,true
440023000,IMO9768928,3536,3536,1.0,true
440032000,IMO9623219,24675,24675,1.0,true
440040000,IMO9471616,23805,23805,1.0,true
440049000,IMO9593323,27753,27753,1.0,true
440057000,IMO8904068,40537,40537,1.0,true
440058000,IMO9203588,2958,2958,1.0,true
440062000,IMO9114177,774,774,1.0,true
440073000,IMO9605994,244,244,1.0,true
440083000,IMO9336050,607,607,1.0,true
440086000,IMO9347425,39655,43792,0.9055306905370843,true
440093000,IMO9312834,3389,3389,1.0,true
440104000,IMO9477919,73,73,1.0,true
440111000,IMO946470400,9014,9014,1.0,true
440112000,IMO9171113,37276,37276,1.0,true
440114000,IMO9176606,7381,7381,1.0,true
440117000,IMO9742170,3294,3294,1.0,true
440141000,IMO9312767,37070,37070,1.0,true
440151000,IMO9312937,33636,33636,1.0,true
440152000,IMO9626376,2978,2978,1.0,true
440161000,IMO9122930,3469,3469,1.0,true
440172000,IMO9638147,459,459,1.0,true
440176000,IMO9637234,30158,30158,1.0,true
440189000,IMO9312949,30848,30848,1.0,true
440202000,IMO9254848,763,806,0.9466501240694789,true
440204000,IMO9336074,358,358,1.0,true
440209000,IMO9686546,6117,6117,1.0,true
440219000,IMO9767558,2211,2211,1.0,true
440220000,IMO9312779,29894,29894,1.0,true
440245000,IMO9702417,742,742,1.0,true
440249000,IMO9775828,2391,2391,1.0,true
440252000,IMO9702429,873,873,1.0,true
440253000,IMO9318515,13980,13980,1.0,true
440254000,IMO9702431,49,49,1.0,true
440255000,IMO9749568,1623,1798,0.9026696329254728,true
440257000,IMO9749570,1280,1280,1.0,true
440260000,IMO9749594,750,750,1.0,true
440269000,IMO9122942,2251,2251,1.0,true
440292000,IMO9158604,1199,1199,1.0,true
440314000,IMO9782326,3380,3380,1.0,true
440334000,IMO9367592,83,83,1.0,true
440338000,IMO9367580,32,32,1.0,true
440352000,IMO9731391,1344,1344,1.0,true
440367000,IMO9477830,34,34,1.0,true
440371000,IMO9158616,5738,5738,1.0,true
440377000,IMO9860386,285,285,1.0,true
440379000,IMO9421257,2443,2443,1.0,true
440390000,IMO9869215,2565,2565,1.0,true
440559000,IMO9347607,7657,7657,1.0,true
440607000,IMO9238820,2451,2451,1.0,true
440657000,IMO9869239,2896,2896,1.0,true
440737000,IMO9597680,1292,1292,1.0,true
440797000,IMO9519145,708,708,1.0,true
440880000,IMO9869227,2698,2698,1.0,true
440906000,IMO9706994,869,869,1.0,true
440981000,IMO9869186,2410,2410,1.0,true
441005000,IMO9253155,2629,2629,1.0,true
441058000,IMO9869198,1072,1072,1.0,true
441115000,IMO9446001,7431,7431,1.0,true
441120000,IMO9445992,2626,2626,1.0,true
441133000,IMO9674177,1211,1211,1.0,true
441144000,IMO9606041,11673,11673,1.0,true
441151000,IMO9674165,1987,1987,1.0,true
441156000,IMO9674189,1358,1358,1.0,true
441162000,IMO9869174,2737,2737,1.0,true
441168000,IMO9651101,3193,3193,1.0,true
441188000,IMO9651113,3233,3233,1.0,true
441190000,IMO9590591,1931,1931,1.0,true
441200000,IMO9590589,481,481,1.0,true
441265000,IMO9392810,5583,5583,1.0,true
441266000,IMO9347449,6325,6325,1.0,true
441301000,IMO9455648,6852,6852,1.0,true
441302000,IMO9451898,1828,1828,1.0,true
441304000,IMO9419759,1425,1425,1.0,true
441310000,IMO9445409,711,711,1.0,true
441343000,IMO9323510,8833,8833,1.0,true
441344000,IMO9414876,2279,2279,1.0,true
441357000,IMO9070462,756,756,1.0,true
441397000,IMO9707027,524,524,1.0,true
441398000,IMO9323522,3508,3508,1.0,true
441399000,IMO9323508,3028,3028,1.0,true
441467000,IMO9445980,4035,4035,1.0,true
441486000,IMO9637260,26796,26796,1.0,true
441487000,IMO9626003,1500,1500,1.0,true
441553000,IMO9470313,958,958,1.0,true
441642000,IMO9605724,597,597,1.0,true
441688000,IMO9491379,2520,2520,1.0,true
441701000,IMO9312755,30114,30114,1.0,true
441708000,IMO9626015,288,288,1.0,true
441722000,IMO9176632,2735,2735,1.0,true
441736000,IMO9347592,6782,6782,1.0,true
441754000,IMO9637258,33782,33782,1.0,true
441866000,IMO9312822,6277,6277,1.0,true
441947000,IMO9203576,4101,4101,1.0,true
441981000,IMO9637222,24080,24080,1.0,true
441992000,IMO9122966,3534,3534,1.0,true
441995000,IMO9203590,1935,1935,1.0,true
447928700,IMO9359038,82,82,1.0,true
466214000,IMO9317535,868,868,1.0,true
477001100,IMO9619464,23915,23915,1.0,true
477001300,IMO9644524,686,686,1.0,true
477001700,IMO9484364,15767,15767,1.0,true
477002200,IMO9708461,26542,26542,1.0,true
477002800,IMO9751315,7080,7080,1.0,true
477003800,IMO9377963,7421,7421,1.0,true
477004700,IMO9484405,18534,18534,1.0,true
477006100,IMO9723514,288,288,1.0,true
477006500,IMO9684641,18775,18775,1.0,true
477007300,IMO8414738,21920,21920,1.0,true
477010300,IMO9628324,1033,1033,1.0,true
477013700,IMO9256353,1158,1158,1.0,true
477014600,IMO9227027,18417,18417,1.0,true
477014800,IMO9224300,2397,2397,1.0,true
477014900,IMO9290115,12738,12738,1.0,true
477015100,IMO1039357,117,117,1.0,true
477015800,IMO9989340,1374,1374,1.0,true
477018000,IMO9233466,10762,10762,1.0,true
477019300,IMO1038391,2607,2607,1.0,true
477019400,IMO9621895,111,111,1.0,true
477019500,IMO1045227,695,695,1.0,true
477019600,IMO9304382,636,636,1.0,true
477019800,IMO9988346,10062,10062,1.0,true
477020200,IMO9290103,35795,35795,1.0,true
477020700,IMO9290127,1424,1424,1.0,true
477021700,IMO9796999,528,528,1.0,true
477023200,IMO9751339,7553,7553,1.0,true
477023400,IMO9755476,8713,8713,1.0,true
477023500,IMO9726176,3385,3385,1.0,true
477023600,IMO9782015,14425,14425,1.0,true
477025400,IMO9949716,20069,20069,1.0,true
477025500,IMO1044508,1519,1519,1.0,true
477027300,IMO9747508,730,730,1.0,true
477027400,IMO9747522,564,564,1.0,true
477027500,IMO9751365,9147,9147,1.0,true
477027600,IMO9721578,3338,3338,1.0,true
477030700,IMO9516416,41473,41473,1.0,true
477030800,IMO9659189,8253,8253,1.0,true
477035100,IMO9789922,20725,20725,1.0,true
477035200,IMO9731896,14440,14440,1.0,true
477035400,IMO9780603,2619,2619,1.0,true
477035500,IMO9780615,4550,4550,1.0,true
477040800,IMO9272230,2485,2485,1.0,true
477044300,IMO8414726,13060,13060,1.0,true
477045400,IMO9728370,2074,2074,1.0,true
477046800,IMO9335886,1552,1552,1.0,true
477049800,IMO9444924,2962,2962,1.0,true
477050400,IMO9642772,5174,5174,1.0,true
477050700,IMO9609457,11636,11636,1.0,true
477050800,IMO9611931,263,263,1.0,true
477051600,IMO9593713,268,268,1.0,true
477056400,IMO9334923,65522,65522,1.0,true
477057400,IMO9751341,2005,2005,1.0,true
477058200,IMO9401788,4123,4123,1.0,true
477065200,IMO9472127,51765,51765,1.0,true
477066200,IMO9727285,808,808,1.0,true
477066700,IMO9713337,15942,15942,1.0,true
477067800,IMO9477907,16862,16862,1.0,true
477067900,IMO9486087,42951,42951,1.0,true
477070400,IMO9290892,6878,6878,1.0,true
477071700,IMO9385972,3739,3739,1.0,true
477076500,IMO9317406,10592,10592,1.0,true
477077800,IMO9484326,4379,4379,1.0,true
477078100,IMO9712905,369,369,1.0,true
477078300,IMO9712216,807,807,1.0,true
477078900,IMO9712515,3523,3523,1.0,true
477083800,IMO9525376,8276,8276,1.0,true
477085400,IMO9989352,1399,1399,1.0,true
477090000,IMO9278868,4989,4989,1.0,true
477091500,IMO9568914,272,272,1.0,true
477095300,IMO9615561,1875,1875,1.0,true
477096100,IMO9609500,264,264,1.0,true
477096900,IMO9542661,563,563,1.0,true
477098100,IMO9631474,2,2,1.0,true
477100300,IMO9757840,13287,13287,1.0,true
477102200,IMO9380764,1710,1710,1.0,true
477103900,IMO9599119,6872,6872,1.0,true
477105200,IMO9317418,1590,1590,1.0,true
477105300,IMO9301794,6214,6214,1.0,true
477105600,IMO9300790,23827,23827,1.0,true
477106800,IMO9301809,18315,18315,1.0,true
477107200,IMO9355551,24616,24616,1.0,true
477108100,IMO9472141,38349,38349,1.0,true
477108600,IMO9451343,597,597,1.0,true
477108700,IMO9438614,10707,10707,1.0,true
477108800,IMO9537006,351,351,1.0,true
477111800,IMO9385984,871,871,1.0,true
477112100,IMO9731901,645,645,1.0,true
477112200,IMO9712462,5725,5725,1.0,true
477112700,IMO9768605,3912,3912,1.0,true
477114300,IMO9377987,2340,2340,1.0,true
477116400,IMO9949728,14305,14305,1.0,true
477116500,IMO9949766,10659,10659,1.0,true
477117300,IMO9591533,2849,2849,1.0,true
477117400,IMO9645877,3594,3594,1.0,true
477117900,IMO9645891,43064,43064,1.0,true
477118400,IMO9502336,164,164,1.0,true
477121800,IMO9668922,4700,4700,1.0,true
477123700,IMO9624108,1135,1135,1.0,true
477123800,IMO9624093,13265,13265,1.0,true
477124900,IMO9302891,18593,18593,1.0,true
477127700,IMO9507532,13148,13148,1.0,true
477127900,IMO9685358,4899,4899,1.0,true
477128700,IMO9949778,15541,15541,1.0,true
477128800,IMO9949730,6384,6384,1.0,true
477129300,IMO9708447,23687,23687,1.0,true
477131300,IMO9748370,5493,5493,1.0,true
477131400,IMO9668910,956,956,1.0,true
477131700,IMO9734733,247,247,1.0,true
477133300,IMO9397858,3505,3505,1.0,true
477133400,IMO9683441,33760,33760,1.0,true
477133500,IMO9638434,313,313,1.0,true
477133700,IMO9200823,2197,2197,1.0,true
477133800,IMO9300178,4098,4098,1.0,true
477135600,IMO9472189,31729,31729,1.0,true
477136800,IMO9355563,51436,51436,1.0,true
477137300,IMO9731377,8995,8995,1.0,true
477137800,IMO9751377,5752,5752,1.0,true
477138100,IMO9945899,6726,6726,1.0,true
477138900,IMO9949780,5632,5632,1.0,true
477139500,IMO9731975,373,373,1.0,true
477139600,IMO9792876,5017,5017,1.0,true
477140100,IMO9949742,6651,6651,1.0,true
477141200,IMO9386005,987,987,1.0,true
477141700,IMO8700242,17325,17325,1.0,true
477142300,IMO9472206,9,9,1.0,true
477142900,IMO9767845,1891,1891,1.0,true
477143900,IMO9377999,6374,6374,1.0,true
477145400,IMO1097086,252,252,1.0,true
477145900,IMO9945904,6648,6648,1.0,true
477147300,IMO9816567,3507,3507,1.0,true
477147400,IMO9663269,1322,1322,1.0,true
477147800,IMO9722065,3161,3161,1.0,true
477148700,IMO9757864,54305,54305,1.0,true
477148900,IMO9731987,1457,1457,1.0,true
477150300,IMO9740134,10225,10225,1.0,true
477150500,IMO9644835,3191,3191,1.0,true
477150800,IMO9802308,2523,2523,1.0,true
477151500,IMO9502348,6915,6915,1.0,true
477151900,IMO9800623,2572,2572,1.0,true
477153200,IMO9786047,1578,1578,1.0,true
477156100,IMO9949792,2779,2779,1.0,true
477156900,IMO9945916,2415,2415,1.0,true
477157500,IMO9792888,985,985,1.0,true
477157600,IMO9767857,2715,2715,1.0,true
477157700,IMO9767998,11514,11514,1.0,true
477157900,IMO9741126,6055,6055,1.0,true
477159100,IMO9778131,16938,16938,1.0,true
477160100,IMO9272216,15238,15238,1.0,true
477162100,IMO9727663,1946,1946,1.0,true
477162800,IMO9740158,4816,4816,1.0,true
477166100,IMO9758492,2064,2064,1.0,true
477166300,IMO9778129,13971,13971,1.0,true
477166600,IMO9757876,52961,52961,1.0,true
477166700,IMO9768007,7053,7053,1.0,true
477166800,IMO9811505,1570,1570,1.0,true
477167100,IMO9595711,241,241,1.0,true
477168200,IMO9792890,634,634,1.0,true
477168400,IMO9785744,49506,49506,1.0,true
477168600,IMO9543251,4779,4779,1.0,true
477170400,IMO9434905,1767,1767,1.0,true
477172300,IMO9598995,5617,5617,1.0,true
477172600,IMO9840790,1007,1007,1.0,true
477172900,IMO9792905,3887,3887,1.0,true
477173100,IMO9482483,684,684,1.0,true
477174600,IMO9525479,11024,11024,1.0,true
477174900,IMO9525388,15417,15417,1.0,true
477176300,IMO9520912,8899,8899,1.0,true
477176800,IMO9361782,19154,19154,1.0,true
477177400,IMO9378008,6309,6309,1.0,true
477177900,IMO8700254,30146,30146,1.0,true
477178200,IMO9334662,21950,21950,1.0,true
477178400,IMO9332511,25426,25426,1.0,true
477181700,IMO9708174,8502,8502,1.0,true
477181800,IMO9760354,2676,2676,1.0,true
477182200,IMO9622588,64918,64918,1.0,true
477182300,IMO9622590,52363,52363,1.0,true
477183100,IMO9811517,282,282,1.0,true
477183200,IMO9735842,9576,9576,1.0,true
477183400,IMO9801720,10515,10515,1.0,true
477183500,IMO9792917,10502,10502,1.0,true
477183600,IMO9735830,4974,4974,1.0,true
477183900,IMO9785768,60625,60625,1.0,true
477188500,IMO9619737,7757,7757,1.0,true
477189300,IMO9355575,52415,52415,1.0,true
477191600,IMO9767895,505,505,1.0,true
477193700,IMO9703538,2765,2765,1.0,true
477194600,IMO9757888,29495,29495,1.0,true
477194800,IMO9785809,57569,57569,1.0,true
477195100,IMO9235531,7778,7778,1.0,true
477195600,IMO9580039,6539,6539,1.0,true
477195700,IMO9610731,5688,5688,1.0,true
477195800,IMO9610717,2896,2896,1.0,true
477195900,IMO9659892,10591,10591,1.0,true
477196100,IMO9591674,766,766,1.0,true
477196900,IMO9539365,2035,2035,1.0,true
477197100,IMO9434917,12236,12236,1.0,true
477197600,IMO9379935,1206,1206,1.0,true
477198000,IMO9144354,4455,4455,1.0,true
477201900,IMO8710182,9356,9356,1.0,true
477202800,IMO9520962,6766,6766,1.0,true
477203100,IMO9622605,47973,47973,1.0,true
477207300,IMO9402627,4714,4714,1.0,true
477207400,IMO9437385,9374,9374,1.0,true
477207600,IMO9443487,10511,10511,1.0,true
477207700,IMO9407134,13613,13613,1.0,true
477209200,IMO9684471,806,806,1.0,true
477209500,IMO9675781,267,267,1.0,true
477209900,IMO9684469,24,24,1.0,true
477211100,IMO9355355,2656,2656,1.0,true
477211700,IMO9584243,8298,8298,1.0,true
477213800,IMO9492713,19378,19378,1.0,true
477214400,IMO9328481,13489,13489,1.0,true
477214700,IMO9300805,67713,67713,1.0,true
477214800,IMO9312664,3626,3626,1.0,true
477219700,IMO9669615,2130,2130,1.0,true
477219900,IMO9516430,59924,59924,1.0,true
477220100,IMO9627980,36125,36125,1.0,true
477220200,IMO9627978,49104,49104,1.0,true
477220600,IMO9302841,6803,6803,1.0,true
477222700,IMO9622617,3634,3634,1.0,true
477222900,IMO9621144,3501,3501,1.0,true
477224600,IMO9591997,3531,3531,1.0,true
477224800,IMO9613874,7200,7200,1.0,true
477230100,IMO9722338,952,952,1.0,true
477230200,IMO9721073,19777,19777,1.0,true
477230300,IMO9720976,1434,1434,1.0,true
477230400,IMO9721061,6725,6725,1.0,true
477231100,IMO9710892,6272,6272,1.0,true
477231500,IMO9663271,3041,3041,1.0,true
477232200,IMO9785794,53941,53941,1.0,true
477233300,IMO9785756,48889,48889,1.0,true
477233600,IMO9830068,2728,2728,1.0,true
477234300,IMO9740108,6856,6856,1.0,true
477234900,IMO9782041,2770,2770,1.0,true
477243200,IMO9610729,1443,1443,1.0,true
477244300,IMO9846251,18873,18873,1.0,true
477244400,IMO9767900,3529,3529,1.0,true
477250100,IMO9438638,19314,19314,1.0,true
477252500,IMO9701059,9686,9686,1.0,true
477252600,IMO9400289,1254,1254,1.0,true
477252700,IMO9751298,2919,2919,1.0,true
477257100,IMO9645853,22162,22162,1.0,true
477264900,IMO9473406,1155,1155,1.0,true
477266700,IMO9587178,473,473,1.0,true
477266900,IMO9448815,19472,19472,1.0,true
477269200,IMO9848522,4710,4710,1.0,true
477269400,IMO9785811,53648,53648,1.0,true
477271100,IMO9683257,281,281,1.0,true
477271300,IMO9645906,62292,62292,1.0,true
477271400,IMO9516466,64816,64816,1.0,true
477271600,IMO9268928,3398,3398,1.0,true
477271700,IMO9715311,3781,3781,1.0,true
477271800,IMO9666053,4757,4757,1.0,true
477271900,IMO9685322,16807,16807,1.0,true
477280900,IMO9284001,9054,9054,1.0,true
477282600,IMO9343481,23053,23053,1.0,true
477283000,IMO9117741,614,614,1.0,true
477286200,IMO9785770,60091,60091,1.0,true
477286300,IMO9785782,54202,54202,1.0,true
477286400,IMO9496147,5230,5230,1.0,true
477286800,IMO9830070,2235,2235,1.0,true
477287000,IMO9074078,217,217,1.0,true
477288000,IMO9245196,790,790,1.0,true
477289300,IMO9707625,17992,17992,1.0,true
477293100,IMO9627992,43701,43701,1.0,true
477293200,IMO9628001,50664,50664,1.0,true
477293400,IMO9611711,8802,8802,1.0,true
477293500,IMO9611709,718,718,1.0,true
477293600,IMO9642045,5750,5750,1.0,true
477293900,IMO9645865,61676,61676,1.0,true
477300100,IMO9663855,7124,7124,1.0,true
477300600,IMO9683245,1073,1073,1.0,true
477300800,IMO9470399,11928,11928,1.0,true
477301100,IMO9747558,12157,12157,1.0,true
477301400,IMO9747546,11714,11714,1.0,true
477301500,IMO9738492,695,695,1.0,true
477302100,IMO9496214,3657,3657,1.0,true
477302200,IMO9320013,16455,16455,1.0,true
477302500,IMO9439747,5540,5540,1.0,true
477305100,IMO9642186,1764,1764,1.0,true
477305900,IMO9619476,27033,27033,1.0,true
477307300,IMO9465306,2582,2582,1.0,true
477307400,IMO9465318,5019,5019,1.0,true
477307800,IMO9728681,2002,2002,1.0,true
477307900,IMO9739666,1233,1233,1.0,true
477308100,IMO9789623,2736,2736,1.0,true
477308200,IMO9753296,3316,3316,1.0,true
477308400,IMO9320001,18156,18156,1.0,true
477308800,IMO9753272,4911,4911,1.0,true
477311200,IMO9497268,483,483,1.0,true
477311400,IMO9603972,4712,4712,1.0,true
477312300,IMO9808651,1086,1086,1.0,true
477312900,IMO9520924,13609,13609,1.0,true
477314200,IMO9718624,20152,20152,1.0,true
477314800,IMO9728332,1506,1506,1.0,true
477318100,IMO9748801,25159,25159,1.0,true
477318400,IMO9196852,21350,21350,1.0,true
477318500,IMO9426336,12519,12519,1.0,true
477318600,IMO9421439,2885,2885,1.0,true
477318700,IMO9197545,7222,7222,1.0,true
477319300,IMO9484376,13075,13075,1.0,true
477319400,IMO9613862,7938,7938,1.0,true
477326100,IMO9830082,2109,2109,1.0,true
477326600,IMO9854337,10850,10850,1.0,true
477327200,IMO9649304,4852,4852,1.0,true
477327700,IMO9748813,3699,3699,1.0,true
477327800,IMO9847205,6106,6106,1.0,true
477328800,IMO9615482,4964,4964,1.0,true
477333100,IMO9734721,2594,2594,1.0,true
477333200,IMO9752424,9882,9882,1.0,true
477333300,IMO9440930,4376,4376,1.0,true
477333600,IMO9726190,5544,5544,1.0,true
477333700,IMO9791963,629,629,1.0,true
477335300,IMO9603489,783,783,1.0,true
477340200,IMO9584217,5387,5387,1.0,true
477340500,IMO9592434,229,229,1.0,true
477346500,IMO9535163,20747,20747,1.0,true
477347400,IMO9704635,35507,35507,1.0,true
477347500,IMO9738090,4625,4625,1.0,true
477348300,IMO9739678,12683,12683,1.0,true
477348500,IMO9244934,14451,14451,1.0,true
477351500,IMO9495076,1417,1417,1.0,true
477351600,IMO9311402,4116,4116,1.0,true
477369100,IMO9860221,9357,9357,1.0,true
477379000,IMO9121297,11242,11242,1.0,true
477387400,IMO9487081,868,868,1.0,true
477387500,IMO9418303,7343,7343,1.0,true
477390100,IMO9695224,3752,3752,1.0,true
477390200,IMO9591557,225,225,1.0,true
477390300,IMO9630406,4219,4219,1.0,true
477392200,IMO9523299,4943,4943,1.0,true
477392700,IMO9860233,4735,4735,1.0,true
477397800,IMO9472177,40727,40727,1.0,true
477398000,IMO9200421,5539,5539,1.0,true
477399500,IMO8700266,4321,4321,1.0,true
477401700,IMO9614969,49221,49221,1.0,true
477407100,IMO9331907,30733,30733,1.0,true
477407900,IMO9630377,24611,24611,1.0,true
477410100,IMO9537630,4652,4652,1.0,true
477410500,IMO9838448,434,434,1.0,true
477410800,IMO9800439,242,242,1.0,true
477410900,IMO9847396,9931,9931,1.0,true
477413200,IMO9637430,1835,1835,1.0,true
477423100,IMO9525467,1929,1929,1.0,true
477424800,IMO9493640,2763,2763,1.0,true
477427300,IMO9619842,2873,2873,1.0,true
477427500,IMO9516404,53583,53583,1.0,true
477427600,IMO9610676,7699,7699,1.0,true
477430100,IMO9708459,36701,36701,1.0,true
477434500,IMO9615676,366,366,1.0,true
477435600,IMO9336751,1052,1052,1.0,true
477441300,IMO9719903,2703,2703,1.0,true
477441400,IMO9630389,6388,6388,1.0,true
477441500,IMO9638410,2735,2735,1.0,true
477441800,IMO9645889,41523,41523,1.0,true
477444300,IMO9638484,7863,7863,1.0,true
477444500,IMO9613850,126,126,1.0,true
477444700,IMO9610664,8740,8740,1.0,true
477454100,IMO9684665,20403,20403,1.0,true
477454300,IMO9431898,2403,2403,1.0,true
477454600,IMO9736286,1661,1661,1.0,true
477454900,IMO9613587,18402,18402,1.0,true
477462400,IMO9535187,28301,28301,1.0,true
477462500,IMO9593725,6579,6579,1.0,true
477462800,IMO9636943,1264,1264,1.0,true
477464100,IMO9655846,2574,2574,1.0,true
477464200,IMO9640671,12782,12782,1.0,true
477464400,IMO9484340,6674,6674,1.0,true
477464500,IMO9484352,12252,12252,1.0,true
477468300,IMO9847401,709,709,1.0,true
477468500,IMO9872523,2623,2623,1.0,true
477468600,IMO9872511,5939,5939,1.0,true
477468700,IMO9844992,5292,5292,1.0,true
477468800,IMO9640059,4044,4044,1.0,true
477468900,IMO9840673,234,234,1.0,true
477477200,IMO9715191,2272,2272,1.0,true
477477300,IMO9702716,241,241,1.0,true
477477500,IMO9712199,1759,1759,1.0,true
477478500,IMO9370147,609,609,1.0,true
477478700,IMO9713349,2836,2836,1.0,true
477486300,IMO9658953,6827,6827,1.0,true
477493100,IMO9458224,8209,8209,1.0,true
477493200,IMO9459644,516,516,1.0,true
477510600,IMO9244946,25143,25143,1.0,true
477514700,IMO9589229,319,319,1.0,true
477518100,IMO9657870,1449,1449,1.0,true
477518300,IMO9657844,4268,4268,1.0,true
477518500,IMO9698599,2970,2970,1.0,true
477519900,IMO9610705,909,909,1.0,true
477520600,IMO9263071,204,204,1.0,true
477520900,IMO9294202,1698,1698,1.0,true
477521100,IMO9868443,2401,2401,1.0,true
477521600,IMO9736406,1646,1646,1.0,true
477524100,IMO9704609,24599,24599,1.0,true
477524700,IMO9704611,27680,27680,1.0,true
477524900,IMO9738088,6282,6282,1.0,true
477527900,IMO9727651,330,330,1.0,true
477528100,IMO9583017,10949,10949,1.0,true
477528400,IMO9468293,37907,37907,1.0,true
477528500,IMO9480552,1478,1478,1.0,true
477534200,IMO9509516,2658,2658,1.0,true
477537900,IMO9775165,2735,2735,1.0,true
477547100,IMO9407146,40479,40479,1.0,true
477548400,IMO9708162,8,8,1.0,true
477552200,IMO9294393,12494,12494,1.0,true
477552800,IMO9294381,11055,11055,1.0,true
477554000,IMO9160798,8184,8184,1.0,true
477559900,IMO9457294,10507,10507,1.0,true
477581100,IMO9328493,11655,11655,1.0,true
477581400,IMO9301835,9346,9346,1.0,true
477587000,IMO9160803,631,631,1.0,true
477588100,IMO9721554,4467,4467,1.0,true
477588200,IMO9728356,332,332,1.0,true
477591300,IMO9853888,8098,8098,1.0,true
477591700,IMO9847413,23588,23588,1.0,true
477594600,IMO9865893,7322,7322,1.0,true
477595900,IMO9548548,1857,1857,1.0,true
477598200,IMO9593751,1325,1325,1.0,true
477598800,IMO9472165,62224,62224,1.0,true
477607600,IMO9343493,22034,22034,1.0,true
477607700,IMO9310238,39483,39483,1.0,true
477607709,IMO9310237,1117,1117,1.0,true
477608600,IMO9670808,239,239,1.0,true
477608700,IMO9660152,1302,1302,1.0,true
477615400,IMO9433107,791,791,1.0,true
477617600,IMO9417256,39189,39189,1.0,true
477617700,IMO9417244,44997,44997,1.0,true
477620100,IMO9712175,6613,6613,1.0,true
477620800,IMO9740093,2521,2521,1.0,true
477621200,IMO9539743,484,484,1.0,true
477622700,IMO9548550,15104,15104,1.0,true
477624100,IMO9447847,40042,40042,1.0,true
477624800,IMO9850551,4266,4266,1.0,true
477625400,IMO9447902,5511,5511,1.0,true
477625500,IMO9853890,463,463,1.0,true
477625700,IMO9088237,33,33,1.0,true
477625800,IMO9853905,31767,31767,1.0,true
477627300,IMO9407158,41292,41292,1.0,true
477629200,IMO9890628,21226,21226,1.0,true
477629300,IMO9890654,12858,12858,1.0,true
477630100,IMO9850563,5675,5675,1.0,true
477630800,IMO9872470,1652,1652,1.0,true
477631200,IMO9619866,4875,4875,1.0,true
477631300,IMO9619878,7350,7350,1.0,true
477632300,IMO9890604,631,631,1.0,true
477632400,IMO9890616,4604,4604,1.0,true
477633300,IMO9317793,1117,1117,1.0,true
477634100,IMO9509528,596,596,1.0,true
477634700,IMO9231810,1,1,1.0,true
477634900,IMO9434943,15239,15239,1.0,true
477636600,IMO9768954,2505,2505,1.0,true
477636800,IMO9751327,4313,4313,1.0,true
477636900,IMO9718636,9502,9502,1.0,true
477637500,IMO9727077,1234,1234,1.0,true
477637600,IMO9645920,55694,55694,1.0,true
477637700,IMO9719915,259,259,1.0,true
477638900,IMO9598177,3279,3279,1.0,true
477639300,IMO9484546,36029,36029,1.0,true
477639500,IMO9484558,12934,12934,1.0,true
477641700,IMO9482471,5793,5793,1.0,true
477648100,IMO9192442,14927,14927,1.0,true
477648700,IMO9190781,14266,14266,1.0,true
477648800,IMO9190755,11948,11948,1.0,true
477652300,IMO9516428,37829,37829,1.0,true
477652700,IMO9610688,4215,4215,1.0,true
477654500,IMO9760598,21317,21317,1.0,true
477654600,IMO9693214,2595,2595,1.0,true
477655900,IMO9407160,23762,23762,1.0,true
477657600,IMO9343510,1311,1311,1.0,true
477664600,IMO9190731,10948,10948,1.0,true
477664800,IMO9874686,245,245,1.0,true
477665200,IMO9190767,11029,11029,1.0,true
477665400,IMO9850587,5613,5613,1.0,true
477669100,IMO9721580,4242,4242,1.0,true
477669400,IMO9788629,1291,1291,1.0,true
477669500,IMO9755464,8041,8041,1.0,true
477681400,IMO9705316,1211,1211,1.0,true
477681500,IMO9705287,3810,3810,1.0,true
477681600,IMO9705299,5485,5485,1.0,true
477681700,IMO9705304,3718,3718,1.0,true
477681900,IMO9190743,14944,14944,1.0,true
477684100,IMO9727637,375,375,1.0,true
477684200,IMO9244922,22331,22331,1.0,true
477684500,IMO9722431,20273,20273,1.0,true
477684600,IMO9763631,4247,4247,1.0,true
477686200,IMO9284269,3166,3166,1.0,true
477686700,IMO9197002,7158,7158,1.0,true
477686800,IMO9683439,523,523,1.0,true
477690600,IMO9301847,15022,15022,1.0,true
477691700,IMO9546899,1166,1166,1.0,true
477692400,IMO9705134,3053,3053,1.0,true
477692500,IMO9749831,1750,1750,1.0,true
477692900,IMO9791951,1316,1316,1.0,true
477694300,IMO9626053,1974,1974,1.0,true
477696200,IMO9909091,996,996,1.0,true
477696400,IMO9853917,29486,29486,1.0,true
477696900,IMO9881677,11071,11071,1.0,true
477698600,IMO9516478,26037,26037,1.0,true
477698700,IMO9685334,3674,3674,1.0,true
477698900,IMO9666027,504,504,1.0,true
477699600,IMO9630418,4577,4577,1.0,true
477699700,IMO9720328,6849,6849,1.0,true
477699800,IMO9720316,5731,5731,1.0,true
477700500,IMO9317482,3092,3092,1.0,true
477700600,IMO9438626,20550,20550,1.0,true
477706100,IMO9913640,23315,23315,1.0,true
477706300,IMO9909106,842,842,1.0,true
477706700,IMO9913652,5886,5886,1.0,true
477706900,IMO9850599,8737,8737,1.0,true
477708100,IMO9675729,4129,4129,1.0,true
477708500,IMO9910894,10661,10661,1.0,true
477708600,IMO9874698,293,293,1.0,true
477711300,IMO9446104,12015,12015,1.0,true
477712200,IMO9715323,4038,4038,1.0,true
477713100,IMO9715220,1908,1908,1.0,true
477713200,IMO9702481,5257,5257,1.0,true
477713300,IMO9738105,711,711,1.0,true
477713800,IMO9710177,6576,6576,1.0,true
477714100,IMO9461506,20457,20457,1.0,true
477714200,IMO9726009,28182,28182,1.0,true
477714300,IMO9190779,12931,12931,1.0,true
477714400,IMO9726011,16041,16041,1.0,true
477714600,IMO9461491,10405,10405,1.0,true
477716400,IMO9853929,627,627,1.0,true
477716500,IMO9566576,4239,4239,1.0,true
477716800,IMO9913664,3716,3716,1.0,true
477716900,IMO9911587,2687,2687,1.0,true
477717300,IMO9913676,36946,36946,1.0,true
477717700,IMO9284556,4034,4034,1.0,true
477717800,IMO9874715,257,257,1.0,true
477721800,IMO9605085,10911,10911,1.0,true
477722300,IMO9911599,3566,3566,1.0,true
477722600,IMO9853931,3945,3945,1.0,true
477722800,IMO9919888,3550,3550,1.0,true
477723500,IMO9460394,3790,3790,1.0,true
477723800,IMO9570486,5425,5425,1.0,true
477723900,IMO9682928,8268,8268,1.0,true
477728400,IMO9162215,24387,24387,1.0,true
477730100,IMO9738117,3456,3456,1.0,true
477730900,IMO9728679,1506,1506,1.0,true
477732100,IMO9641780,1247,1247,1.0,true
477732300,IMO9544140,2975,2975,1.0,true
477732800,IMO9913688,28940,28940,1.0,true
477733300,IMO9295153,2660,2660,1.0,true
477735300,IMO9901790,1515,1515,1.0,true
477735800,IMO9930909,5032,5032,1.0,true
477735900,IMO9919357,35075,35075,1.0,true
477737100,IMO9715206,6794,6794,1.0,true
477737600,IMO9704623,42893,42893,1.0,true
477737800,IMO9727871,11094,11094,1.0,true
477738200,IMO9448762,41501,41501,1.0,true
477738500,IMO9417268,52313,52313,1.0,true
477738700,IMO9404869,29406,29406,1.0,true
477739700,IMO9629639,6719,6719,1.0,true
477742600,IMO9291212,3594,3594,1.0,true
477742700,IMO9471240,1792,1792,1.0,true
477745700,IMO9573854,7684,7684,1.0,true
477746600,IMO9276200,859,859,1.0,true
477746900,IMO9600839,12440,12440,1.0,true
477748500,IMO9435038,44430,44430,1.0,true
477748600,IMO9432127,10204,10204,1.0,true
477748900,IMO9414905,5515,5515,1.0,true
477752800,IMO9268942,6237,6237,1.0,true
477752900,IMO9610755,1025,1025,1.0,true
477754600,IMO9344681,21304,21304,1.0,true
477759200,IMO9590230,9594,9594,1.0,true
477764600,IMO9472153,51268,51268,1.0,true
477765800,IMO9484261,10752,10752,1.0,true
477767300,IMO9632296,2097,2097,1.0,true
477767900,IMO9610743,18907,18907,1.0,true
477769600,IMO9708435,3524,3524,1.0,true
477770200,IMO9352042,27141,27141,1.0,true
477770300,IMO9352030,25530,25530,1.0,true
477770700,IMO9448774,34240,34240,1.0,true
477776100,IMO9630365,17941,17941,1.0,true
477776200,IMO9516442,57541,57541,1.0,true
477790100,IMO9702704,254,254,1.0,true
477790200,IMO9739082,4070,4070,1.0,true
477790500,IMO9630420,8828,8828,1.0,true
477790600,IMO9693197,4831,4831,1.0,true
477792400,IMO9591832,2076,2076,1.0,true
477793600,IMO9928877,265,265,1.0,true
477794000,IMO9218313,1083,1083,1.0,true
477798100,IMO9930911,1241,1241,1.0,true
477798500,IMO9913690,10974,10974,1.0,true
477798700,IMO9632985,992,992,1.0,true
477802200,IMO9445174,1421,1421,1.0,true
477802700,IMO9531909,22940,22940,1.0,true
477806000,IMO9199268,2240,2240,1.0,true
477809700,IMO9934199,1774,1774,1.0,true
477811300,IMO9913224,666,666,1.0,true
477811800,IMO9919383,11003,11003,1.0,true
477813200,IMO9629653,1959,1959,1.0,true
477813300,IMO9584231,4239,4239,1.0,true
477814100,IMO9571272,1208,1208,1.0,true
477815200,IMO9351608,28124,28124,1.0,true
477815300,IMO9418327,1782,1782,1.0,true
477818000,IMO9014066,294,294,1.0,true
477829600,IMO9367621,9117,9117,1.0,true
477829700,IMO9310240,39322,39322,1.0,true
477830800,IMO9301859,3807,3807,1.0,true
477832100,IMO9293868,5100,5100,1.0,true
477832300,IMO9484390,1268,1268,1.0,true
477832400,IMO9622629,64445,64445,1.0,true
477832500,IMO9622631,63522,63522,1.0,true
477832600,IMO9619854,20049,20049,1.0,true
477836600,IMO9934175,5280,5280,1.0,true
477842400,IMO9945473,9956,9956,1.0,true
477842500,IMO9945485,26515,26515,1.0,true
477845200,IMO9666041,2409,2409,1.0,true
477845600,IMO9516454,67774,67774,1.0,true
477846600,IMO9934357,2760,2760,1.0,true
477848700,IMO9645918,61288,61288,1.0,true
477849400,IMO9318319,42234,42234,1.0,true
477849700,IMO9712931,6480,6480,1.0,true
477850300,IMO9751303,10972,10972,1.0,true
477850400,IMO9747510,9013,9013,1.0,true
477850900,IMO9791884,4156,4156,1.0,true
477851200,IMO9495064,249,249,1.0,true
477851700,IMO9487043,1426,1426,1.0,true
477852800,IMO9423516,1420,1420,1.0,true
477852900,IMO9587154,2715,2715,1.0,true
477854900,IMO9741530,4794,4794,1.0,true
477855500,IMO9733600,7128,7128,1.0,true
477855600,IMO9728394,12650,12650,1.0,true
477855700,IMO9728409,4622,4622,1.0,true
477856300,IMO9948023,647,647,1.0,true
477856800,IMO9934369,2948,2948,1.0,true
477857000,IMO9014078,2665,2665,1.0,true
477866100,IMO9459333,252,252,1.0,true
477866200,IMO9492696,1435,1435,1.0,true
477866300,IMO9492701,16291,16291,1.0,true
477866600,IMO9539834,8268,8268,1.0,true
477867300,IMO9589798,14091,14091,1.0,true
477867700,IMO9497878,4999,4999,1.0,true
477867800,IMO9934371,6007,6007,1.0,true
477867900,IMO9934383,2757,2757,1.0,true
477871200,IMO9936381,2821,2821,1.0,true
477871300,IMO9936379,12381,12381,1.0,true
477871400,IMO9931109,18473,18473,1.0,true
477871500,IMO9931094,25353,25353,1.0,true
477878000,IMO9117739,1941,1941,1.0,true
477883200,IMO9363637,6826,6826,1.0,true
477884500,IMO9715490,272,272,1.0,true
477885500,IMO9674385,694,694,1.0,true
477886100,IMO9726229,5405,5405,1.0,true
477886600,IMO9476927,881,881,1.0,true
477886700,IMO9615157,3530,3530,1.0,true
477886800,IMO9520596,1576,1576,1.0,true
477886900,IMO9757797,269,269,1.0,true
477887100,IMO9615169,11416,11416,1.0,true
477887300,IMO9624641,336,336,1.0,true
477887400,IMO9940631,1171,1171,1.0,true
477890100,IMO9931111,18108,18108,1.0,true
477890500,IMO9352016,24698,24698,1.0,true
477891200,IMO9359002,43893,43893,1.0,true
477891500,IMO9931123,19698,19698,1.0,true
477891700,IMO9352004,13748,13748,1.0,true
477893100,IMO9434931,5729,5729,1.0,true
477893200,IMO9352028,16365,16365,1.0,true
477893400,IMO9388340,4643,4643,1.0,true
477893700,IMO9359014,29718,29718,1.0,true
477895200,IMO9388352,17015,17015,1.0,true
477895300,IMO9953286,3843,3843,1.0,true
477895700,IMO9359052,13473,13473,1.0,true
477897700,IMO9371062,3463,3463,1.0,true
477900400,IMO9740079,3166,3166,1.0,true
477900500,IMO9712943,3700,3700,1.0,true
477900700,IMO9712888,833,833,1.0,true
477902500,IMO9632284,372,372,1.0,true
477902600,IMO9632301,21110,21110,1.0,true
477904300,IMO9200811,18729,18729,1.0,true
477906900,IMO9978743,395,395,1.0,true
477907100,IMO9931135,16763,16763,1.0,true
477907200,IMO9952696,4611,4611,1.0,true
477907300,IMO9952684,4598,4598,1.0,true
477907600,IMO9967952,5173,5173,1.0,true
477907700,IMO9964663,1995,1995,1.0,true
477907900,IMO9944792,6765,6765,1.0,true
477909100,IMO9801706,2013,2013,1.0,true
477909200,IMO9967964,15436,15436,1.0,true
477909700,IMO9359026,33175,33175,1.0,true
477913100,IMO9751286,7026,7026,1.0,true
477913300,IMO9768930,1073,1073,1.0,true
477914200,IMO9458420,6681,6681,1.0,true
477914300,IMO9458432,2582,2582,1.0,true
477914600,IMO9613848,8138,8138,1.0,true
477914700,IMO9613836,7913,7913,1.0,true
477915800,IMO9731808,1775,1775,1.0,true
477915900,IMO9721566,832,832,1.0,true
477920300,IMO9285005,17342,17342,1.0,true
477921500,IMO9953303,3762,3762,1.0,true
477921600,IMO9932490,18045,18045,1.0,true
477921800,IMO9967976,14143,14143,1.0,true
477921900,IMO9971903,5383,5383,1.0,true
477922100,IMO9359040,32792,32792,1.0,true
477925700,IMO9533361,2435,2435,1.0,true
477928700,IMO9359038,34142,34142,1.0,true
477929100,IMO9932517,14259,14259,1.0,true
477929600,IMO9967990,12638,12638,1.0,true
477929700,IMO9967988,14164,14164,1.0,true
477931100,IMO9605011,703,703,1.0,true
477931400,IMO9936422,2823,2823,1.0,true
477931500,IMO9944807,6788,6788,1.0,true
477931600,IMO9952713,8999,8999,1.0,true
477931700,IMO9968009,3154,3154,1.0,true
477933000,IMO9263069,7857,7857,1.0,true
477939700,IMO9738519,5002,5002,1.0,true
477940100,IMO9978779,3592,3592,1.0,true
477940400,IMO9953341,9689,9689,1.0,true
477940500,IMO9932505,13022,13022,1.0,true
477940800,IMO9990832,555,555,1.0,true
477941200,IMO9932529,13388,13388,1.0,true
477941300,IMO9953353,1414,1414,1.0,true
477941400,IMO9832652,213,213,1.0,true
477941500,IMO9811921,1521,1521,1.0,true
477941800,IMO9952725,9148,9148,1.0,true
477942100,IMO9274460,884,884,1.0,true
477945100,IMO9936393,3046,3046,1.0,true
477945200,IMO9968011,11380,11380,1.0,true
477945300,IMO9944819,3195,3195,1.0,true
477945500,IMO9932531,11082,11082,1.0,true
477946000,IMO9251999,22239,22239,1.0,true
477947100,IMO9535204,15637,15637,1.0,true
477947800,IMO9566588,1192,1192,1.0,true
477948600,IMO9722443,1595,1595,1.0,true
477948700,IMO9715218,4008,4008,1.0,true
477948800,IMO9704647,28983,28983,1.0,true
477948900,IMO9738507,192,192,1.0,true
477950300,IMO9472139,46664,46664,1.0,true
477950400,IMO9497218,1249,1249,1.0,true
477958900,IMO9164275,514,514,1.0,true
477959200,IMO9448798,24160,24160,1.0,true
477961200,IMO9580326,2165,2165,1.0,true
477961400,IMO9482500,328,328,1.0,true
477961500,IMO9592886,3893,3893,1.0,true
477965600,IMO9952749,5952,5952,1.0,true
477965700,IMO9968059,1954,1954,1.0,true
477965800,IMO9968023,6680,6680,1.0,true
477965900,IMO9968035,9475,9475,1.0,true
477966100,IMO9968047,9079,9079,1.0,true
477966400,IMO9990856,360,360,1.0,true
477967400,IMO9727376,1099,1099,1.0,true
477967800,IMO9695145,3290,3290,1.0,true
477969800,IMO9338541,1210,1210,1.0,true
477973000,IMO9233454,109,109,1.0,true
477975000,IMO9285017,5644,5644,1.0,true
477978700,IMO9606534,661,661,1.0,true
477982500,IMO9432141,7353,7353,1.0,true
477982600,IMO9515735,1322,1322,1.0,true
477987500,IMO9968085,1964,1964,1.0,true
477999100,IMO9293583,2538,2538,1.0,true
518998507,IMO9352224,14451,14451,1.0,true
525119170,IMO9362322,9963,9963,1.0,true
533130272,IMO9311828,360,360,1.0,true
533132134,IMO9206023,389,389,1.0,true
533180014,IMO9316921,660,660,1.0,true
533180059,IMO9277486,446,446,1.0,true
533180090,IMO9082324,5771,5771,1.0,true
536052500,IMO9283198,6145,6145,1.0,true
538001657,IMO9233246,3734,3734,1.0,true
538001682,IMO7609726,67118,67118,1.0,true
538002113,IMO9316165,16371,16371,1.0,true
538002125,IMO9423554,234,234,1.0,true
538002179,IMO9261023,1106,1106,1.0,true
538002227,IMO9285043,9900,9900,1.0,true
538002314,IMO9729489,16800,16800,1.0,true
538002316,IMO9490624,8380,8380,1.0,true
538002376,IMO9387358,1,1,1.0,true
538002381,IMO9320996,31115,31115,1.0,true
538002459,IMO9286566,6621,6621,1.0,true
538002511,IMO9296808,13380,13380,1.0,true
538002544,IMO9490636,26533,26533,1.0,true
538002548,IMO9296262,4089,4089,1.0,true
538002570,IMO9557123,16083,16083,1.0,true
538002572,IMO9490662,3538,3538,1.0,true
538002633,IMO9361237,3016,3016,1.0,true
538002640,IMO9401491,8485,8485,1.0,true
538002641,IMO9361201,4474,4474,1.0,true
538002659,IMO9284843,8063,8063,1.0,true
538002668,IMO9490698,13266,13266,1.0,true
538002733,IMO9324849,11345,11345,1.0,true
538002743,IMO9490686,7502,7502,1.0,true
538002748,IMO9396206,17184,17184,1.0,true
538002749,IMO9300532,8958,8958,1.0,true
538002750,IMO9396218,9196,9196,1.0,true
538002751,IMO9300520,18,18,1.0,true
538002808,IMO9316153,31018,31018,1.0,true
538002823,IMO9359313,2157,2157,1.0,true
538002825,IMO9218337,170,170,1.0,true
538002841,IMO9301720,16284,16284,1.0,true
538002875,IMO9406893,450,450,1.0,true
538002953,IMO9302566,130,130,1.0,true
538002955,IMO9302578,5657,5657,1.0,true
538002961,IMO9403619,21169,21169,1.0,true
538002980,IMO9368871,1000,1000,1.0,true
538003004,IMO9445033,7803,7803,1.0,true
538003015,IMO9511832,18238,18238,1.0,true
538003016,IMO9490832,23515,23515,1.0,true
538003035,IMO9324875,13074,13074,1.0,true
538003057,IMO9454503,1120,1120,1.0,true
538003093,IMO9348900,6717,6717,1.0,true
538003104,IMO9308027,5291,5291,1.0,true
538003180,IMO9478494,3084,3084,1.0,true
538003221,IMO9359325,983,983,1.0,true
538003231,IMO9367906,1939,1939,1.0,true
538003242,IMO9546124,1181,1181,1.0,true
538003274,IMO9352406,25689,25689,1.0,true
538003275,IMO9228382,9786,9786,1.0,true
538003298,IMO9445148,6470,6470,1.0,true
538003366,IMO7926148,15761,15761,1.0,true
538003379,IMO9397236,3581,3581,1.0,true
538003407,IMO9352420,4153,4153,1.0,true
538003413,IMO9418729,5242,5242,1.0,true
538003445,IMO9218428,1,1,1.0,true
538003477,IMO9478626,881,881,1.0,true
538003520,IMO9402110,4188,4188,1.0,true
538003568,IMO9554030,1561,1561,1.0,true
538003580,IMO9440150,2097,2097,1.0,true
538003648,IMO9424900,31457,31457,1.0,true
538003664,IMO9422081,269,269,1.0,true
538003692,IMO9482770,3936,3936,1.0,true
538003693,IMO9482782,1501,1501,1.0,true
538003705,IMO9404998,7664,7664,1.0,true
538003710,IMO9441269,876,876,1.0,true
538003729,IMO9424912,30216,30216,1.0,true
538003750,IMO9444819,840,840,1.0,true
538003767,IMO9519183,6248,6248,1.0,true
538003777,IMO9441271,4909,4909,1.0,true
538003784,IMO9461269,250,250,1.0,true
538003794,IMO9418731,6600,6600,1.0,true
538003810,IMO9424924,11709,11709,1.0,true
538003817,IMO9441283,3561,3561,1.0,true
538003818,IMO9441295,729,729,1.0,true
538003820,IMO9478511,1009,1009,1.0,true
538003831,IMO9476721,1876,1876,1.0,true
538003878,IMO9514200,9601,9601,1.0,true
538003886,IMO9424936,23076,23076,1.0,true
538003900,IMO9470571,6452,6452,1.0,true
538003904,IMO9564097,577,577,1.0,true
538003905,IMO9441312,17710,17710,1.0,true
538003906,IMO9459371,11938,11938,1.0,true
538003908,IMO9555149,45,45,1.0,true
538003946,IMO9441324,4748,4748,1.0,true
538003960,IMO9460277,1599,1599,1.0,true
538003972,IMO9441336,18242,18242,1.0,true
538003973,IMO9441350,2478,2478,1.0,true
538003974,IMO9441348,10244,10244,1.0,true
538003990,IMO9505352,1904,1904,1.0,true
538003993,IMO9475612,23747,23747,1.0,true
538004052,IMO9426726,3540,3540,1.0,true
538004053,IMO9426714,7030,7030,1.0,true
538004056,IMO9459383,8003,8003,1.0,true
538004065,IMO9469883,11784,11784,1.0,true
538004096,IMO9525821,7600,7600,1.0,true
538004100,IMO9497086,1062,1062,1.0,true
538004117,IMO9475624,36187,36187,1.0,true
538004123,IMO9568586,5922,5922,1.0,true
538004124,IMO9545508,10757,10757,1.0,true
538004139,IMO9597771,2793,2793,1.0,true
538004151,IMO9444534,252,252,1.0,true
538004153,IMO9452543,3426,3426,1.0,true
538004166,IMO9545510,4648,4648,1.0,true
538004177,IMO9486582,756,756,1.0,true
538004178,IMO9486594,5249,5249,1.0,true
538004179,IMO9577604,2698,2698,1.0,true
538004181,IMO9577628,4721,4721,1.0,true
538004184,IMO9579743,5665,5665,1.0,true
538004193,IMO9441362,1518,1518,1.0,true
538004202,IMO9475650,32850,32850,1.0,true
538004203,IMO9475636,33570,33570,1.0,true
538004216,IMO9460681,623,623,1.0,true
538004217,IMO9469895,7160,7160,1.0,true
538004244,IMO9218404,700,700,1.0,true
538004260,IMO9456549,57600,57600,1.0,true
538004269,IMO9602148,6069,6069,1.0,true
538004270,IMO9452555,2199,2199,1.0,true
538004288,IMO9586344,7056,7056,1.0,true
538004295,IMO9625798,712,712,1.0,true
538004297,IMO9625815,5639,5639,1.0,true
538004303,IMO9441374,12102,12102,1.0,true
538004305,IMO9613769,4261,4261,1.0,true
538004306,IMO9595383,5338,5338,1.0,true
538004314,IMO9572070,972,972,1.0,true
538004326,IMO9594573,20160,20160,1.0,true
538004327,IMO9594597,3798,3798,1.0,true
538004328,IMO9594602,335,335,1.0,true
538004329,IMO9594614,660,660,1.0,true
538004330,IMO9698795,16569,16569,1.0,true
538004332,IMO9594638,1757,1757,1.0,true
538004333,IMO9621778,823,823,1.0,true
538004336,IMO9621792,2460,2460,1.0,true
538004337,IMO9441386,1958,1958,1.0,true
538004340,IMO9441415,2404,2404,1.0,true
538004341,IMO9441427,2178,2178,1.0,true
538004344,IMO9510694,913,913,1.0,true
538004352,IMO9595943,2375,2375,1.0,true
538004355,IMO9580120,3831,3831,1.0,true
538004370,IMO9436769,8367,8367,1.0,true
538004382,IMO9595905,3140,3140,1.0,true
538004384,IMO9606821,30,30,1.0,true
538004385,IMO9606833,555,555,1.0,true
538004387,IMO9610468,10686,10686,1.0,true
538004411,IMO9543756,24991,24991,1.0,true
538004413,IMO9609160,8089,8089,1.0,true
538004415,IMO9469900,2418,2418,1.0,true
538004416,IMO9469912,7820,7820,1.0,true
538004434,IMO9461336,7439,7439,1.0,true
538004443,IMO9449895,554,554,1.0,true
538004456,IMO9486398,1786,1786,1.0,true
538004477,IMO9580106,10601,10601,1.0,true
538004481,IMO9604794,2411,2411,1.0,true
538004488,IMO9543706,939,939,1.0,true
538004493,IMO9605982,7439,7439,1.0,true
538004494,IMO9495363,14757,14757,1.0,true
538004534,IMO9629938,1617,1617,1.0,true
538004541,IMO9595371,1417,1417,1.0,true
538004542,IMO9608673,2450,2450,1.0,true
538004551,IMO9632818,15409,15409,1.0,true
538004552,IMO9597123,15159,15159,1.0,true
538004555,IMO9373993,761,761,1.0,true
538004559,IMO9588495,271,271,1.0,true
538004585,IMO9543770,22361,22361,1.0,true
538004586,IMO9640619,22943,22943,1.0,true
538004601,IMO9604811,499,499,1.0,true
538004619,IMO9539224,5161,5161,1.0,true
538004639,IMO9486403,4098,4098,1.0,true
538004641,IMO9422809,3384,3384,1.0,true
538004642,IMO9515101,486,486,1.0,true
538004652,IMO9512367,5461,5461,1.0,true
538004658,IMO9478755,39225,39225,1.0,true
538004670,IMO9590761,2983,2983,1.0,true
538004676,IMO9552331,1518,1518,1.0,true
538004696,IMO9635391,246,246,1.0,true
538004697,IMO9539236,3585,3585,1.0,true
538004710,IMO9580144,11822,11822,1.0,true
538004714,IMO9611802,24236,24236,1.0,true
538004715,IMO9611814,1942,1942,1.0,true
538004721,IMO9626613,10245,10245,1.0,true
538004740,IMO9662370,21338,21338,1.0,true
538004748,IMO9644495,12569,12569,1.0,true
538004749,IMO9658898,1116,1116,1.0,true
538004750,IMO9658903,13375,13375,1.0,true
538004759,IMO9610420,2897,2897,1.0,true
538004771,IMO9513919,12865,12865,1.0,true
538004774,IMO9638642,6683,6683,1.0,true
538004784,IMO9599157,1968,1968,1.0,true
538004785,IMO9635406,228,228,1.0,true
538004793,IMO9520613,9091,9091,1.0,true
538004843,IMO9452517,1814,1814,1.0,true
538004844,IMO9613290,223,223,1.0,true
538004851,IMO9446582,134,134,1.0,true
538004881,IMO9567116,252,252,1.0,true
538004890,IMO9546239,7651,7651,1.0,true
538004891,IMO9635626,265,265,1.0,true
538004911,IMO9635664,23797,23797,1.0,true
538004912,IMO9635676,15028,15028,1.0,true
538004913,IMO9641223,14886,14886,1.0,true
538004920,IMO9639751,4377,4377,1.0,true
538004921,IMO9639763,3100,3100,1.0,true
538004922,IMO9639775,1239,1239,1.0,true
538004923,IMO9639787,3141,3141,1.0,true
538004940,IMO9528562,7135,7135,1.0,true
538004948,IMO9624093,25701,25701,1.0,true
538004966,IMO9659232,3445,3445,1.0,true
538004978,IMO9624108,9025,9025,1.0,true
538004985,IMO9624926,419,419,1.0,true
538004996,IMO9518086,243,243,1.0,true
538004997,IMO9613305,416,416,1.0,true
538004998,IMO9653795,333,333,1.0,true
538004999,IMO9637296,10835,10835,1.0,true
538005001,IMO9617662,512,512,1.0,true
538005003,IMO9603154,263,263,1.0,true
538005020,IMO9461972,282,282,1.0,true
538005026,IMO9286932,1953,1953,1.0,true
538005041,IMO9422938,286,286,1.0,true
538005042,IMO9365829,53621,53621,1.0,true
538005056,IMO9638070,964,964,1.0,true
538005057,IMO9603594,9196,9196,1.0,true
538005058,IMO9626900,5640,5640,1.0,true
538005067,IMO9624122,1414,1414,1.0,true
538005074,IMO9467615,2002,2002,1.0,true
538005112,IMO9603609,3378,3378,1.0,true
538005113,IMO9640944,24710,24710,1.0,true
538005114,IMO9584877,221,221,1.0,true
538005148,IMO9679282,3062,3062,1.0,true
538005152,IMO9552965,21860,21860,1.0,true
538005156,IMO9679385,714,714,1.0,true
538005164,IMO9371074,3239,3239,1.0,true
538005169,IMO9646699,2030,2030,1.0,true
538005170,IMO9449871,3573,3573,1.0,true
538005190,IMO9332963,1158,1158,1.0,true
538005193,IMO9544700,2970,2970,1.0,true
538005216,IMO9669330,19750,19750,1.0,true
538005224,IMO9603611,3328,3328,1.0,true
538005231,IMO9310276,4289,4289,1.0,true
538005232,IMO9663295,6639,6639,1.0,true
538005243,IMO9662423,3451,3451,1.0,true
538005251,IMO9303065,17356,17356,1.0,true
538005260,IMO9655212,4140,4140,1.0,true
538005261,IMO9646728,3010,3010,1.0,true
538005262,IMO9646730,1275,1275,1.0,true
538005263,IMO9646704,1827,1827,1.0,true
538005268,IMO9290232,8073,8073,1.0,true
538005284,IMO9422940,2560,2560,1.0,true
538005308,IMO9504607,2819,2819,1.0,true
538005333,IMO9663300,2639,2639,1.0,true
538005349,IMO9607095,1179,1179,1.0,true
538005357,IMO9687100,1868,1868,1.0,true
538005359,IMO9632997,13183,13183,1.0,true
538005366,IMO9310123,264,264,1.0,true
538005411,IMO9675559,10019,10019,1.0,true
538005430,IMO9675731,26,26,1.0,true
538005436,IMO9700861,1100,1100,1.0,true
538005444,IMO9470507,2762,2762,1.0,true
538005452,IMO9669029,1796,1796,1.0,true
538005453,IMO9651553,4921,4921,1.0,true
538005461,IMO9322762,5641,5641,1.0,true
538005471,IMO9520845,6444,6444,1.0,true
538005488,IMO9214848,5841,5841,1.0,true
538005498,IMO9438042,8989,8989,1.0,true
538005503,IMO9702405,49,49,1.0,true
538005507,IMO9392133,7916,7916,1.0,true
538005516,IMO9706827,3145,3145,1.0,true
538005518,IMO9286267,12171,12171,1.0,true
538005521,IMO9669031,2656,2656,1.0,true
538005562,IMO9616838,2919,2919,1.0,true
538005592,IMO9308417,8881,8881,1.0,true
538005594,IMO9707364,1246,1246,1.0,true
538005599,IMO9397731,229,229,1.0,true
538005602,IMO9598220,261,261,1.0,true
538005604,IMO9547178,7784,7784,1.0,true
538005605,IMO9669342,21410,21410,1.0,true
538005617,IMO9681431,2773,2773,1.0,true
538005619,IMO9474694,1836,1836,1.0,true
538005625,IMO9694531,6342,6342,1.0,true
538005651,IMO9697143,1248,1248,1.0,true
538005657,IMO9441867,330,330,1.0,true
538005672,IMO9702429,1120,1120,1.0,true
538005673,IMO9375915,249,249,1.0,true
538005692,IMO9709245,236,236,1.0,true
538005693,IMO9709257,7873,7873,1.0,true
538005694,IMO9709269,7438,7438,1.0,true
538005695,IMO9711731,9653,9653,1.0,true
538005696,IMO9711743,10127,10127,1.0,true
538005697,IMO9711755,395,395,1.0,true
538005698,IMO9711767,2669,2669,1.0,true
538005699,IMO9711779,2722,2722,1.0,true
538005701,IMO9721425,12208,12208,1.0,true
538005702,IMO9721437,5273,5273,1.0,true
538005707,IMO9714771,10087,10087,1.0,true
538005708,IMO9714783,6145,6145,1.0,true
538005709,IMO9714795,8905,8905,1.0,true
538005710,IMO9738674,1777,1777,1.0,true
538005716,IMO9788100,3229,3229,1.0,true
538005723,IMO9630729,6914,6914,1.0,true
538005724,IMO9623647,8714,8714,1.0,true
538005725,IMO9420277,23123,23123,1.0,true
538005732,IMO9698628,3207,3207,1.0,true
538005733,IMO9698630,12750,12750,1.0,true
538005735,IMO9698654,13783,13783,1.0,true
538005747,IMO9694567,2210,2210,1.0,true
538005750,IMO9694593,1250,1250,1.0,true
538005751,IMO9698252,14968,14968,1.0,true
538005754,IMO9691644,2775,2775,1.0,true
538005795,IMO9430818,3395,3395,1.0,true
538005810,IMO9702546,263,263,1.0,true
538005853,IMO9336892,6612,6612,1.0,true
538005855,IMO9655224,5453,5453,1.0,true
538005874,IMO9732943,5909,5909,1.0,true
538005878,IMO9355513,406,406,1.0,true
538005879,IMO9721932,12157,12157,1.0,true
538005884,IMO9643879,1690,1690,1.0,true
538005888,IMO9302633,2107,2107,1.0,true
538005890,IMO9702728,3305,3305,1.0,true
538005900,IMO9722015,2358,2358,1.0,true
538005903,IMO9311220,12402,12402,1.0,true
538005907,IMO9729831,156,156,1.0,true
538005933,IMO9663104,2309,2309,1.0,true
538005936,IMO9550254,4243,4243,1.0,true
538005945,IMO9723942,4084,4084,1.0,true
538005946,IMO9723954,890,890,1.0,true
538005958,IMO9686900,7537,7537,1.0,true
538005959,IMO9686912,16068,16068,1.0,true
538005960,IMO9702431,937,937,1.0,true
538005964,IMO9702493,685,685,1.0,true
538005968,IMO9729477,4964,4964,1.0,true
538005971,IMO9246308,4113,4113,1.0,true
538005974,IMO9552367,1077,1077,1.0,true
538005981,IMO9706994,1073,1073,1.0,true
538005986,IMO9693757,3626,3626,1.0,true
538005997,IMO9712486,5848,5848,1.0,true
538006012,IMO9705328,1968,1968,1.0,true
538006013,IMO9705330,9251,9251,1.0,true
538006041,IMO9742651,8486,8486,1.0,true
538006042,IMO9742663,26112,26112,1.0,true
538006055,IMO9712694,5540,5540,1.0,true
538006056,IMO9712709,10988,10988,1.0,true
538006058,IMO9663116,555,555,1.0,true
538006059,IMO9663128,2273,2273,1.0,true
538006061,IMO9700328,251,251,1.0,true
538006065,IMO9310630,3163,3163,1.0,true
538006090,IMO9700665,427,427,1.0,true
538006091,IMO9700677,13951,13951,1.0,true
538006096,IMO9729348,4718,4718,1.0,true
538006102,IMO9707003,2065,2065,1.0,true
538006106,IMO9643881,111,111,1.0,true
538006108,IMO9738026,12198,12198,1.0,true
538006111,IMO9189342,30132,30132,1.0,true
538006140,IMO9714707,4512,4512,1.0,true
538006143,IMO9714719,8407,8407,1.0,true
538006145,IMO9714692,4103,4103,1.0,true
538006146,IMO9712498,22008,22008,1.0,true
538006155,IMO9703813,2105,2105,1.0,true
538006163,IMO9703643,3058,3058,1.0,true
538006167,IMO9707015,3300,3300,1.0,true
538006171,IMO9702508,268,268,1.0,true
538006174,IMO9694684,7256,7256,1.0,true
538006175,IMO9717486,7349,7349,1.0,true
538006176,IMO9338565,3614,3614,1.0,true
538006181,IMO9746231,24017,24017,1.0,true
538006206,IMO9712618,4566,4566,1.0,true
538006207,IMO9263320,11210,11210,1.0,true
538006208,IMO9712979,11284,11284,1.0,true
538006212,IMO9712955,9371,9371,1.0,true
538006215,IMO9738959,2408,2408,1.0,true
538006227,IMO9707027,4972,4972,1.0,true
538006234,IMO9693422,4045,4045,1.0,true
538006247,IMO9217656,1213,1213,1.0,true
538006268,IMO9719549,470,470,1.0,true
538006273,IMO9711420,1014,1014,1.0,true
538006275,IMO9711444,2131,2131,1.0,true
538006278,IMO9697806,2681,2681,1.0,true
538006286,IMO9728473,9872,9872,1.0,true
538006287,IMO9728461,8389,8389,1.0,true
538006295,IMO9748239,642,642,1.0,true
538006297,IMO9744752,11208,11208,1.0,true
538006298,IMO9702510,1124,1124,1.0,true
538006304,IMO9738466,2731,2731,1.0,true
538006305,IMO9723629,4057,4057,1.0,true
538006309,IMO9708992,2158,2158,1.0,true
538006315,IMO9643893,13236,13236,1.0,true
538006326,IMO9712632,11503,11503,1.0,true
538006338,IMO9702778,27719,27719,1.0,true
538006339,IMO9711705,5488,5488,1.0,true
538006340,IMO9711717,7969,7969,1.0,true
538006349,IMO9723617,1929,1929,1.0,true
538006351,IMO9697818,2155,2155,1.0,true
538006353,IMO9715828,1691,1691,1.0,true
538006363,IMO9738806,11303,11303,1.0,true
538006389,IMO9738911,846,846,1.0,true
538006396,IMO9405019,7286,7286,1.0,true
538006411,IMO9703588,12204,12204,1.0,true
538006425,IMO9703825,539,539,1.0,true
538006427,IMO9743980,3558,3558,1.0,true
538006428,IMO9730842,5722,5722,1.0,true
538006430,IMO9730830,19459,19459,1.0,true
538006431,IMO9730816,17673,17673,1.0,true
538006433,IMO9697844,1903,1903,1.0,true
538006434,IMO9697856,1689,1689,1.0,true
538006435,IMO9702522,619,619,1.0,true
538006442,IMO9765718,10937,10937,1.0,true
538006443,IMO9765706,7283,7283,1.0,true
538006451,IMO9490466,8652,8652,1.0,true
538006458,IMO9490442,238,238,1.0,true
538006466,IMO9658977,208,208,1.0,true
538006467,IMO9658989,3772,3772,1.0,true
538006469,IMO9671060,910,910,1.0,true
538006470,IMO9671072,45,45,1.0,true
538006473,IMO9671101,100,100,1.0,true
538006477,IMO9754082,5361,5361,1.0,true
538006478,IMO9754094,3102,3102,1.0,true
538006494,IMO9700330,1938,1938,1.0,true
538006508,IMO9748459,3993,3993,1.0,true
538006509,IMO9718131,10488,10488,1.0,true
538006519,IMO9718143,1153,1153,1.0,true
538006520,IMO9718155,209,209,1.0,true
538006521,IMO9718167,1989,1989,1.0,true
538006523,IMO9310628,5818,5818,1.0,true
538006527,IMO9336610,8131,8131,1.0,true
538006538,IMO9701243,20,20,1.0,true
538006548,IMO9719666,29392,29392,1.0,true
538006564,IMO9332858,2602,2602,1.0,true
538006596,IMO9392456,11839,11839,1.0,true
538006597,IMO9737137,856,856,1.0,true
538006600,IMO9705366,3406,3406,1.0,true
538006603,IMO9403126,2999,2999,1.0,true
538006605,IMO9332860,29573,29573,1.0,true
538006631,IMO9611943,3280,3280,1.0,true
538006652,IMO9460916,2297,2297,1.0,true
538006654,IMO9589401,277,277,1.0,true
538006661,IMO9588512,8844,8844,1.0,true
538006663,IMO9440966,2006,2006,1.0,true
538006680,IMO9748722,2645,2645,1.0,true
538006693,IMO9749568,1066,1066,1.0,true
538006703,IMO9747417,2677,2677,1.0,true
538006704,IMO9747429,2203,2203,1.0,true
538006707,IMO9723136,2318,2318,1.0,true
538006708,IMO9737149,1447,1447,1.0,true
538006717,IMO9749570,1729,1729,1.0,true
538006720,IMO9749245,9239,9239,1.0,true
538006748,IMO9747613,5237,5237,1.0,true
538006751,IMO9748083,212,212,1.0,true
538006753,IMO9200419,2173,2173,1.0,true
538006767,IMO9732606,21897,21897,1.0,true
538006774,IMO9748124,12200,12200,1.0,true
538006780,IMO9205885,235,235,1.0,true
538006791,IMO9749582,1489,1489,1.0,true
538006798,IMO9749257,2369,2369,1.0,true
538006800,IMO9764001,25126,25126,1.0,true
538006801,IMO9726255,19826,19826,1.0,true
538006811,IMO9500663,14625,14625,1.0,true
538006814,IMO9710517,12562,12562,1.0,true
538006815,IMO9710505,3023,3023,1.0,true
538006823,IMO9719367,4237,4237,1.0,true
538006850,IMO9625607,3523,3523,1.0,true
538006859,IMO9593880,3833,3833,1.0,true
538006862,IMO9563677,1702,1702,1.0,true
538006864,IMO9749269,1769,1769,1.0,true
538006867,IMO9670420,1271,1271,1.0,true
538006871,IMO9737113,6658,6658,1.0,true
538006903,IMO9625592,6091,6091,1.0,true
538006906,IMO9749910,422,422,1.0,true
538006933,IMO9743289,253,253,1.0,true
538006935,IMO9490820,14,14,1.0,true
538006936,IMO9603063,1863,1863,1.0,true
538006937,IMO9603051,4126,4126,1.0,true
538006954,IMO9470820,2329,2329,1.0,true
538006958,IMO9710529,2755,2755,1.0,true
538006962,IMO9718179,1945,1945,1.0,true
538006967,IMO9713947,11310,11310,1.0,true
538006973,IMO9442718,247,247,1.0,true
538006982,IMO9737072,3718,3718,1.0,true
538006983,IMO9737084,10501,10501,1.0,true
538006995,IMO9727455,6902,6902,1.0,true
538006997,IMO9729910,3343,3343,1.0,true
538007004,IMO9386392,359,359,1.0,true
538007006,IMO9456238,10908,10908,1.0,true
538007011,IMO9720926,1766,1766,1.0,true
538007024,IMO9784362,27843,27843,1.0,true
538007025,IMO9719381,1467,1467,1.0,true
538007029,IMO9764025,5728,5728,1.0,true
538007036,IMO9489041,6877,6877,1.0,true
538007063,IMO9290464,21576,21576,1.0,true
538007065,IMO9710593,14212,14212,1.0,true
538007067,IMO9758399,43367,43367,1.0,true
538007079,IMO9743291,6021,6021,1.0,true
538007082,IMO9611503,7316,7316,1.0,true
538007093,IMO9781956,31873,31873,1.0,true
538007097,IMO9699115,15598,15598,1.0,true
538007100,IMO9721360,2711,2711,1.0,true
538007101,IMO9718181,12677,12677,1.0,true
538007104,IMO9782962,8605,8605,1.0,true
538007118,IMO9300295,2266,2266,1.0,true
538007122,IMO9782986,1560,1560,1.0,true
538007138,IMO9706542,2312,2312,1.0,true
538007144,IMO9445710,4532,4532,1.0,true
538007145,IMO9449259,629,629,1.0,true
538007150,IMO9548574,8363,8363,1.0,true
538007158,IMO9425863,21906,21906,1.0,true
538007166,IMO9615078,8995,8995,1.0,true
538007169,IMO9738375,6936,6936,1.0,true
538007170,IMO9762601,248,248,1.0,true
538007173,IMO9272943,215,215,1.0,true
538007174,IMO9443009,3548,3548,1.0,true
538007176,IMO9780976,26431,26431,1.0,true
538007182,IMO9507960,271,271,1.0,true
538007185,IMO9412646,15180,15180,1.0,true
538007190,IMO9575187,229,229,1.0,true
538007192,IMO9412634,286,286,1.0,true
538007193,IMO9440849,9767,9767,1.0,true
538007194,IMO9575163,15035,15035,1.0,true
538007195,IMO9722041,183,183,1.0,true
538007196,IMO9722053,4215,4215,1.0,true
538007198,IMO9519157,13259,13259,1.0,true
538007200,IMO9514066,2801,2801,1.0,true
538007201,IMO9735127,2780,2780,1.0,true
538007203,IMO9746712,3024,3024,1.0,true
538007209,IMO9231494,6310,6310,1.0,true
538007227,IMO9735799,8554,8554,1.0,true
538007237,IMO9434424,790,790,1.0,true
538007238,IMO9434436,752,752,1.0,true
538007240,IMO9639907,16219,16219,1.0,true
538007249,IMO9780627,6973,6973,1.0,true
538007250,IMO9780639,3729,3729,1.0,true
538007251,IMO9756626,21219,21219,1.0,true
538007258,IMO9725471,2614,2614,1.0,true
538007269,IMO9748409,4713,4713,1.0,true
538007273,IMO9385099,20662,20662,1.0,true
538007280,IMO9311165,7822,7822,1.0,true
538007281,IMO9326275,7109,7109,1.0,true
538007287,IMO9449883,12175,12175,1.0,true
538007298,IMO9760160,10066,10066,1.0,true
538007308,IMO9461063,207,207,1.0,true
538007314,IMO9380829,1389,1389,1.0,true
538007317,IMO9588536,767,767,1.0,true
538007344,IMO9339466,941,941,1.0,true
538007347,IMO9789805,15281,15281,1.0,true
538007348,IMO9791896,13360,13360,1.0,true
538007349,IMO9302918,5472,5472,1.0,true
538007351,IMO9288447,214,214,1.0,true
538007355,IMO9457464,14456,14456,1.0,true
538007384,IMO9515632,1301,1301,1.0,true
538007385,IMO9728863,2966,2966,1.0,true
538007387,IMO9605073,2344,2344,1.0,true
538007400,IMO9470404,2724,2724,1.0,true
538007405,IMO9575204,381,381,1.0,true
538007406,IMO9575228,16691,16691,1.0,true
538007414,IMO9798387,1581,1581,1.0,true
538007419,IMO9643300,28061,28061,1.0,true
538007422,IMO9801196,28580,28580,1.0,true
538007433,IMO9550163,6158,6158,1.0,true
538007438,IMO9798399,1540,1540,1.0,true
538007439,IMO9798404,1149,1149,1.0,true
538007440,IMO9798416,1822,1822,1.0,true
538007446,IMO9760421,3327,3327,1.0,true
538007449,IMO9575266,15893,15893,1.0,true
538007450,IMO9575151,564,564,1.0,true
538007451,IMO9303871,2714,2714,1.0,true
538007452,IMO9735816,2449,2449,1.0,true
538007453,IMO9735828,303,303,1.0,true
538007454,IMO9575216,1939,1939,1.0,true
538007455,IMO9747053,2809,2809,1.0,true
538007456,IMO9804590,12076,12076,1.0,true
538007459,IMO9792436,5850,5850,1.0,true
538007473,IMO9693202,10021,10021,1.0,true
538007475,IMO9801275,3898,3898,1.0,true
538007479,IMO9347542,26616,26616,1.0,true
538007480,IMO9347554,19039,19039,1.0,true
538007481,IMO9347566,26362,26362,1.0,true
538007482,IMO9330707,5522,5522,1.0,true
538007483,IMO9330719,3781,3781,1.0,true
538007484,IMO9330721,1959,1959,1.0,true
538007487,IMO9347619,1673,1673,1.0,true
538007490,IMO9704831,856,856,1.0,true
538007491,IMO9661211,243,243,1.0,true
538007492,IMO9661223,9258,9258,1.0,true
538007493,IMO9600645,16512,16512,1.0,true
538007497,IMO9597848,785,785,1.0,true
538007504,IMO9801316,493,493,1.0,true
538007505,IMO9575242,8818,8818,1.0,true
538007507,IMO9705988,7319,7319,1.0,true
538007508,IMO9730452,2510,2510,1.0,true
538007509,IMO9575278,2912,2912,1.0,true
538007510,IMO9575230,2839,2839,1.0,true
538007514,IMO9400875,5292,5292,1.0,true
538007515,IMO9594444,394,394,1.0,true
538007517,IMO9757981,13223,13223,1.0,true
538007518,IMO9784233,6575,6575,1.0,true
538007549,IMO9444039,266,266,1.0,true
538007550,IMO9473834,12741,12741,1.0,true
538007551,IMO9737888,4730,4730,1.0,true
538007556,IMO9458987,8583,8583,1.0,true
538007559,IMO9747297,1576,1576,1.0,true
538007560,IMO9370331,5207,5207,1.0,true
538007569,IMO9811919,8022,8022,1.0,true
538007572,IMO9594456,5626,5626,1.0,true
538007573,IMO9409481,2455,2455,1.0,true
538007580,IMO9406025,8531,8531,1.0,true
538007581,IMO9406075,115,115,1.0,true
538007582,IMO9406099,22939,22939,1.0,true
538007588,IMO9515723,1495,1495,1.0,true
538007592,IMO9392339,2070,2070,1.0,true
538007604,IMO9363285,4760,4760,1.0,true
538007611,IMO9325764,1660,1660,1.0,true
538007617,IMO9308015,8114,8114,1.0,true
538007622,IMO9324863,2027,2027,1.0,true
538007623,IMO9595187,1736,1736,1.0,true
538007628,IMO9334143,51155,51155,1.0,true
538007629,IMO9630731,1600,1600,1.0,true
538007630,IMO9587180,10266,10266,1.0,true
538007633,IMO9630743,9993,9993,1.0,true
538007637,IMO9514078,2911,2911,1.0,true
538007638,IMO9514080,17176,17176,1.0,true
538007639,IMO9596179,4287,4287,1.0,true
538007640,IMO9761889,6872,6872,1.0,true
538007641,IMO9423035,1954,1954,1.0,true
538007650,IMO9389930,16828,16828,1.0,true
538007655,IMO9548835,4537,4537,1.0,true
538007656,IMO9548823,117,117,1.0,true
538007658,IMO9785134,2158,2158,1.0,true
538007659,IMO9577886,6063,6063,1.0,true
538007661,IMO9634842,2066,2066,1.0,true
538007662,IMO9784245,4205,4205,1.0,true
538007667,IMO9557238,2241,2241,1.0,true
538007668,IMO9463554,39709,39709,1.0,true
538007675,IMO9293777,7069,7069,1.0,true
538007680,IMO9401075,22794,22794,1.0,true
538007681,IMO9453365,9394,9394,1.0,true
538007683,IMO9461623,3381,3381,1.0,true
538007684,IMO9397585,3234,3234,1.0,true
538007685,IMO9423580,1055,1055,1.0,true
538007687,IMO9626962,13751,13751,1.0,true
538007691,IMO9574171,4350,4350,1.0,true
538007708,IMO9476290,3067,3067,1.0,true
538007709,IMO9445069,4669,4669,1.0,true
538007718,IMO9476288,4709,4709,1.0,true
538007722,IMO9705976,27882,27882,1.0,true
538007730,IMO9409132,12779,12779,1.0,true
538007731,IMO9717395,12065,12065,1.0,true
538007732,IMO9743174,226,226,1.0,true
538007749,IMO9464780,7104,7104,1.0,true
538007754,IMO9665841,2348,2348,1.0,true
538007757,IMO9722003,213,213,1.0,true
538007758,IMO9699282,7954,7954,1.0,true
538007759,IMO9699294,5298,5298,1.0,true
538007760,IMO9721994,636,636,1.0,true
538007767,IMO9483786,720,720,1.0,true
538007770,IMO9308247,2292,2292,1.0,true
538007779,IMO9700055,2769,2769,1.0,true
538007784,IMO9775828,1309,1309,1.0,true
538007799,IMO9316983,5523,5523,1.0,true
538007823,IMO9811490,6868,6868,1.0,true
538007824,IMO9754991,8845,8845,1.0,true
538007835,IMO9374351,5521,5521,1.0,true
538007842,IMO9425760,1294,1294,1.0,true
538007855,IMO9671838,1634,1634,1.0,true
538007856,IMO9757931,201,201,1.0,true
538007861,IMO9423592,2660,2660,1.0,true
538007863,IMO9391828,40131,40131,1.0,true
538007864,IMO9343546,5360,5360,1.0,true
538007893,IMO9498561,606,606,1.0,true
538007895,IMO9828869,6251,6251,1.0,true
538007899,IMO9670418,6827,6827,1.0,true
538007905,IMO9742168,1093,1093,1.0,true
538007908,IMO9317547,5077,5077,1.0,true
538007909,IMO9478470,1613,1613,1.0,true
538007921,IMO9473705,11278,11278,1.0,true
538007926,IMO9750828,284,284,1.0,true
538007938,IMO9294159,26949,26949,1.0,true
538007954,IMO9478913,21749,21749,1.0,true
538007970,IMO9474266,5156,5156,1.0,true
538007972,IMO9474230,5986,5986,1.0,true
538007974,IMO9474278,3063,3063,1.0,true
538007975,IMO9474280,6951,6951,1.0,true
538007976,IMO9474228,15913,15913,1.0,true
538007979,IMO9559705,12960,12960,1.0,true
538007980,IMO9597989,3944,3944,1.0,true
538007981,IMO9729922,5633,5633,1.0,true
538007994,IMO9473274,11424,11424,1.0,true
538008000,IMO9544736,2671,2671,1.0,true
538008003,IMO9707704,7724,7724,1.0,true
538008004,IMO9815977,16404,16404,1.0,true
538008007,IMO9805271,1030,1030,1.0,true
538008010,IMO9370422,2658,2658,1.0,true
538008017,IMO9633197,844,844,1.0,true
538008020,IMO9473597,9432,9432,1.0,true
538008021,IMO9577410,2113,2113,1.0,true
538008024,IMO9400904,11305,11305,1.0,true
538008044,IMO9835068,234,234,1.0,true
538008050,IMO9470387,5623,5623,1.0,true
538008051,IMO9401362,7936,7936,1.0,true
538008053,IMO9470375,1450,1450,1.0,true
538008060,IMO9738349,346,346,1.0,true
538008075,IMO9336775,5854,5854,1.0,true
538008080,IMO9448578,5528,5528,1.0,true
538008087,IMO9575137,3232,3232,1.0,true
538008106,IMO9213753,905,905,1.0,true
538008110,IMO9553062,2229,2229,1.0,true
538008114,IMO9550412,438,438,1.0,true
538008122,IMO9500091,13240,13240,1.0,true
538008132,IMO9717204,9849,9849,1.0,true
538008133,IMO9717228,10385,10385,1.0,true
538008140,IMO9835070,6531,6531,1.0,true
538008143,IMO9624378,7888,7888,1.0,true
538008144,IMO9758129,11523,11523,1.0,true
538008164,IMO9698587,884,884,1.0,true
538008170,IMO9478779,1228,1228,1.0,true
538008171,IMO9713715,11430,11430,1.0,true
538008172,IMO9848132,6014,6014,1.0,true
538008174,IMO9848144,1670,1670,1.0,true
538008175,IMO9848118,2642,2642,1.0,true
538008187,IMO9494187,4729,4729,1.0,true
538008201,IMO9497165,1129,1129,1.0,true
538008204,IMO9827334,166065,166065,1.0,true
538008207,IMO9386407,9118,9118,1.0,true
538008208,IMO9720017,2880,2880,1.0,true
538008210,IMO9425928,184,184,1.0,true
538008213,IMO9604809,2172,2172,1.0,true
538008222,IMO9522099,272,272,1.0,true
538008236,IMO9425942,840,840,1.0,true
538008246,IMO9423528,9886,9886,1.0,true
538008251,IMO9340063,1151,1151,1.0,true
538008252,IMO9423475,4401,4401,1.0,true
538008253,IMO9423499,682,682,1.0,true
538008273,IMO9700134,7443,7443,1.0,true
538008274,IMO9839791,6722,6722,1.0,true
538008276,IMO9846263,7261,7261,1.0,true
538008278,IMO9851359,42054,42054,1.0,true
538008296,IMO9839844,10031,10031,1.0,true
538008304,IMO9825013,557,557,1.0,true
538008307,IMO9263112,2970,2970,1.0,true
538008317,IMO9850769,7374,7374,1.0,true
538008318,IMO9850771,5367,5367,1.0,true
538008339,IMO9831775,15338,15338,1.0,true
538008340,IMO9831787,7754,7754,1.0,true
538008341,IMO9831799,25210,25210,1.0,true
538008342,IMO9842736,1795,1795,1.0,true
538008344,IMO9842827,16753,16753,1.0,true
538008346,IMO9699440,4945,4945,1.0,true
538008347,IMO9834844,896,896,1.0,true
538008362,IMO9494814,4635,4635,1.0,true
538008371,IMO9666522,3196,3196,1.0,true
538008378,IMO9859791,2107,2107,1.0,true
538008385,IMO9452139,3826,3826,1.0,true
538008393,IMO9842487,9711,9711,1.0,true
538008398,IMO9483542,31817,31817,1.0,true
538008404,IMO9838462,6813,6813,1.0,true
538008408,IMO9379674,933,933,1.0,true
538008434,IMO9852690,3507,3507,1.0,true
538008439,IMO9775153,7240,7240,1.0,true
538008453,IMO9788681,1969,1969,1.0,true
538008454,IMO9470856,2720,2720,1.0,true
538008465,IMO9839052,2526,2526,1.0,true
538008466,IMO9502362,7414,7414,1.0,true
538008468,IMO9842499,6276,6276,1.0,true
538008485,IMO9566447,15551,15551,1.0,true
538008492,IMO9878345,3768,3768,1.0,true
538008493,IMO9878357,4497,4497,1.0,true
538008494,IMO9878369,497,497,1.0,true
538008495,IMO9878371,4544,4544,1.0,true
538008508,IMO9867152,5653,5653,1.0,true
538008511,IMO9539341,11045,11045,1.0,true
538008519,IMO9852779,638,638,1.0,true
538008524,IMO9859296,5671,5671,1.0,true
538008537,IMO9849502,11502,11502,1.0,true
538008539,IMO9391969,9316,9316,1.0,true
538008542,IMO9463310,10362,10362,1.0,true
538008552,IMO9514030,2164,2164,1.0,true
538008553,IMO9849784,2011,2011,1.0,true
538008559,IMO9621405,15948,15948,1.0,true
538008569,IMO9460813,15289,15289,1.0,true
538008572,IMO9730256,2489,2489,1.0,true
538008573,IMO9730232,1679,1679,1.0,true
538008575,IMO9875604,12379,12379,1.0,true
538008578,IMO9747156,540,540,1.0,true
538008584,IMO9788679,3013,3013,1.0,true
538008586,IMO9866639,798,798,1.0,true
538008587,IMO9852729,3860,3860,1.0,true
538008588,IMO9860661,642,642,1.0,true
538008589,IMO9845817,250,250,1.0,true
538008590,IMO9845805,4872,4872,1.0,true
538008591,IMO9845829,11839,11839,1.0,true
538008593,IMO9295414,2808,2808,1.0,true
538008595,IMO9860037,4124,4124,1.0,true
538008596,IMO9478585,9605,9605,1.0,true
538008597,IMO9230921,115,115,1.0,true
538008602,IMO9424089,15373,15373,1.0,true
538008607,IMO9842504,59491,59491,1.0,true
538008610,IMO9852224,2779,2779,1.0,true
538008612,IMO9699359,1872,1872,1.0,true
538008625,IMO9800427,8346,8346,1.0,true
538008629,IMO9699373,499,499,1.0,true
538008631,IMO9699323,10483,10483,1.0,true
538008636,IMO9641821,754,754,1.0,true
538008639,IMO9478896,4052,4052,1.0,true
538008641,IMO9699347,21366,21366,1.0,true
538008647,IMO9459149,9463,9463,1.0,true
538008651,IMO9406063,7761,7761,1.0,true
538008654,IMO9527996,4127,4127,1.0,true
538008657,IMO9860506,28840,28840,1.0,true
538008659,IMO9528017,485,485,1.0,true
538008667,IMO9852884,245,245,1.0,true
538008673,IMO9424132,1603,1603,1.0,true
538008678,IMO9350094,364,364,1.0,true
538008682,IMO9403085,2545,2545,1.0,true
538008684,IMO9602186,10129,10129,1.0,true
538008687,IMO9860520,17617,17617,1.0,true
538008689,IMO9598282,1243,1243,1.0,true
538008690,IMO9598294,10603,10603,1.0,true
538008694,IMO9673824,211,211,1.0,true
538008695,IMO9855848,1475,1475,1.0,true
538008696,IMO9855862,3579,3579,1.0,true
538008697,IMO9855850,12288,12288,1.0,true
538008700,IMO9743590,1897,1897,1.0,true
538008701,IMO9743588,3306,3306,1.0,true
538008712,IMO9491587,13443,13443,1.0,true
538008734,IMO9581784,13297,13297,1.0,true
538008738,IMO9522958,10165,10165,1.0,true
538008748,IMO9624055,2324,2324,1.0,true
538008749,IMO9865348,2409,2409,1.0,true
538008750,IMO9860673,4136,4136,1.0,true
538008751,IMO9758363,3099,3099,1.0,true
538008752,IMO9370006,59138,59138,1.0,true
538008753,IMO9866615,7262,7262,1.0,true
538008755,IMO9450571,17566,17566,1.0,true
538008756,IMO9443580,1573,1573,1.0,true
538008758,IMO9866550,902,902,1.0,true
538008769,IMO9595254,1259,1259,1.0,true
538008771,IMO9855367,3197,3197,1.0,true
538008777,IMO9836995,7722,7722,1.0,true
538008779,IMO9522946,6979,6979,1.0,true
538008791,IMO9514054,1314,1314,1.0,true
538008842,IMO9852535,19529,19529,1.0,true
538008845,IMO9464687,1867,1867,1.0,true
538008850,IMO9796195,3156,3156,1.0,true
538008863,IMO9559688,1979,1979,1.0,true
538008865,IMO9584889,8016,8016,1.0,true
538008889,IMO9885049,32010,32010,1.0,true
538008891,IMO9842528,217,217,1.0,true
538008892,IMO9836579,15144,15144,1.0,true
538008907,IMO9638496,3461,3461,1.0,true
538008920,IMO9875616,615,615,1.0,true
538008921,IMO9875628,661,661,1.0,true
538008924,IMO9758301,5886,5886,1.0,true
538008925,IMO9680255,2207,2207,1.0,true
538008933,IMO9880489,1544,1544,1.0,true
538008934,IMO9880491,10484,10484,1.0,true
538008936,IMO9858620,11704,11704,1.0,true
538008940,IMO9875094,7539,7539,1.0,true
538008954,IMO9522922,10632,10632,1.0,true
538008955,IMO9522910,2338,2338,1.0,true
538008958,IMO9854313,7013,7013,1.0,true
538008969,IMO9597630,22200,22200,1.0,true
538008970,IMO9452505,823,823,1.0,true
538008971,IMO9756250,8850,8850,1.0,true
538008974,IMO9889655,879,879,1.0,true
538008975,IMO9615327,40643,40643,1.0,true
538008977,IMO9852092,582,582,1.0,true
538008981,IMO9860271,827,827,1.0,true
538008993,IMO9883754,246,246,1.0,true
538008994,IMO9883766,6843,6843,1.0,true
538008995,IMO9880233,60041,60041,1.0,true
538008996,IMO9541887,7020,7020,1.0,true
538009005,IMO9607447,2944,2944,1.0,true
538009015,IMO9492907,12860,12860,1.0,true
538009018,IMO9858345,6410,6410,1.0,true
538009034,IMO9883053,11560,11560,1.0,true
538009043,IMO9872080,194,194,1.0,true
538009053,IMO9883065,5812,5812,1.0,true
538009057,IMO9580091,20515,20515,1.0,true
538009063,IMO9849899,16423,16423,1.0,true
538009071,IMO9890862,8107,8107,1.0,true
538009081,IMO9512630,1284,1284,1.0,true
538009090,IMO9660621,965,965,1.0,true
538009095,IMO9901831,2899,2899,1.0,true
538009101,IMO9663817,588,588,1.0,true
538009106,IMO9614971,2682,2682,1.0,true
538009115,IMO9849904,14533,14533,1.0,true
538009118,IMO9419008,1663,1663,1.0,true
538009119,IMO9758868,14512,14512,1.0,true
538009120,IMO9789893,2105,2105,1.0,true
538009121,IMO9755866,1248,1248,1.0,true
538009124,IMO9597642,3064,3064,1.0,true
538009125,IMO9215311,10211,10211,1.0,true
538009126,IMO9211494,14354,14354,1.0,true
538009130,IMO9714680,21965,21965,1.0,true
538009131,IMO9714678,4584,4584,1.0,true
538009143,IMO9211482,3838,3838,1.0,true
538009144,IMO9215323,25409,25409,1.0,true
538009145,IMO9866732,6013,6013,1.0,true
538009146,IMO9714745,19353,19353,1.0,true
538009148,IMO9479888,291,291,1.0,true
538009149,IMO9498298,1346,1346,1.0,true
538009160,IMO9872121,7301,7301,1.0,true
538009163,IMO9800635,6879,6879,1.0,true
538009166,IMO9880245,54310,54310,1.0,true
538009168,IMO9404431,1039,1039,1.0,true
538009176,IMO9574004,1042,1042,1.0,true
538009179,IMO9862475,4074,4074,1.0,true
538009191,IMO9243409,2985,2985,1.0,true
538009210,IMO9894806,12609,12609,1.0,true
538009216,IMO9243394,10284,10284,1.0,true
538009218,IMO9760067,1781,1781,1.0,true
538009219,IMO9760079,3890,3890,1.0,true
538009229,IMO9529463,433,433,1.0,true
538009245,IMO9866744,135,135,1.0,true
538009257,IMO9460514,14784,14784,1.0,true
538009258,IMO9704855,5074,5074,1.0,true
538009271,IMO9860295,211,211,1.0,true
538009278,IMO9660619,560,560,1.0,true
538009284,IMO9563407,3291,3291,1.0,true
538009286,IMO9909039,2543,2543,1.0,true
538009292,IMO9404429,4615,4615,1.0,true
538009293,IMO9860116,1262,1262,1.0,true
538009294,IMO9860128,29720,29720,1.0,true
538009295,IMO9902299,202,202,1.0,true
538009296,IMO9782651,2007,2007,1.0,true
538009297,IMO9687239,29799,29799,1.0,true
538009298,IMO9727120,8574,8574,1.0,true
538009299,IMO9727118,1928,1928,1.0,true
538009300,IMO9687227,236,236,1.0,true
538009301,IMO9346330,806,806,1.0,true
538009308,IMO9544384,1051,1051,1.0,true
538009309,IMO9442380,2485,2485,1.0,true
538009312,IMO9674218,34881,34881,1.0,true
538009316,IMO9596167,179,179,1.0,true
538009320,IMO9363675,6554,6554,1.0,true
538009326,IMO9884966,2069,2069,1.0,true
538009327,IMO9884978,16648,16648,1.0,true
538009328,IMO9502790,2233,2233,1.0,true
538009329,IMO9860348,490,490,1.0,true
538009334,IMO9669378,724,724,1.0,true
538009336,IMO9340544,3237,3237,1.0,true
538009339,IMO9893503,2952,2952,1.0,true
538009340,IMO9877834,10658,10658,1.0,true
538009349,IMO9620621,2883,2883,1.0,true
538009352,IMO9919010,7837,7837,1.0,true
538009354,IMO9927304,1032,1032,1.0,true
538009356,IMO9919022,3466,3466,1.0,true
538009359,IMO9581370,6381,6381,1.0,true
538009369,IMO9700964,13533,13533,1.0,true
538009370,IMO9539468,1606,1606,1.0,true
538009372,IMO9907835,1147,1147,1.0,true
538009375,IMO9440825,14419,14419,1.0,true
538009377,IMO9442407,210,210,1.0,true
538009386,IMO9338539,5457,5457,1.0,true
538009387,IMO9757539,4337,4337,1.0,true
538009388,IMO9320142,6084,6084,1.0,true
538009389,IMO9492440,574,574,1.0,true
538009390,IMO9377559,1393,1393,1.0,true
538009392,IMO9254848,3069,3069,1.0,true
538009397,IMO9908358,536,536,1.0,true
538009398,IMO9585663,25676,25676,1.0,true
538009402,IMO9471264,4283,4283,1.0,true
538009403,IMO9617739,810,810,1.0,true
538009407,IMO9894818,640,640,1.0,true
538009408,IMO9514224,999,999,1.0,true
538009411,IMO9866756,575,575,1.0,true
538009418,IMO9250701,253,253,1.0,true
538009419,IMO9300219,536,536,1.0,true
538009420,IMO9300207,22401,22401,1.0,true
538009421,IMO9617741,1441,1441,1.0,true
538009422,IMO9522881,1653,1653,1.0,true
538009423,IMO9522908,10438,10438,1.0,true
538009426,IMO9897913,6256,6256,1.0,true
538009428,IMO9582843,6462,6462,1.0,true
538009429,IMO9877858,13144,13144,1.0,true
538009430,IMO9470296,8241,8241,1.0,true
538009432,IMO9597331,19352,19352,1.0,true
538009433,IMO9877846,230,230,1.0,true
538009437,IMO9330496,1822,1822,1.0,true
538009438,IMO9707699,38797,38797,1.0,true
538009442,IMO9575149,4036,4036,1.0,true
538009444,IMO9377561,7490,7490,1.0,true
538009445,IMO9473327,1530,1530,1.0,true
538009446,IMO9728629,8962,8962,1.0,true
538009448,IMO9582477,24482,24482,1.0,true
538009451,IMO9667112,5991,5991,1.0,true
538009455,IMO9828857,216,216,1.0,true
538009462,IMO9405071,264,264,1.0,true
538009469,IMO9650810,5523,5523,1.0,true
538009477,IMO9553024,4720,4720,1.0,true
538009480,IMO9895795,33206,33206,1.0,true
538009481,IMO9895800,5703,5703,1.0,true
538009486,IMO9747235,7609,7609,1.0,true
538009488,IMO9907847,236,236,1.0,true
538009492,IMO9203291,855,855,1.0,true
538009496,IMO9502752,1952,1952,1.0,true
538009497,IMO9502740,16821,16821,1.0,true
538009498,IMO9502726,5450,5450,1.0,true
538009519,IMO9651280,7687,7687,1.0,true
538009520,IMO9757541,2114,2114,1.0,true
538009521,IMO9725419,7221,7221,1.0,true
538009523,IMO9312432,1597,1597,1.0,true
538009528,IMO9748423,12771,12771,1.0,true
538009529,IMO9542685,9881,9881,1.0,true
538009536,IMO9536856,10769,10769,1.0,true
538009538,IMO9637210,623,623,1.0,true
538009539,IMO9687708,8417,8417,1.0,true
538009547,IMO9725407,249,249,1.0,true
538009555,IMO9911769,14095,14095,1.0,true
538009558,IMO9527283,2388,2388,1.0,true
538009559,IMO9869681,3835,3835,1.0,true
538009563,IMO9869693,4501,4501,1.0,true
538009564,IMO9869667,4809,4809,1.0,true
538009565,IMO9063653,474,474,1.0,true
538009568,IMO9461233,225,225,1.0,true
538009572,IMO9877860,16813,16813,1.0,true
538009575,IMO9063665,608,608,1.0,true
538009576,IMO9179402,3252,3252,1.0,true
538009581,IMO9314090,269,269,1.0,true
538009583,IMO9913327,3000,3000,1.0,true
538009587,IMO9725392,341,341,1.0,true
538009588,IMO9725380,3134,3134,1.0,true
538009603,IMO9699036,6246,6246,1.0,true
538009606,IMO9539444,16515,16515,1.0,true
538009609,IMO9699311,3971,3971,1.0,true
538009620,IMO9370408,7561,7561,1.0,true
538009621,IMO9525869,7488,7488,1.0,true
538009627,IMO9691400,13514,13514,1.0,true
538009633,IMO9913339,1644,1644,1.0,true
538009635,IMO9464390,2751,2751,1.0,true
538009652,IMO9926726,94362,94362,1.0,true
538009654,IMO9455911,4876,4876,1.0,true
538009655,IMO9455923,10360,10360,1.0,true
538009656,IMO9508847,642,642,1.0,true
538009657,IMO9587221,2214,2214,1.0,true
538009658,IMO9667447,7349,7349,1.0,true
538009659,IMO9587233,1433,1433,1.0,true
538009660,IMO9594535,9370,9370,1.0,true
538009664,IMO9864887,4439,4439,1.0,true
538009667,IMO9416458,5968,5968,1.0,true
538009669,IMO9576727,3921,3921,1.0,true
538009674,IMO9500041,3225,3225,1.0,true
538009677,IMO9392729,14141,14141,1.0,true
538009678,IMO9523263,7900,7900,1.0,true
538009691,IMO9473688,726,726,1.0,true
538009692,IMO9573115,2162,2162,1.0,true
538009699,IMO9400693,95,95,1.0,true
538009702,IMO9447990,10585,10585,1.0,true
538009707,IMO9406752,31463,31463,1.0,true
538009709,IMO9604847,19153,19153,1.0,true
538009714,IMO9489974,4602,4602,1.0,true
538009716,IMO9643623,6208,6208,1.0,true
538009721,IMO9398876,16854,16854,1.0,true
538009723,IMO9481049,536,536,1.0,true
538009724,IMO9407677,9628,9628,1.0,true
538009726,IMO9481051,1786,1786,1.0,true
538009728,IMO9673018,3394,3394,1.0,true
538009729,IMO9481075,1414,1414,1.0,true
538009731,IMO9514999,2100,2100,1.0,true
538009733,IMO9318462,153,153,1.0,true
538009734,IMO9515008,3502,3502,1.0,true
538009740,IMO9634854,7838,7838,1.0,true
538009748,IMO9463580,526,526,1.0,true
538009751,IMO9923334,6899,6899,1.0,true
538009775,IMO9100073,9973,9973,1.0,true
538009782,IMO9791937,4321,4321,1.0,true
538009785,IMO9580027,4797,4797,1.0,true
538009787,IMO9526710,28259,28259,1.0,true
538009793,IMO9553713,17254,17254,1.0,true
538009798,IMO9864899,2290,2290,1.0,true
538009812,IMO9899208,1185,1185,1.0,true
538009829,IMO9583706,7669,7669,1.0,true
538009830,IMO9321029,4290,4290,1.0,true
538009831,IMO9321031,25231,25231,1.0,true
538009837,IMO9763708,815,815,1.0,true
538009838,IMO9805661,2965,2965,1.0,true
538009853,IMO9262534,2607,2607,1.0,true
538009858,IMO9553725,1624,1624,1.0,true
538009861,IMO9932426,973,973,1.0,true
538009863,IMO9604770,963,963,1.0,true
538009864,IMO9497426,20517,20517,1.0,true
538009867,IMO9490818,9044,9044,1.0,true
538009870,IMO9877896,3084,3084,1.0,true
538009884,IMO9344552,556,556,1.0,true
538009900,IMO9877901,5593,5593,1.0,true
538009904,IMO9545077,1675,1675,1.0,true
538009917,IMO9877913,10192,10192,1.0,true
538009919,IMO9948425,251,251,1.0,true
538009920,IMO9541837,9884,9884,1.0,true
538009922,IMO9763693,2392,2392,1.0,true
538009931,IMO9778997,7432,7432,1.0,true
538009947,IMO9657868,4240,4240,1.0,true
538009948,IMO9928736,4646,4646,1.0,true
538009953,IMO9770634,4704,4704,1.0,true
538009954,IMO9188817,2724,2724,1.0,true
538009958,IMO9510333,234,234,1.0,true
538009967,IMO9767493,2555,2555,1.0,true
538009992,IMO9427342,5084,5084,1.0,true
538010007,IMO9602693,4417,4417,1.0,true
538010010,IMO9345805,271,271,1.0,true
538010011,IMO9549451,8454,8454,1.0,true
538010015,IMO9932971,5898,5898,1.0,true
538010017,IMO9461271,288,288,1.0,true
538010027,IMO9543689,3396,3396,1.0,true
538010028,IMO9301859,1560,1560,1.0,true
538010031,IMO9301122,1559,1559,1.0,true
538010035,IMO9933418,302,302,1.0,true
538010041,IMO9502817,638,638,1.0,true
538010053,IMO9574028,8740,8740,1.0,true
538010081,IMO9932799,5306,5306,1.0,true
538010083,IMO9932804,22580,22580,1.0,true
538010084,IMO9673525,193,193,1.0,true
538010087,IMO9474204,1268,1268,1.0,true
538010092,IMO9419656,21628,21628,1.0,true
538010093,IMO9762546,2941,2941,1.0,true
538010094,IMO9544152,2969,2969,1.0,true
538010106,IMO9955612,535,535,1.0,true
538010107,IMO9786061,5722,5722,1.0,true
538010108,IMO9635690,203,203,1.0,true
538010119,IMO9963528,5397,5397,1.0,true
538010121,IMO9963516,880,880,1.0,true
538010124,IMO9932933,626,626,1.0,true
538010136,IMO9967627,5392,5392,1.0,true
538010139,IMO9438377,10438,10438,1.0,true
538010157,IMO9967639,214,214,1.0,true
538010159,IMO9943578,789,789,1.0,true
538010162,IMO9080297,17301,17301,1.0,true
538010189,IMO9746023,618,618,1.0,true
538010196,IMO9509619,9828,9828,1.0,true
538010198,IMO9951977,4071,4071,1.0,true
538010199,IMO9860611,1825,1825,1.0,true
538010200,IMO9544138,6657,6657,1.0,true
538010202,IMO9950313,7004,7004,1.0,true
538010203,IMO9958432,906,906,1.0,true
538010230,IMO9749972,192,192,1.0,true
538010242,IMO9747405,11071,11071,1.0,true
538010246,IMO9748069,1968,1968,1.0,true
538010248,IMO9485904,1959,1959,1.0,true
538010258,IMO9201645,47849,47849,1.0,true
538010260,IMO9949182,1917,1917,1.0,true
538010263,IMO9943580,15078,15078,1.0,true
538010275,IMO9938793,2703,2703,1.0,true
538010279,IMO9938808,3880,3880,1.0,true
538010283,IMO9509633,19404,19404,1.0,true
538010297,IMO9715452,13926,13926,1.0,true
538010307,IMO9235983,17301,17301,1.0,true
538010308,IMO9919515,3168,3168,1.0,true
538010309,IMO9764013,3738,3738,1.0,true
538010311,IMO9231145,10864,10864,1.0,true
538010315,IMO9948839,8283,8283,1.0,true
538010327,IMO9491678,5094,5094,1.0,true
538010328,IMO9714721,5022,5022,1.0,true
538010334,IMO9571430,1021,1021,1.0,true
538010340,IMO9614311,206,206,1.0,true
538010348,IMO9790842,749,749,1.0,true
538010349,IMO9606053,1495,1495,1.0,true
538010366,IMO9721061,3436,3436,1.0,true
538010367,IMO9721073,6894,6894,1.0,true
538010369,IMO9427940,321,321,1.0,true
538010377,IMO9820960,3504,3504,1.0,true
538010381,IMO9786073,3969,3969,1.0,true
538010382,IMO9948255,2087,2087,1.0,true
538010386,IMO9949352,2183,2183,1.0,true
538010389,IMO9720964,2256,2256,1.0,true
538010390,IMO9722338,2790,2790,1.0,true
538010391,IMO9725744,1329,1329,1.0,true
538010392,IMO9612296,1152,1152,1.0,true
538010394,IMO9675781,3276,3276,1.0,true
538010400,IMO9472206,2360,2360,1.0,true
538010415,IMO929828400,17870,17870,1.0,true
538010426,IMO9955624,1931,1931,1.0,true
538010428,IMO9583146,11697,11697,1.0,true
538010430,IMO9950428,4474,4474,1.0,true
538010432,IMO9959072,2223,2223,1.0,true
538010438,IMO9494486,10368,10368,1.0,true
538010441,IMO9952232,4667,4667,1.0,true
538010446,IMO9826445,11620,11620,1.0,true
538010447,IMO9856232,2405,2405,1.0,true
538010451,IMO9336012,1979,1979,1.0,true
538010474,IMO9511466,242,242,1.0,true
538010481,IMO9950624,1775,1775,1.0,true
538010497,IMO9494060,8849,8849,1.0,true
538010499,IMO9950703,497,497,1.0,true
538010507,IMO9703459,862,862,1.0,true
538010508,IMO9954955,670,670,1.0,true
538010512,IMO9955636,6467,6467,1.0,true
538010518,IMO9948267,3892,3892,1.0,true
538010520,IMO9959084,3458,3458,1.0,true
538010526,IMO9964106,558,558,1.0,true
538010527,IMO9606120,2059,2059,1.0,true
538010528,IMO9376373,211,211,1.0,true
538010539,IMO9949663,6524,6524,1.0,true
538010540,IMO9528005,3693,3693,1.0,true
538010541,IMO9969120,13048,13048,1.0,true
538010542,IMO9960186,4860,4860,1.0,true
538010565,IMO9775141,25985,25985,1.0,true
538010575,IMO9725885,2229,2229,1.0,true
538010588,IMO9612131,3673,3673,1.0,true
538010599,IMO9950715,241,241,1.0,true
538010600,IMO9960174,3848,3848,1.0,true
538010605,IMO9708916,301,301,1.0,true
538010606,IMO9964118,4661,4661,1.0,true
538010607,IMO9715438,4578,4578,1.0,true
538010610,IMO9594509,3822,3822,1.0,true
538010616,IMO9969144,498,498,1.0,true
538010620,IMO9948279,6366,6366,1.0,true
538010641,IMO9359727,1060,1060,1.0,true
538010647,IMO9700926,683,683,1.0,true
538010656,IMO9688855,2265,2265,1.0,true
538010677,IMO9715440,37303,37303,1.0,true
538010680,IMO9973420,1001,1001,1.0,true
538010683,IMO9846110,3709,3709,1.0,true
538010690,IMO9951721,2654,2654,1.0,true
538010693,IMO9951733,9361,9361,1.0,true
538010694,IMO9982055,3248,3248,1.0,true
538010700,IMO9461805,15121,15121,1.0,true
538010701,IMO9239800,4086,4086,1.0,true
538010703,IMO9960459,3708,3708,1.0,true
538010707,IMO9672040,1257,1257,1.0,true
538010711,IMO9955595,205,205,1.0,true
538010712,IMO9955583,15525,15525,1.0,true
538010720,IMO9660152,1430,1430,1.0,true
538010731,IMO9958339,4612,4612,1.0,true
538010732,IMO9965851,1519,1519,1.0,true
538010737,IMO9663233,24574,24574,1.0,true
538010740,IMO9953834,1859,1859,1.0,true
538010741,IMO9960784,7565,7565,1.0,true
538010747,IMO9414448,2372,2372,1.0,true
538010754,IMO9960461,225,225,1.0,true
538010759,IMO9739032,5385,5385,1.0,true
538010764,IMO9606003,216,216,1.0,true
538010765,IMO9476953,2984,2984,1.0,true
538010773,IMO9860221,893,893,1.0,true
538010777,IMO9975375,5727,5727,1.0,true
538010787,IMO9944338,14576,14576,1.0,true
538010794,IMO9322334,2701,2701,1.0,true
538010802,IMO9698329,5725,5725,1.0,true
538010803,IMO9700081,5529,5529,1.0,true
538010805,IMO9975387,3472,3472,1.0,true
538010807,IMO9985784,11744,11744,1.0,true
538010819,IMO9670731,3755,3755,1.0,true
538010820,IMO9670743,5698,5698,1.0,true
538010821,IMO9670755,3284,3284,1.0,true
538010829,IMO9731406,2528,2528,1.0,true
538010834,IMO9958341,19147,19147,1.0,true
538010854,IMO9490674,5837,5837,1.0,true
538010856,IMO9700782,280,280,1.0,true
538010859,IMO9967122,445,445,1.0,true
538010868,IMO9318474,638,638,1.0,true
538010871,IMO9633202,6533,6533,1.0,true
538010873,IMO9642162,7268,7268,1.0,true
538010877,IMO9983657,40,40,1.0,true
538010879,IMO9782156,6332,6332,1.0,true
538010909,IMO9668398,2327,2327,1.0,true
538010910,IMO9987251,13124,13124,1.0,true
538010918,IMO9846108,7401,7401,1.0,true
538010919,IMO9969182,1490,1490,1.0,true
538010926,IMO9657404,3974,3974,1.0,true
538010927,IMO9414759,1872,1872,1.0,true
538010944,IMO9509671,466,466,1.0,true
538010957,IMO9965655,8952,8952,1.0,true
538010965,IMO9953779,5026,5026,1.0,true
538010969,IMO1029479,2104,2104,1.0,true
538010983,IMO9857444,6595,6595,1.0,true
538010985,IMO9414761,6890,6890,1.0,true
538010987,IMO9548328,7841,7841,1.0,true
538011001,IMO9578787,722,722,1.0,true
538011010,IMO9477816,169,169,1.0,true
538011011,IMO9674787,363,363,1.0,true
538011012,IMO9965863,213,213,1.0,true
538011017,IMO9972892,10533,10533,1.0,true
538011019,IMO9972995,4862,4862,1.0,true
538011020,IMO9972983,985,985,1.0,true
538011021,IMO9973004,1923,1923,1.0,true
538011022,IMO9987249,5653,5653,1.0,true
538011025,IMO9725902,2810,2810,1.0,true
538011026,IMO9725897,1197,1197,1.0,true
538011036,IMO1014424,2766,2766,1.0,true
538011062,IMO9659189,96,96,1.0,true
538011064,IMO9985796,568,568,1.0,true
538011082,IMO9595149,9606,9606,1.0,true
538011084,IMO9668972,89458,89458,1.0,true
538011092,IMO9863807,382,382,1.0,true
538011105,IMO9623764,8476,8476,1.0,true
538011106,IMO9497579,838,838,1.0,true
538011108,IMO9986972,4080,4080,1.0,true
538011112,IMO9977153,234,234,1.0,true
538011116,IMO9414474,2778,2778,1.0,true
538011122,IMO9420320,2193,2193,1.0,true
538011123,IMO9622837,12034,12034,1.0,true
538011127,IMO9865233,1655,1655,1.0,true
538011128,IMO9755921,2446,2446,1.0,true
538011130,IMO9973535,300,300,1.0,true
538011145,IMO1044065,1627,1627,1.0,true
538011158,IMO9668984,90593,90593,1.0,true
538011163,IMO9975416,1606,1606,1.0,true
538011164,IMO9974008,2390,2390,1.0,true
538011173,IMO9738727,2975,2975,1.0,true
538011184,IMO9749843,1152,1152,1.0,true
538011185,IMO9979230,2465,2465,1.0,true
538011186,IMO9343625,3935,3935,1.0,true
538011187,IMO9517549,12881,12881,1.0,true
538011202,IMO9401843,2261,2261,1.0,true
538011205,IMO9681871,500,500,1.0,true
538011207,IMO9937543,3331,3331,1.0,true
538011210,IMO9977165,187,187,1.0,true
538011221,IMO9330616,631,631,1.0,true
538011223,IMO9983475,301,301,1.0,true
538011248,IMO9965538,298,298,1.0,true
538011259,IMO9976032,331,331,1.0,true
538011260,IMO9597678,2252,2252,1.0,true
538011271,IMO9767065,4401,4401,1.0,true
538011286,IMO9580247,1295,1295,1.0,true
538011295,IMO9749996,2273,2273,1.0,true
538011302,IMO9652507,5091,5091,1.0,true
538011303,IMO9464780,2533,2533,1.0,true
538011323,IMO9365831,4801,4801,1.0,true
538011325,IMO9972529,310,310,1.0,true
538011350,IMO9779018,6748,6748,1.0,true
538011352,IMO9623740,2558,2558,1.0,true
538011356,IMO9552991,2359,2359,1.0,true
538011357,IMO1035997,262,262,1.0,true
538011369,IMO9711937,2982,2982,1.0,true
538011392,IMO9668556,1371,1371,1.0,true
538011395,IMO9416446,2157,2157,1.0,true
538011401,IMO9449340,4103,4103,1.0,true
538011430,IMO1060746,4291,4291,1.0,true
538011449,IMO9693771,2312,2312,1.0,true
538011480,IMO9426104,1294,1294,1.0,true
538011490,IMO1042146,508,508,1.0,true
538011494,IMO1015741,961,961,1.0,true
538011497,IMO1051410,217,217,1.0,true
538011511,IMO9993511,633,633,1.0,true
538011553,IMO9421257,22,22,1.0,true
538011562,IMO9880283,169,169,1.0,true
538011567,IMO1037658,1458,1458,1.0,true
538011576,IMO9796561,2416,2416,1.0,true
538011651,IMO9834856,6287,6287,1.0,true
538011706,IMO9625463,551,551,1.0,true
538011711,IMO9738894,6351,6351,1.0,true
538011714,IMO9954175,6894,6894,1.0,true
538011724,IMO1026582,216,216,1.0,true
538011725,IMO9767443,1028,1028,1.0,true
538011832,IMO9811517,2189,2189,1.0,true
538011860,IMO9509528,555,555,1.0,true
538011871,IMO9603154,1799,1799,1.0,true
538011963,IMO9827310,826,826,1.0,true
538090070,IMO9231092,2000,2000,1.0,true
538090538,IMO9827310,11711,11711,1.0,true
538090542,IMO9830769,6626,6626,1.0,true
538090551,IMO9834856,667,667,1.0,true
538090555,IMO9634438,3571,3571,1.0,true
538090556,IMO9827322,2303,2303,1.0,true
538090560,IMO9262560,1636,1636,1.0,true
538090564,IMO9225249,2788,2788,1.0,true
538090565,IMO9225251,4907,4907,1.0,true
538090572,IMO9412622,15679,15679,1.0,true
538090573,IMO9379650,2313,2313,1.0,true
538090581,IMO9663738,5352,5352,1.0,true
538090583,IMO9459436,442,442,1.0,true
538090584,IMO9456953,1922,1922,1.0,true
538090604,IMO9253155,968,968,1.0,true
538090606,IMO9765586,8042,8042,1.0,true
538090614,IMO9709233,14047,14047,1.0,true
538090638,IMO9650755,9936,9936,1.0,true
538090640,IMO9707742,6065,6065,1.0,true
538090642,IMO9526722,4497,4497,1.0,true
538090644,IMO9427952,2287,2287,1.0,true
538090649,IMO9717345,210,210,1.0,true
538090660,IMO9741736,2730,2730,1.0,true
538090663,IMO9830123,1445,1445,1.0,true
538090667,IMO9566590,236,236,1.0,true
538090668,IMO9393632,2065,2065,1.0,true
538090673,IMO9393620,958,958,1.0,true
548263500,IMO9327592,3402,3402,1.0,true
548533000,IMO9855446,226,226,1.0,true
548652000,IMO9254501,6970,6970,1.0,true
548694000,IMO9867578,3639,3639,1.0,true
548704000,IMO7920962,5304,5304,1.0,true
548743000,IMO9934814,7031,7031,1.0,true
548758000,IMO9989285,1650,1650,1.0,true
548862000,IMO9932141,3412,3412,1.0,true
548899000,IMO9700005,228,228,1.0,true
548910000,IMO9700029,4261,4261,1.0,true
548913000,IMO9700031,14757,14757,1.0,true
548922000,IMO9743215,3321,3321,1.0,true
548928000,IMO9703423,182,182,1.0,true
548932000,IMO9717345,244,244,1.0,true
548937000,IMO9747247,5168,5168,1.0,true
548940000,IMO9743227,3164,3164,1.0,true
548946000,IMO9761231,11559,11559,1.0,true
548950000,IMO9756925,4659,4659,1.0,true
548954000,IMO9771482,4250,4250,1.0,true
548961000,IMO9808663,7355,7355,1.0,true
548962000,IMO9989314,1592,1592,1.0,true
548965000,IMO9989364,9161,9161,1.0,true
548966000,IMO9808675,1571,1571,1.0,true
548973000,IMO9831488,5873,5873,1.0,true
548976000,IMO9831490,3154,3154,1.0,true
548977000,IMO9831505,949,949,1.0,true
548980000,IMO9855410,14567,14567,1.0,true
548984000,IMO9855525,4057,4057,1.0,true
548986000,IMO9855422,9320,9320,1.0,true
548987000,IMO9855549,6905,6905,1.0,true
548989000,IMO9846093,5085,5085,1.0,true
548990000,IMO9856232,8481,8481,1.0,true
548991000,IMO9838498,2225,2225,1.0,true
548993000,IMO9856244,587,587,1.0,true
548995000,IMO9855460,1726,1726,1.0,true
548996000,IMO9846108,9423,9423,1.0,true
548997000,IMO9856256,30144,30144,1.0,true
548998000,IMO9838503,1485,1485,1.0,true
563000400,IMO9289922,27162,27162,1.0,true
563000500,IMO9289958,29164,29164,1.0,true
563000600,IMO9308649,22484,22484,1.0,true
563000700,IMO9299927,32061,32061,1.0,true
563000800,IMO9289946,12257,12257,1.0,true
563000900,IMO9289934,20245,20245,1.0,true
563001700,IMO9726671,16491,16491,1.0,true
563001900,IMO9686338,7696,7696,1.0,true
563002100,IMO9725718,23211,23211,1.0,true
563002700,IMO9736080,5584,5584,1.0,true
563004200,IMO9697428,52175,52175,1.0,true
563004900,IMO9300441,740,740,1.0,true
563005500,IMO9782326,565,565,1.0,true
563005600,IMO9626302,4179,4179,1.0,true
563006200,IMO9782261,636,636,1.0,true
563006800,IMO9726669,23266,23266,1.0,true
563006900,IMO9703590,851,851,1.0,true
563007100,IMO9703605,17558,17558,1.0,true
563008300,IMO9752199,254,254,1.0,true
563008500,IMO9782168,6001,6001,1.0,true
563008700,IMO9663312,20466,20466,1.0,true
563012100,IMO9317559,7435,7435,1.0,true
563012500,IMO9727182,4980,4980,1.0,true
563014400,IMO9772864,1256,1256,1.0,true
563015400,IMO9806770,925,925,1.0,true
563015800,IMO9782027,274,274,1.0,true
563016600,IMO9725005,13369,13369,1.0,true
563016700,IMO9725017,2207,2207,1.0,true
563018500,IMO9766920,836,836,1.0,true
563020100,IMO9726449,5125,5125,1.0,true
563020400,IMO9737474,49596,49596,1.0,true
563020500,IMO9796949,24692,24692,1.0,true
563023500,IMO9796951,2273,2273,1.0,true
563024600,IMO9743473,14726,14726,1.0,true
563024700,IMO9743485,1712,1712,1.0,true
563024800,IMO9743497,23365,23365,1.0,true
563024900,IMO9743502,16418,16418,1.0,true
563025500,IMO9725029,929,929,1.0,true
563025600,IMO9312810,30861,30861,1.0,true
563025800,IMO9799771,13372,13372,1.0,true
563027200,IMO9407524,1532,1532,1.0,true
563027400,IMO9744520,9802,9802,1.0,true
563028400,IMO9811555,4221,4221,1.0,true
563029200,IMO9403023,26045,26045,1.0,true
563029900,IMO9737498,52683,52683,1.0,true
563032700,IMO9303534,44112,44112,1.0,true
563032800,IMO9303522,4424,4424,1.0,true
563032900,IMO9306550,18060,18060,1.0,true
563033000,IMO9629110,31873,31873,1.0,true
563033400,IMO9781073,1399,1399,1.0,true
563033500,IMO9817559,10664,10664,1.0,true
563034800,IMO9786724,989,989,1.0,true
563038600,IMO9755921,1148,1148,1.0,true
563039400,IMO9440978,6830,6830,1.0,true
563040700,IMO9781085,9189,9189,1.0,true
563041400,IMO9736949,201,201,1.0,true
563048400,IMO9312987,25845,25845,1.0,true
563049700,IMO9626388,6314,6314,1.0,true
563049900,IMO9699189,2893,2893,1.0,true
563050100,IMO9273923,2584,2584,1.0,true
563050400,IMO9348065,24110,24110,1.0,true
563050500,IMO9786774,35068,35068,1.0,true
563050600,IMO9283227,4907,4907,1.0,true
563051200,IMO9283186,21259,21259,1.0,true
563051300,IMO9283203,39399,39399,1.0,true
563051400,IMO9283215,47440,47440,1.0,true
563051500,IMO9786786,38214,38214,1.0,true
563051700,IMO9348053,21935,21935,1.0,true
563051800,IMO9283239,28058,28058,1.0,true
563052100,IMO9357949,35597,35597,1.0,true
563052400,IMO9348077,34167,34167,1.0,true
563052500,IMO9283198,17403,17403,1.0,true
563052700,IMO9484572,19377,19377,1.0,true
563052800,IMO9699206,3947,3947,1.0,true
563053200,IMO9782649,4815,4815,1.0,true
563053600,IMO9440928,24893,24893,1.0,true
563053900,IMO9551674,21929,21929,1.0,true
563056500,IMO9403140,29231,29231,1.0,true
563056700,IMO9256391,91,91,1.0,true
563057700,IMO9767443,8236,8236,1.0,true
563059100,IMO9837286,78488,78488,1.0,true
563060500,IMO9700146,596,596,1.0,true
563061300,IMO9313008,25615,25615,1.0,true
563061900,IMO9802267,698,698,1.0,true
563062200,IMO9725706,42638,42638,1.0,true
563062300,IMO9697416,22230,22230,1.0,true
563062600,IMO9525950,5205,5205,1.0,true
563062700,IMO9525948,8070,8070,1.0,true
563065800,IMO9841938,3193,3193,1.0,true
563066900,IMO9786750,45299,45299,1.0,true
563070300,IMO9490674,190,190,1.0,true
563070700,IMO9790866,15580,15580,1.0,true
563073100,IMO9841940,19437,19437,1.0,true
563073500,IMO9757216,5394,5394,1.0,true
563073700,IMO9348651,36187,36187,1.0,true
563073800,IMO9193240,21737,21737,1.0,true
563076200,IMO9235543,37144,37144,1.0,true
563076300,IMO9235555,31014,31014,1.0,true
563076400,IMO9701164,6596,6596,1.0,true
563076900,IMO9820673,1166,1166,1.0,true
563077000,IMO9367580,1244,1244,1.0,true
563077400,IMO9235579,20332,20332,1.0,true
563077800,IMO9300427,32807,32807,1.0,true
563079000,IMO9416989,19131,19131,1.0,true
563079400,IMO9836464,8463,8463,1.0,true
563080300,IMO9859313,1151,1151,1.0,true
563081200,IMO9836438,487,487,1.0,true
563081600,IMO9858527,12045,12045,1.0,true
563081700,IMO9633147,3839,3839,1.0,true
563084400,IMO9219800,6195,6195,1.0,true
563084800,IMO9300439,6569,6569,1.0,true
563088600,IMO9731212,2440,2440,1.0,true
563089500,IMO9870874,9414,9414,1.0,true
563090200,IMO9398436,21555,21555,1.0,true
563090300,IMO9501239,30037,30037,1.0,true
563090400,IMO9502910,18298,18298,1.0,true
563090500,IMO9502867,15040,15040,1.0,true
563093300,IMO9860738,8551,8551,1.0,true
563094500,IMO9767481,9911,9911,1.0,true
563094600,IMO9528665,2196,2196,1.0,true
563096200,IMO9866641,8382,8382,1.0,true
563096500,IMO9697026,517,517,1.0,true
563096700,IMO9300465,17587,17587,1.0,true
563098300,IMO9858539,239,239,1.0,true
563098700,IMO9836373,6441,6441,1.0,true
563098900,IMO9443360,1593,1593,1.0,true
563099500,IMO9861160,15811,15811,1.0,true
563101600,IMO9632480,20998,20998,1.0,true
563102000,IMO9394870,591,591,1.0,true
563102400,IMO9300477,9724,9724,1.0,true
563103200,IMO9786762,5304,5304,1.0,true
563103900,IMO9443358,1137,1137,1.0,true
563104800,IMO9871206,5832,5832,1.0,true
563105100,IMO9874272,966,966,1.0,true
563106200,IMO9882994,4812,4812,1.0,true
563107300,IMO9865556,5352,5352,1.0,true
563107400,IMO9880362,4909,4909,1.0,true
563107500,IMO9853060,2604,2604,1.0,true
563107600,IMO9881378,7930,7930,1.0,true
563107900,IMO9883120,3032,3032,1.0,true
563108700,IMO9884370,1790,1790,1.0,true
563108800,IMO9785976,4043,4043,1.0,true
563108900,IMO9882982,7451,7451,1.0,true
563109100,IMO9644536,6757,6757,1.0,true
563109300,IMO9870460,9379,9379,1.0,true
563109600,IMO9573751,11828,11828,1.0,true
563109700,IMO9877327,8928,8928,1.0,true
563112400,IMO9597343,256,256,1.0,true
563112700,IMO9536844,2059,2059,1.0,true
563113900,IMO9731391,3683,3683,1.0,true
563114800,IMO9888209,4349,4349,1.0,true
563115200,IMO9860269,565,565,1.0,true
563115700,IMO9739032,1172,1172,1.0,true
563116200,IMO9888869,3379,3379,1.0,true
563118100,IMO9875355,625,625,1.0,true
563119000,IMO9387449,29976,29976,1.0,true
563119200,IMO9866720,4150,4150,1.0,true
563119800,IMO9876919,4916,4916,1.0,true
563121400,IMO9317690,6078,6078,1.0,true
563121900,IMO9833383,2659,2659,1.0,true
563122700,IMO9860283,1457,1457,1.0,true
563122800,IMO9714812,4235,4235,1.0,true
563123500,IMO9400186,6114,6114,1.0,true
563124100,IMO9767584,5937,5937,1.0,true
563124400,IMO9817353,4082,4082,1.0,true
563126500,IMO9440784,9512,9512,1.0,true
563126700,IMO9307035,2394,2394,1.0,true
563127900,IMO9398424,37611,37611,1.0,true
563128100,IMO9892951,3628,3628,1.0,true
563128400,IMO9890240,24449,24449,1.0,true
563129600,IMO9470739,539,539,1.0,true
563129700,IMO9881873,560,560,1.0,true
563130100,IMO9622019,14855,14855,1.0,true
563130400,IMO9398242,15561,15561,1.0,true
563130600,IMO9348663,3007,3007,1.0,true
563131100,IMO9906300,10940,10940,1.0,true
563131400,IMO9908499,195,195,1.0,true
563131500,IMO9706748,10084,10084,1.0,true
563131600,IMO9433066,10458,10458,1.0,true
563131700,IMO9744685,851,851,1.0,true
563131800,IMO9400198,5847,5847,1.0,true
563132000,IMO9728203,229,229,1.0,true
563133400,IMO9322308,1795,1795,1.0,true
563134200,IMO9917048,11784,11784,1.0,true
563134700,IMO9626912,787,787,1.0,true
563135300,IMO9298997,17808,17808,1.0,true
563135500,IMO9521837,2104,2104,1.0,true
563138300,IMO9917050,1641,1641,1.0,true
563138500,IMO9922005,19507,19507,1.0,true
563138700,IMO9908310,18610,18610,1.0,true
563139400,IMO9861172,3099,3099,1.0,true
563140400,IMO9909223,19846,19846,1.0,true
563140700,IMO9682887,3168,3168,1.0,true
563140800,IMO9893802,6099,6099,1.0,true
563140900,IMO9926130,16036,16036,1.0,true
563141100,IMO9743277,250,250,1.0,true
563141200,IMO9789972,14265,14265,1.0,true
563141900,IMO9929390,3925,3925,1.0,true
563142100,IMO9300453,1538,1538,1.0,true
563142500,IMO9305697,2705,2705,1.0,true
563142600,IMO9584190,3639,3639,1.0,true
563142700,IMO9401867,6729,6729,1.0,true
563142800,IMO9398254,12961,12961,1.0,true
563143000,IMO9629031,49803,49803,1.0,true
563143800,IMO9926996,7152,7152,1.0,true
563144500,IMO9412816,543,543,1.0,true
563144600,IMO9384899,3525,3525,1.0,true
563144900,IMO9893814,5883,5883,1.0,true
563145100,IMO9419668,4616,4616,1.0,true
563145400,IMO9913523,18731,18731,1.0,true
563145700,IMO9933224,6399,6399,1.0,true
563146500,IMO9193264,47435,47435,1.0,true
563146600,IMO9367188,29641,29641,1.0,true
563146800,IMO9473676,2334,2334,1.0,true
563148100,IMO9459632,8780,8780,1.0,true
563148200,IMO9362401,669,669,1.0,true
563148300,IMO9391660,1299,1299,1.0,true
563148700,IMO9847891,5504,5504,1.0,true
563148800,IMO9767065,20,20,1.0,true
563149600,IMO9425667,12174,12174,1.0,true
563150200,IMO9521851,349,349,1.0,true
563150400,IMO9916977,674,674,1.0,true
563150500,IMO9916965,6250,6250,1.0,true
563150600,IMO9805673,32436,32436,1.0,true
563153100,IMO9927005,3001,3001,1.0,true
563154600,IMO9917749,3058,3058,1.0,true
563154700,IMO9929699,26301,26301,1.0,true
563155200,IMO9789996,58435,58435,1.0,true
563155600,IMO9640592,22291,22291,1.0,true
563155700,IMO9640607,648,648,1.0,true
563156300,IMO9562049,17860,17860,1.0,true
563157200,IMO9641869,10247,10247,1.0,true
563157500,IMO9791078,2488,2488,1.0,true
563158800,IMO9348900,819,819,1.0,true
563159900,IMO9512630,18587,18587,1.0,true
563160100,IMO9850563,36881,36881,1.0,true
563160200,IMO9850599,34585,34585,1.0,true
563160300,IMO9942811,18072,18072,1.0,true
563160600,IMO9697155,12753,12753,1.0,true
563161200,IMO9850551,44020,44020,1.0,true
563162300,IMO9941350,7688,7688,1.0,true
563163400,IMO9850587,47134,47134,1.0,true
563163900,IMO9806768,2349,2349,1.0,true
563164100,IMO9370147,2173,2173,1.0,true
563164400,IMO9950296,7492,7492,1.0,true
563165200,IMO9466984,14204,14204,1.0,true
563165500,IMO9553763,4139,4139,1.0,true
563167500,IMO9292149,1395,1395,1.0,true
563168900,IMO9723057,17308,17308,1.0,true
563169100,IMO9949297,21103,21103,1.0,true
563169400,IMO9399806,8565,8565,1.0,true
563170300,IMO9555096,23233,23233,1.0,true
563170400,IMO9933030,5858,5858,1.0,true
563170500,IMO9555228,2496,2496,1.0,true
563170600,IMO9553995,1591,1591,1.0,true
563171800,IMO9930375,10528,10528,1.0,true
563172600,IMO9942031,4791,4791,1.0,true
563172700,IMO9555101,40789,40789,1.0,true
563173600,IMO9554054,5688,5688,1.0,true
563174100,IMO9930387,4946,4946,1.0,true
563174700,IMO9949302,227,227,1.0,true
563175100,IMO9939929,543,543,1.0,true
563176300,IMO9942158,20517,20517,1.0,true
563176800,IMO9554078,1938,1938,1.0,true
563177600,IMO9746035,11084,11084,1.0,true
563177700,IMO9758480,5025,5025,1.0,true
563178600,IMO9950648,2675,2675,1.0,true
563179300,IMO9726231,1363,1363,1.0,true
563179500,IMO9758492,238,238,1.0,true
563180800,IMO9554080,788,788,1.0,true
563181300,IMO9774458,9716,9716,1.0,true
563181400,IMO9935088,10224,10224,1.0,true
563181600,IMO9930399,749,749,1.0,true
563182200,IMO9555113,31471,31471,1.0,true
563182300,IMO9957476,9851,9851,1.0,true
563182400,IMO9554092,1275,1275,1.0,true
563183900,IMO9875381,8268,8268,1.0,true
563185000,IMO9159517,12151,12151,1.0,true
563185500,IMO9940083,1055,1055,1.0,true
563185800,IMO9939931,449,449,1.0,true
563186600,IMO9288394,28170,28170,1.0,true
563187400,IMO9555125,32435,32435,1.0,true
563187500,IMO9554688,5260,5260,1.0,true
563187700,IMO9957488,44403,44403,1.0,true
563187900,IMO9935090,14764,14764,1.0,true
563188100,IMO9721425,201,201,1.0,true
563188800,IMO9936276,3342,3342,1.0,true
563189200,IMO9605023,3224,3224,1.0,true
563190300,IMO9930404,5548,5548,1.0,true
563190500,IMO9935208,36164,36164,1.0,true
563191300,IMO9290115,16852,16852,1.0,true
563192100,IMO9709245,4424,4424,1.0,true
563192300,IMO9554808,2177,2177,1.0,true
563193100,IMO9939943,2424,2424,1.0,true
563193800,IMO9966300,6561,6561,1.0,true
563194900,IMO9935105,23257,23257,1.0,true
563196300,IMO9941128,38252,38252,1.0,true
563196400,IMO9969209,27465,27465,1.0,true
563196800,IMO9966312,15362,15362,1.0,true
563197200,IMO9496989,10685,10685,1.0,true
563197300,IMO9615743,30936,30936,1.0,true
563197400,IMO9615729,1212,1212,1.0,true
563197500,IMO9622849,5412,5412,1.0,true
563197600,IMO9615767,1220,1220,1.0,true
563197900,IMO9967433,19378,19378,1.0,true
563198300,IMO9969390,1501,1501,1.0,true
563198500,IMO9967421,16892,16892,1.0,true
563199600,IMO9935210,29445,29445,1.0,true
563201600,IMO9935117,31954,31954,1.0,true
563202100,IMO9964821,688,688,1.0,true
563203200,IMO9296274,1607,1607,1.0,true
563204900,IMO9941130,18149,18149,1.0,true
563207100,IMO9583237,4441,4441,1.0,true
563207300,IMO9964845,3326,3326,1.0,true
563207600,IMO9943073,22727,22727,1.0,true
563208400,IMO9608386,4298,4298,1.0,true
563209700,IMO9979046,1171,1171,1.0,true
563210400,IMO9608398,1036,1036,1.0,true
563210600,IMO9935129,7369,7369,1.0,true
563211200,IMO9968360,1049,1049,1.0,true
563211900,IMO9719329,6077,6077,1.0,true
563214600,IMO9675822,8539,8539,1.0,true
563215700,IMO9977921,2079,2079,1.0,true
563217000,IMO9690901,1201,1201,1.0,true
563217600,IMO9941142,22098,22098,1.0,true
563218100,IMO9974981,15318,15318,1.0,true
563218900,IMO9425954,11252,11252,1.0,true
563219100,IMO9935222,25077,25077,1.0,true
563219700,IMO9943097,17203,17203,1.0,true
563220000,IMO9722314,8247,8247,1.0,true
563221500,IMO1014163,654,654,1.0,true
563221600,IMO9977933,4390,4390,1.0,true
563222300,IMO9943102,8685,8685,1.0,true
563223300,IMO9941154,25611,25611,1.0,true
563223500,IMO9738674,1978,1978,1.0,true
563224200,IMO9973080,1852,1852,1.0,true
563224500,IMO9935234,6612,6612,1.0,true
563226100,IMO9820908,4664,4664,1.0,true
563226200,IMO9757228,9656,9656,1.0,true
563226700,IMO9935246,23256,23256,1.0,true
563226800,IMO9943114,3318,3318,1.0,true
563228100,IMO9569956,730,730,1.0,true
563228400,IMO9582465,223,223,1.0,true
563228800,IMO9478157,1556,1556,1.0,true
563228900,IMO9533335,379,379,1.0,true
563229100,IMO9569968,2981,2981,1.0,true
563229200,IMO9968516,17148,17148,1.0,true
563229400,IMO9935260,6486,6486,1.0,true
563230500,IMO9415727,3090,3090,1.0,true
563231100,IMO9969077,13201,13201,1.0,true
563231800,IMO9946233,1465,1465,1.0,true
563231900,IMO9946245,2072,2072,1.0,true
563232300,IMO9878503,14527,14527,1.0,true
563232400,IMO9991472,1553,1553,1.0,true
563233800,IMO9699115,9401,9401,1.0,true
563234300,IMO9968528,6923,6923,1.0,true
563234500,IMO1020772,1773,1773,1.0,true
563235500,IMO9970246,3654,3654,1.0,true
563236400,IMO1013688,620,620,1.0,true
563236500,IMO9832468,4315,4315,1.0,true
563237800,IMO9935272,16452,16452,1.0,true
563238300,IMO9706750,7141,7141,1.0,true
563238500,IMO9700031,12440,12440,1.0,true
563239400,IMO9811048,252,252,1.0,true
563239900,IMO9935284,13943,13943,1.0,true
563241600,IMO9736353,2702,2702,1.0,true
563244800,IMO9302152,10399,10399,1.0,true
563245200,IMO9935296,15262,15262,1.0,true
563245300,IMO9935337,11783,11783,1.0,true
563245900,IMO1024522,246,246,1.0,true
563246400,IMO9878515,5219,5219,1.0,true
563246500,IMO9970210,611,611,1.0,true
563246700,IMO9477608,2819,2819,1.0,true
563247000,IMO9632038,14886,14886,1.0,true
563247300,IMO1041934,2323,2323,1.0,true
563248000,IMO9185463,191,191,1.0,true
563248700,IMO9880013,1604,1604,1.0,true
563249700,IMO1027017,225,225,1.0,true
563249900,IMO9935351,9696,9696,1.0,true
563250500,IMO9302164,1888,1888,1.0,true
563251800,IMO9935363,9136,9136,1.0,true
563252300,IMO9975650,7939,7939,1.0,true
563253700,IMO1042897,850,850,1.0,true
563256100,IMO9968530,7835,7835,1.0,true
563262000,IMO9176565,4638,4638,1.0,true
563262700,IMO9935375,7326,7326,1.0,true
563263200,IMO9976173,5821,5821,1.0,true
563265600,IMO9935387,6496,6496,1.0,true
563265700,IMO1032000,4923,4923,1.0,true
563268300,IMO9935399,6510,6510,1.0,true
563268700,IMO9935428,3208,3208,1.0,true
563270600,IMO1047122,732,732,1.0,true
563274100,IMO9935430,2781,2781,1.0,true
563277100,IMO9407146,3282,3282,1.0,true
563277200,IMO9472139,4308,4308,1.0,true
563277400,IMO9472177,3169,3169,1.0,true
563277900,IMO9448762,641,641,1.0,true
563278200,IMO9448798,2849,2849,1.0,true
563278300,IMO9448815,2406,2406,1.0,true
563279900,IMO9407158,3437,3437,1.0,true
563280100,IMO9407160,3189,3189,1.0,true
563280400,IMO9224300,942,942,1.0,true
563280900,IMO9301847,448,448,1.0,true
563281100,IMO9301809,3217,3217,1.0,true
563282200,IMO9704635,1718,1718,1.0,true
563282800,IMO9668934,2497,2497,1.0,true
563284100,IMO9926594,359,359,1.0,true
563284200,IMO9845984,292,292,1.0,true
563284300,IMO9836907,5392,5392,1.0,true
563284700,IMO9836919,725,725,1.0,true
563285500,IMO9630365,512,512,1.0,true
563286500,IMO9472165,7669,7669,1.0,true
563286700,IMO9472153,3620,3620,1.0,true
563286800,IMO9684665,2629,2629,1.0,true
563287900,IMO9386005,1031,1031,1.0,true
563288700,IMO9385972,1961,1961,1.0,true
563288800,IMO9385984,410,410,1.0,true
563289100,IMO9472141,3889,3889,1.0,true
563291500,IMO9967952,1973,1973,1.0,true
563291700,IMO9967964,2626,2626,1.0,true
563291800,IMO9968047,1912,1912,1.0,true
563291900,IMO9967976,2000,2000,1.0,true
563292300,IMO9931111,1507,1507,1.0,true
563292400,IMO9931123,1552,1552,1.0,true
563292500,IMO9932529,1458,1458,1.0,true
563292600,IMO9931109,1818,1818,1.0,true
563292700,IMO9932517,2025,2025,1.0,true
563292800,IMO9932490,2081,2081,1.0,true
563292900,IMO9932505,1398,1398,1.0,true
563293100,IMO9931135,3699,3699,1.0,true
563293200,IMO9932531,1727,1727,1.0,true
563293300,IMO9967988,1891,1891,1.0,true
563293400,IMO9967990,1896,1896,1.0,true
563293600,IMO9931094,2008,2008,1.0,true
563293800,IMO9968035,705,705,1.0,true
563298100,IMO9447847,2223,2223,1.0,true
563302200,IMO9641780,6001,6001,1.0,true
563302400,IMO9675729,772,772,1.0,true
563302700,IMO9726176,1136,1136,1.0,true
563307800,IMO9484546,3619,3619,1.0,true
563307900,IMO9535163,3172,3172,1.0,true
563308200,IMO9535187,2358,2358,1.0,true
563308300,IMO9619476,1745,1745,1.0,true
563308400,IMO9535204,4192,4192,1.0,true
563313000,IMO9224506,4895,4895,1.0,true
563377000,IMO9665592,17211,17211,1.0,true
563394000,IMO9528029,2312,2312,1.0,true
563403000,IMO9694402,22748,22748,1.0,true
563417000,IMO9694414,14461,14461,1.0,true
563433000,IMO9222118,26934,26934,1.0,true
563458000,IMO9215907,598,598,1.0,true
563460000,IMO9215878,6662,6662,1.0,true
563471000,IMO9665671,6020,6020,1.0,true
563479000,IMO9665669,6076,6076,1.0,true
563485000,IMO9248681,1032,1032,1.0,true
563487000,IMO9665683,4688,4688,1.0,true
563509000,IMO9558270,6086,6086,1.0,true
563513000,IMO9238155,3641,3641,1.0,true
563545000,IMO9694426,12504,12504,1.0,true
563549000,IMO9694438,23385,23385,1.0,true
563579000,IMO9224518,13084,13084,1.0,true
563584000,IMO9224520,12117,12117,1.0,true
563610000,IMO9367592,42,42,1.0,true
563642000,IMO9648075,2319,2319,1.0,true
563656000,IMO9682837,538,538,1.0,true
563706000,IMO9566564,10970,10970,1.0,true
563710000,IMO9372810,408,408,1.0,true
563758000,IMO9416991,16381,16381,1.0,true
563804000,IMO9774355,34896,34896,1.0,true
563812000,IMO9294862,1757,1757,1.0,true
563862000,IMO9569267,11020,11020,1.0,true
563905000,IMO9465174,9923,9923,1.0,true
563907000,IMO9751224,1558,1558,1.0,true
563930000,IMO9757802,5652,5652,1.0,true
563933000,IMO9726164,767,767,1.0,true
563935000,IMO9648087,2135,2135,1.0,true
563945000,IMO9736066,1999,1999,1.0,true
563947000,IMO9648099,5425,5425,1.0,true
563982000,IMO9604134,8761,8761,1.0,true
564096000,IMO9739018,1285,1285,1.0,true
564118000,IMO9675779,7145,7145,1.0,true
564180000,IMO9475727,5957,5957,1.0,true
564204000,IMO9682863,68867,68867,1.0,true
564220000,IMO9300221,36237,36237,1.0,true
564254000,IMO9460887,634,634,1.0,true
564260000,IMO9690913,1789,1789,1.0,true
564280000,IMO9265926,1261,1261,1.0,true
564345000,IMO9629067,19436,19436,1.0,true
564360000,IMO9525302,2290,2290,1.0,true
564411000,IMO9331220,10796,10796,1.0,true
564415000,IMO9303041,1412,1412,1.0,true
564440000,IMO9238167,2074,2074,1.0,true
564511000,IMO9669392,4868,4868,1.0,true
564538000,IMO9722039,1414,1414,1.0,true
564548000,IMO9403035,2807,2807,1.0,true
564561000,IMO9213806,4826,4826,1.0,true
564575000,IMO9665633,10658,10658,1.0,true
564576000,IMO9693355,2762,2762,1.0,true
564585000,IMO9714226,282,282,1.0,true
564614000,IMO9176577,3808,3808,1.0,true
564633000,IMO9747962,781,781,1.0,true
564724000,IMO9238466,7438,7438,1.0,true
564726000,IMO9694579,2332,2332,1.0,true
564731000,IMO9222510,35134,35134,1.0,true
564753000,IMO9138525,3082,3082,1.0,true
564756000,IMO9291391,12842,12842,1.0,true
564768000,IMO9237084,970,970,1.0,true
564794000,IMO9291389,40842,40842,1.0,true
564798000,IMO9303924,28139,28139,1.0,true
564822000,IMO9411379,6538,6538,1.0,true
564837000,IMO9411381,28409,28409,1.0,true
564853000,IMO9424613,7122,7122,1.0,true
564879000,IMO9485021,7651,7651,1.0,true
564881000,IMO9648104,3535,3535,1.0,true
564895000,IMO9748033,12101,12101,1.0,true
564902000,IMO9283863,4549,4549,1.0,true
564979000,IMO9411367,18066,18066,1.0,true
565003000,IMO9691577,2770,2770,1.0,true
565004000,IMO9294874,5704,5704,1.0,true
565032000,IMO9248693,2800,2800,1.0,true
565043500,IMO9779020,12491,12491,1.0,true
565080000,IMO9336787,8864,8864,1.0,true
565100000,IMO9308704,15311,15311,1.0,true
565132000,IMO9248708,12812,12812,1.0,true
565138000,IMO9700940,3569,3569,1.0,true
565142000,IMO9748758,1388,1388,1.0,true
565155000,IMO9424601,8174,8174,1.0,true
565213000,IMO9301926,1378,1378,1.0,true
565220000,IMO9302695,2589,2589,1.0,true
565222000,IMO9301938,965,965,1.0,true
565227000,IMO9431460,5018,5018,1.0,true
565234000,IMO9330616,751,751,1.0,true
565259000,IMO9691589,2190,2190,1.0,true
565285000,IMO9689897,8578,8578,1.0,true
565286000,IMO9689902,10316,10316,1.0,true
565302000,IMO9714238,2907,2907,1.0,true
565376000,IMO9676709,18618,18618,1.0,true
565380000,IMO9676711,40303,40303,1.0,true
565382000,IMO9676723,53708,53708,1.0,true
565402000,IMO9340764,38944,38944,1.0,true
565414000,IMO9303003,6504,6504,1.0,true
565425000,IMO9342700,5825,5825,1.0,true
565435000,IMO9482108,592,592,1.0,true
565440000,IMO9720043,5898,5898,1.0,true
565448000,IMO9315226,11611,11611,1.0,true
565449000,IMO9315214,39258,39258,1.0,true
565451000,IMO9315238,9629,9629,1.0,true
565464000,IMO9336000,1794,1794,1.0,true
565473000,IMO9215919,35561,35561,1.0,true
565475000,IMO9215880,32137,32137,1.0,true
565482000,IMO9315240,28652,28652,1.0,true
565485000,IMO9315252,2602,2602,1.0,true
565503000,IMO9284740,1504,1504,1.0,true
565533000,IMO9408956,20272,20272,1.0,true
565535000,IMO9681900,836,836,1.0,true
565536000,IMO9326407,5345,5345,1.0,true
565562000,IMO9714252,1322,1322,1.0,true
565565000,IMO9321017,27082,27082,1.0,true
565567000,IMO9326419,11358,11358,1.0,true
565570000,IMO9342499,69148,69148,1.0,true
565577000,IMO9701009,3237,3237,1.0,true
565607000,IMO9723708,3831,3831,1.0,true
565613000,IMO9723710,4606,4606,1.0,true
565653000,IMO9326421,10738,10738,1.0,true
565655000,IMO9732149,3684,3684,1.0,true
565661000,IMO9342504,67112,67112,1.0,true
565671000,IMO9610640,745,745,1.0,true
565694000,IMO9528005,1671,1671,1.0,true
565747000,IMO9342516,64779,64779,1.0,true
565762000,IMO9334674,22963,22963,1.0,true
565778000,IMO9401996,18951,18951,1.0,true
565792000,IMO9732151,5765,5765,1.0,true
565819000,IMO9342528,46824,46824,1.0,true
565825000,IMO9334686,9353,9353,1.0,true
565831000,IMO9690884,3416,3416,1.0,true
565835000,IMO9338888,177,177,1.0,true
565929000,IMO9424857,3092,3092,1.0,true
565947000,IMO9367578,769,769,1.0,true
565955000,IMO9713404,2064,2064,1.0,true
565971000,IMO9392925,274,274,1.0,true
566006000,IMO9350989,1824,1824,1.0,true
566014000,IMO9727041,39466,39466,1.0,true
566028000,IMO9438482,6243,6243,1.0,true
566029000,IMO9350991,5177,5177,1.0,true
566039000,IMO9578775,189,189,1.0,true
566041000,IMO9438509,10491,10491,1.0,true
566044000,IMO9722302,4928,4928,1.0,true
566046000,IMO9732955,5788,5788,1.0,true
566049000,IMO9438511,11863,11863,1.0,true
566055000,IMO9525314,8771,8771,1.0,true
566082000,IMO9464003,3413,3413,1.0,true
566085000,IMO9515395,12433,12433,1.0,true
566086000,IMO9515412,13524,13524,1.0,true
566087000,IMO9605798,5373,5373,1.0,true
566088000,IMO9122655,6501,6501,1.0,true
566095000,IMO9700550,924,924,1.0,true
566097000,IMO9611278,1245,1245,1.0,true
566098000,IMO9611280,3987,3987,1.0,true
566113000,IMO9446099,183,183,1.0,true
566167000,IMO9722027,4487,4487,1.0,true
566184000,IMO9179725,5095,5095,1.0,true
566204000,IMO9431472,979,979,1.0,true
566207000,IMO9731365,8476,8476,1.0,true
566222000,IMO9453781,8190,8190,1.0,true
566238000,IMO9578787,10071,10071,1.0,true
566262000,IMO9593294,2523,2523,1.0,true
566264000,IMO9713777,198,198,1.0,true
566267000,IMO9727429,24267,24267,1.0,true
566274000,IMO9222493,13240,13240,1.0,true
566288000,IMO9690896,2485,2485,1.0,true
566318000,IMO9461867,1290,1290,1.0,true
566377000,IMO9464027,7545,7545,1.0,true
566399000,IMO9569255,17590,17590,1.0,true
566407000,IMO9461881,37252,37252,1.0,true
566409000,IMO9462017,31016,31016,1.0,true
566410000,IMO9462029,5131,5131,1.0,true
566464000,IMO9598945,1067,1067,1.0,true
566482000,IMO9462031,5132,5132,1.0,true
566483000,IMO9462043,1844,1844,1.0,true
566490000,IMO9561497,1580,1580,1.0,true
566492000,IMO9525390,10450,10450,1.0,true
566493000,IMO9525405,12671,12671,1.0,true
566510000,IMO9455296,6636,6636,1.0,true
566584000,IMO9474668,1909,1909,1.0,true
566603000,IMO9598957,1179,1179,1.0,true
566607000,IMO9675834,5450,5450,1.0,true
566619000,IMO9529504,6126,6126,1.0,true
566626000,IMO9615212,292,292,1.0,true
566636000,IMO9298533,11093,11093,1.0,true
566637000,IMO9638616,1019,1019,1.0,true
566642000,IMO9457622,14962,14962,1.0,true
566645000,IMO9726437,24408,24408,1.0,true
566646000,IMO9753387,2806,2806,1.0,true
566654000,IMO9138513,3097,3097,1.0,true
566673000,IMO9595474,41509,41509,1.0,true
566675000,IMO9613422,15350,15350,1.0,true
566699000,IMO9464039,17070,17070,1.0,true
566704000,IMO9601302,34458,34458,1.0,true
566705000,IMO9601314,17060,17060,1.0,true
566706000,IMO9563938,1217,1217,1.0,true
566707000,IMO9613446,6705,6705,1.0,true
566715000,IMO9638836,4474,4474,1.0,true
566716000,IMO9474797,21185,21185,1.0,true
566730000,IMO9457634,18239,18239,1.0,true
566732000,IMO9595498,1835,1835,1.0,true
566756000,IMO9529255,7296,7296,1.0,true
566779000,IMO9348170,617,617,1.0,true
566781000,IMO9348156,1350,1350,1.0,true
566794000,IMO9595503,9360,9360,1.0,true
566797000,IMO9597472,3584,3584,1.0,true
566798000,IMO9638501,6827,6827,1.0,true
566817000,IMO9626120,5178,5178,1.0,true
566828000,IMO9457646,12312,12312,1.0,true
566829000,IMO9714264,2219,2219,1.0,true
566831000,IMO9617674,8899,8899,1.0,true
566837000,IMO9366122,2378,2378,1.0,true
566846000,IMO9638630,1666,1666,1.0,true
566853000,IMO9595515,14829,14829,1.0,true
566857000,IMO9593048,1265,1265,1.0,true
566877000,IMO9533440,650,650,1.0,true
566878000,IMO9612296,1323,1323,1.0,true
566886000,IMO9457658,15508,15508,1.0,true
566923000,IMO9552977,13666,13666,1.0,true
566942000,IMO9457660,12945,12945,1.0,true
566949000,IMO9604093,28973,28973,1.0,true
566950000,IMO9597496,1598,1598,1.0,true
566951000,IMO9597501,6001,6001,1.0,true
566953000,IMO9597525,1558,1558,1.0,true
566958000,IMO9597551,9070,9070,1.0,true
566959000,IMO9597563,14126,14126,1.0,true
566961000,IMO9632210,5336,5336,1.0,true
566969000,IMO9317341,6817,6817,1.0,true
566970000,IMO9604110,7405,7405,1.0,true
566971000,IMO9728851,7174,7174,1.0,true
566977000,IMO9558268,11142,11142,1.0,true
566985000,IMO9474802,2198,2198,1.0,true
566996000,IMO9660085,8523,8523,1.0,true
566998000,IMO9393319,2362,2362,1.0,true
566999000,IMO9385025,4421,4421,1.0,true
567015000,IMO9354739,7045,7045,1.0,true
567017000,IMO9726413,4945,4945,1.0,true
567019000,IMO9732199,21793,21793,1.0,true
567049000,IMO9496941,3704,3704,1.0,true
567053000,IMO9302906,17337,17337,1.0,true
567097000,IMO9354741,2136,2136,1.0,true
567105000,IMO9343417,897,897,1.0,true
567109000,IMO9726425,15231,15231,1.0,true
567111000,IMO9751248,18487,18487,1.0,true
567274000,IMO9353668,1549,1549,1.0,true
567278000,IMO9732187,2517,2517,1.0,true
567279000,IMO9434723,443,443,1.0,true
567438000,IMO9434735,3891,3891,1.0,true
567444000,IMO9296303,1966,1966,1.0,true
567445000,IMO9296274,1590,1590,1.0,true
567461000,IMO9323649,1889,1889,1.0,true
567556000,IMO9326146,1269,1269,1.0,true
567607000,IMO9649861,1291,1291,1.0,true
567608000,IMO9649885,10815,10815,1.0,true
567609000,IMO9936513,10673,10673,1.0,true
567614000,IMO9936525,17733,17733,1.0,true
567638000,IMO9703423,7560,7560,1.0,true
576327000,IMO9355537,1124,1124,1.0,true
577149000,IMO9758765,1991,1991,1.0,true
577168000,IMO9668271,877,877,1.0,true
577238000,IMO9799757,2876,2876,1.0,true
577278000,IMO9700885,5898,5898,1.0,true
577346000,IMO9638678,15033,15033,1.0,true
577364000,IMO9553127,449,449,1.0,true
583010107,IMO9786061,12160,12160,1.0,true
601027720,IMO9573787,2888,2888,1.0,true
601684700,IMO9339959,1349,1349,1.0,true
622121409,IMO9460746,395,395,1.0,true
622121414,IMO9460760,10779,10779,1.0,true
622121422,IMO9460734,233,233,1.0,true
622121429,IMO9897999,4564,4564,1.0,true
636010697,IMO9251315,1993,1993,1.0,true
636011072,IMO9195298,1110,1110,1.0,true
636011285,IMO9251327,15460,15460,1.0,true
636011527,IMO9228370,8596,8596,1.0,true
636011638,IMO9254903,6867,6867,1.0,true
636012807,IMO9302619,12065,12065,1.0,true
636012808,IMO9302621,13893,13893,1.0,true
636012871,IMO9309655,16024,16024,1.0,true
636012905,IMO9311763,2975,2975,1.0,true
636013095,IMO9330654,2798,2798,1.0,true
636013143,IMO9318187,5518,5518,1.0,true
636013144,IMO9322322,18033,18033,1.0,true
636013146,IMO9019652,3630,3630,1.0,true
636013437,IMO9278117,9838,9838,1.0,true
636013470,IMO9360025,4894,4894,1.0,true
636013521,IMO9350018,47262,47262,1.0,true
636013522,IMO9350020,44189,44189,1.0,true
636013564,IMO9343871,6212,6212,1.0,true
636013644,IMO9278105,1959,1959,1.0,true
636013646,IMO9394765,279,279,1.0,true
636013689,IMO9337444,45900,45900,1.0,true
636013690,IMO9337456,11112,11112,1.0,true
636013691,IMO9337468,39469,39469,1.0,true
636013692,IMO9337470,24251,24251,1.0,true
636013693,IMO9337482,44027,44027,1.0,true
636013698,IMO9353280,3487,3487,1.0,true
636013699,IMO9353292,2704,2704,1.0,true
636013892,IMO9450868,264,264,1.0,true
636013898,IMO9231482,7156,7156,1.0,true
636014059,IMO9386471,22515,22515,1.0,true
636014168,IMO9386483,22814,22814,1.0,true
636014169,IMO9397602,6530,6530,1.0,true
636014199,IMO9386495,38433,38433,1.0,true
636014200,IMO9397614,4365,4365,1.0,true
636014219,IMO9398400,28343,28343,1.0,true
636014220,IMO9398448,16563,16563,1.0,true
636014221,IMO9398412,17427,17427,1.0,true
636014222,IMO9398450,11450,11450,1.0,true
636014224,IMO9398462,12593,12593,1.0,true
636014242,IMO9515694,630,630,1.0,true
636014366,IMO9446403,1965,1965,1.0,true
636014441,IMO9469546,271,271,1.0,true
636014455,IMO9278545,259,259,1.0,true
636014459,IMO9554676,701,701,1.0,true
636014472,IMO9494905,29,29,1.0,true
636014524,IMO9331713,14080,14080,1.0,true
636014525,IMO9478523,1706,1706,1.0,true
636014557,IMO9438523,3735,3735,1.0,true
636014558,IMO9438535,6974,6974,1.0,true
636014568,IMO9476666,432,432,1.0,true
636014569,IMO9476678,10644,10644,1.0,true
636014571,IMO9484687,12161,12161,1.0,true
636014573,IMO9261449,14316,14316,1.0,true
636014577,IMO9419931,572,572,1.0,true
636014590,IMO9247560,3294,3294,1.0,true
636014610,IMO9450727,7313,7313,1.0,true
636014626,IMO9583330,12640,12640,1.0,true
636014629,IMO9420124,12663,12663,1.0,true
636014630,IMO9469625,260,260,1.0,true
636014632,IMO9492218,177,177,1.0,true
636014633,IMO9492220,6084,6084,1.0,true
636014644,IMO9222302,30276,30276,1.0,true
636014672,IMO9497476,6389,6389,1.0,true
636014693,IMO9598153,5356,5356,1.0,true
636014705,IMO9592733,3168,3168,1.0,true
636014706,IMO9592745,5417,5417,1.0,true
636014708,IMO9453054,5955,5955,1.0,true
636014709,IMO9453066,7749,7749,1.0,true
636014720,IMO9453509,20417,20417,1.0,true
636014741,IMO9303780,1913,1913,1.0,true
636014783,IMO9450739,7631,7631,1.0,true
636014788,IMO9382736,16436,16436,1.0,true
636014797,IMO9450753,203,203,1.0,true
636014798,IMO9450765,1283,1283,1.0,true
636014799,IMO9450777,593,593,1.0,true
636014800,IMO9564384,2062,2062,1.0,true
636014812,IMO9523500,2214,2214,1.0,true
636014817,IMO9571416,6635,6635,1.0,true
636014862,IMO9456367,2684,2684,1.0,true
636014865,IMO9332016,3769,3769,1.0,true
636014878,IMO9587477,7257,7257,1.0,true
636014887,IMO9453523,1031,1031,1.0,true
636014894,IMO9426128,10631,10631,1.0,true
636014899,IMO9453535,2507,2507,1.0,true
636014908,IMO9468229,2253,2253,1.0,true
636014922,IMO9494034,4921,4921,1.0,true
636014926,IMO9494022,8226,8226,1.0,true
636014927,IMO9522934,1819,1819,1.0,true
636014945,IMO9494058,1515,1515,1.0,true
636014955,IMO9403413,5103,5103,1.0,true
636014964,IMO9497488,5894,5894,1.0,true
636014968,IMO9236535,12470,12470,1.0,true
636014996,IMO9455870,1582,1582,1.0,true
636014997,IMO9457737,5416,5416,1.0,true
636015002,IMO9472103,33211,33211,1.0,true
636015019,IMO9484936,26067,26067,1.0,true
636015020,IMO9484948,35592,35592,1.0,true
636015032,IMO9505900,5021,5021,1.0,true
636015033,IMO9493896,28279,28279,1.0,true
636015034,IMO9502635,3614,3614,1.0,true
636015035,IMO9613056,9308,9308,1.0,true
636015094,IMO9498432,4915,4915,1.0,true
636015110,IMO9468217,2218,2218,1.0,true
636015124,IMO9487627,36063,36063,1.0,true
636015131,IMO9464247,654,654,1.0,true
636015170,IMO9593476,18386,18386,1.0,true
636015171,IMO9593488,13373,13373,1.0,true
636015173,IMO9509401,9948,9948,1.0,true
636015182,IMO9484998,9829,9829,1.0,true
636015183,IMO9485007,7494,7494,1.0,true
636015197,IMO9485899,3002,3002,1.0,true
636015227,IMO9568237,4388,4388,1.0,true
636015233,IMO9275397,2543,2543,1.0,true
636015278,IMO9521863,32543,32543,1.0,true
636015279,IMO9521875,12792,12792,1.0,true
636015284,IMO9634969,10420,10420,1.0,true
636015288,IMO9502623,18324,18324,1.0,true
636015289,IMO9598165,1866,1866,1.0,true
636015295,IMO9590620,1693,1693,1.0,true
636015296,IMO9497517,2919,2919,1.0,true
636015333,IMO9635999,7109,7109,1.0,true
636015335,IMO9558490,3146,3146,1.0,true
636015353,IMO9540481,234,234,1.0,true
636015357,IMO9442574,1163,1163,1.0,true
636015358,IMO9499462,1053,1053,1.0,true
636015386,IMO9468231,1126,1126,1.0,true
636015404,IMO9256755,41808,41808,1.0,true
636015435,IMO9484699,13956,13956,1.0,true
636015455,IMO9539248,1136,1136,1.0,true
636015458,IMO9500675,1973,1973,1.0,true
636015467,IMO9484534,1888,1888,1.0,true
636015481,IMO9626560,945,945,1.0,true
636015496,IMO9231779,24294,24294,1.0,true
636015498,IMO9611905,4691,4691,1.0,true
636015503,IMO9484522,1738,1738,1.0,true
636015506,IMO9465265,16437,16437,1.0,true
636015514,IMO9473731,19535,19535,1.0,true
636015516,IMO9475674,15111,15111,1.0,true
636015524,IMO9227273,2251,2251,1.0,true
636015536,IMO9548237,257,257,1.0,true
636015547,IMO9497529,1351,1351,1.0,true
636015548,IMO9601338,201,201,1.0,true
636015549,IMO9601340,1425,1425,1.0,true
636015557,IMO9610418,4325,4325,1.0,true
636015598,IMO9615107,1495,1495,1.0,true
636015600,IMO9196307,795,795,1.0,true
636015604,IMO9465277,16801,16801,1.0,true
636015607,IMO9475703,25806,25806,1.0,true
636015629,IMO9594509,9693,9693,1.0,true
636015637,IMO9548213,4140,4140,1.0,true
636015657,IMO9604914,2948,2948,1.0,true
636015658,IMO9326330,6783,6783,1.0,true
636015659,IMO9644990,24468,24468,1.0,true
636015660,IMO9649835,4354,4354,1.0,true
636015664,IMO9619426,34834,34834,1.0,true
636015666,IMO9619440,5064,5064,1.0,true
636015671,IMO9663623,9035,9035,1.0,true
636015672,IMO9663635,9209,9209,1.0,true
636015676,IMO9286956,234,234,1.0,true
636015708,IMO9615042,4646,4646,1.0,true
636015710,IMO9647277,39487,39487,1.0,true
636015725,IMO9624445,15706,15706,1.0,true
636015743,IMO9315379,5156,5156,1.0,true
636015750,IMO9300855,1271,1271,1.0,true
636015751,IMO9300831,7385,7385,1.0,true
636015754,IMO9385611,5575,5575,1.0,true
636015758,IMO9641340,4584,4584,1.0,true
636015759,IMO9641352,1915,1915,1.0,true
636015760,IMO9641364,19996,19996,1.0,true
636015771,IMO9544920,6057,6057,1.0,true
636015773,IMO9479333,2095,2095,1.0,true
636015777,IMO9483279,884,884,1.0,true
636015790,IMO9642356,24360,24360,1.0,true
636015806,IMO9625528,2771,2771,1.0,true
636015819,IMO9624237,3271,3271,1.0,true
636015837,IMO9588249,1023,1023,1.0,true
636015857,IMO9563689,316,316,1.0,true
636015872,IMO9677026,32041,32041,1.0,true
636015873,IMO9233844,3749,3749,1.0,true
636015874,IMO9520625,5760,5760,1.0,true
636015884,IMO9530979,876,876,1.0,true
636015892,IMO9666431,2806,2806,1.0,true
636015897,IMO9238777,17158,17158,1.0,true
636015902,IMO9460318,3923,3923,1.0,true
636015907,IMO9632947,3618,3618,1.0,true
636015949,IMO9355185,4433,4433,1.0,true
636015950,IMO9625542,4849,4849,1.0,true
636015952,IMO9260914,20488,20488,1.0,true
636015956,IMO9675391,54618,54618,1.0,true
636015957,IMO9675406,31252,31252,1.0,true
636015975,IMO9349605,36717,36717,1.0,true
636015980,IMO9627899,29191,29191,1.0,true
636015986,IMO9642382,32921,32921,1.0,true
636015990,IMO9650999,2397,2397,1.0,true
636015992,IMO9308807,167,167,1.0,true
636015993,IMO9308792,925,925,1.0,true
636015994,IMO9325180,860,860,1.0,true
636016043,IMO9333711,6794,6794,1.0,true
636016044,IMO9667423,2308,2308,1.0,true
636016066,IMO9074042,10281,10281,1.0,true
636016069,IMO9626651,8299,8299,1.0,true
636016070,IMO9626663,1043,1043,1.0,true
636016074,IMO9629380,6051,6051,1.0,true
636016096,IMO9539212,968,968,1.0,true
636016100,IMO9595278,241,241,1.0,true
636016106,IMO9247546,25370,25370,1.0,true
636016125,IMO9627904,5340,5340,1.0,true
636016126,IMO9629445,4015,4015,1.0,true
636016151,IMO9597381,6051,6051,1.0,true
636016177,IMO9627916,28737,28737,1.0,true
636016179,IMO9706281,4822,4822,1.0,true
636016185,IMO9629457,29959,29959,1.0,true
636016197,IMO9707584,8744,8744,1.0,true
636016198,IMO9261970,394,394,1.0,true
636016199,IMO9332872,2442,2442,1.0,true
636016200,IMO9332884,20010,20010,1.0,true
636016201,IMO9393307,3928,3928,1.0,true
636016203,IMO9322358,6427,6427,1.0,true
636016204,IMO9280861,11658,11658,1.0,true
636016205,IMO9289908,7156,7156,1.0,true
636016206,IMO9432892,10167,10167,1.0,true
636016231,IMO9629469,35785,35785,1.0,true
636016242,IMO9664885,15711,15711,1.0,true
636016243,IMO9596650,17857,17857,1.0,true
636016248,IMO9432907,625,625,1.0,true
636016262,IMO9626675,12703,12703,1.0,true
636016277,IMO9477787,837,837,1.0,true
636016288,IMO9684225,3991,3991,1.0,true
636016295,IMO9591088,6349,6349,1.0,true
636016305,IMO9695016,12624,12624,1.0,true
636016306,IMO9695028,12622,12622,1.0,true
636016321,IMO9627928,25111,25111,1.0,true
636016338,IMO9516703,400,400,1.0,true
636016351,IMO9678824,9985,9985,1.0,true
636016353,IMO9692650,677,677,1.0,true
636016396,IMO9661558,24008,24008,1.0,true
636016415,IMO9210086,14040,14040,1.0,true
636016417,IMO9210062,8690,8690,1.0,true
636016420,IMO9355197,3613,3613,1.0,true
636016421,IMO9233430,680,680,1.0,true
636016423,IMO9297876,10943,10943,1.0,true
636016424,IMO9297864,11608,11608,1.0,true
636016429,IMO9238741,7488,7488,1.0,true
636016430,IMO9227338,6191,6191,1.0,true
636016431,IMO9227340,6551,6551,1.0,true
636016432,IMO9244881,6605,6605,1.0,true
636016434,IMO9227297,8881,8881,1.0,true
636016435,IMO9227302,5793,5793,1.0,true
636016436,IMO9227314,9172,9172,1.0,true
636016437,IMO9227326,8201,8201,1.0,true
636016445,IMO9713882,6644,6644,1.0,true
636016450,IMO9481489,7915,7915,1.0,true
636016475,IMO9218052,2670,2670,1.0,true
636016476,IMO9141297,16723,16723,1.0,true
636016480,IMO9328675,680,680,1.0,true
636016487,IMO9323637,14787,14787,1.0,true
636016492,IMO9147071,7143,7143,1.0,true
636016497,IMO9689172,2748,2748,1.0,true
636016498,IMO9696515,5867,5867,1.0,true
636016499,IMO9696527,2758,2758,1.0,true
636016502,IMO9733820,10424,10424,1.0,true
636016520,IMO9506514,4445,4445,1.0,true
636016529,IMO9310290,3328,3328,1.0,true
636016530,IMO9736157,840,840,1.0,true
636016531,IMO9736169,2710,2710,1.0,true
636016580,IMO9751016,253,253,1.0,true
636016600,IMO9670901,5163,5163,1.0,true
636016601,IMO9670925,1413,1413,1.0,true
636016606,IMO9701140,1057,1057,1.0,true
636016647,IMO9344679,1244,1244,1.0,true
636016649,IMO9347255,904,904,1.0,true
636016650,IMO9347279,32400,32400,1.0,true
636016656,IMO9358395,8016,8016,1.0,true
636016657,IMO9617430,17754,17754,1.0,true
636016672,IMO9267649,36624,36624,1.0,true
636016673,IMO9267637,24679,24679,1.0,true
636016678,IMO9717589,258,258,1.0,true
636016688,IMO9316191,1412,1412,1.0,true
636016697,IMO9497622,18843,18843,1.0,true
636016703,IMO9496604,1475,1475,1.0,true
636016705,IMO9496628,2373,2373,1.0,true
636016707,IMO9718909,2836,2836,1.0,true
636016708,IMO9718911,3745,3745,1.0,true
636016742,IMO9184859,3780,3780,1.0,true
636016769,IMO9725548,622,622,1.0,true
636016770,IMO9315824,7358,7358,1.0,true
636016774,IMO9663740,956,956,1.0,true
636016791,IMO9713416,3817,3817,1.0,true
636016795,IMO9624043,4102,4102,1.0,true
636016805,IMO9149328,20101,20101,1.0,true
636016827,IMO9675705,2579,2579,1.0,true
636016834,IMO9723186,4403,4403,1.0,true
636016847,IMO9724740,14989,14989,1.0,true
636016848,IMO9724752,1833,1833,1.0,true
636016851,IMO9275036,14293,14293,1.0,true
636016852,IMO9309277,5080,5080,1.0,true
636016853,IMO9289556,22480,22480,1.0,true
636016891,IMO9670743,3408,3408,1.0,true
636016895,IMO9303754,8794,8794,1.0,true
636016900,IMO9708318,5183,5183,1.0,true
636016901,IMO9588380,1228,1228,1.0,true
636016909,IMO9509671,2480,2480,1.0,true
636016911,IMO9509712,2197,2197,1.0,true
636016912,IMO9509695,3842,3842,1.0,true
636016922,IMO9559676,2358,2358,1.0,true
636016926,IMO9554066,7557,7557,1.0,true
636016971,IMO9729556,3438,3438,1.0,true
636016972,IMO9729568,4468,4468,1.0,true
636016973,IMO9408774,4480,4480,1.0,true
636016978,IMO9189366,10599,10599,1.0,true
636016979,IMO9189354,24727,24727,1.0,true
636016980,IMO9189500,6961,6961,1.0,true
636016983,IMO9710220,17552,17552,1.0,true
636016985,IMO9710232,16663,16663,1.0,true
636016999,IMO9293179,8256,8256,1.0,true
636017000,IMO9293167,9530,9530,1.0,true
636017002,IMO9597800,4431,4431,1.0,true
636017006,IMO9038907,2012,2012,1.0,true
636017008,IMO9762871,5416,5416,1.0,true
636017022,IMO9224049,6791,6791,1.0,true
636017030,IMO9537915,257,257,1.0,true
636017033,IMO9762883,2878,2878,1.0,true
636017034,IMO9762895,743,743,1.0,true
636017036,IMO9762912,8112,8112,1.0,true
636017045,IMO9301457,11636,11636,1.0,true
636017052,IMO9467952,29267,29267,1.0,true
636017062,IMO9363950,8966,8966,1.0,true
636017065,IMO9718698,8914,8914,1.0,true
636017070,IMO9708033,12330,12330,1.0,true
636017071,IMO9708045,6234,6234,1.0,true
636017072,IMO9708057,19249,19249,1.0,true
636017073,IMO9708069,12260,12260,1.0,true
636017074,IMO9727493,7483,7483,1.0,true
636017075,IMO9727508,16593,16593,1.0,true
636017076,IMO9727510,9613,9613,1.0,true
636017077,IMO9727522,10270,10270,1.0,true
636017090,IMO9590046,3466,3466,1.0,true
636017102,IMO9732591,24106,24106,1.0,true
636017103,IMO9740457,45810,45810,1.0,true
636017104,IMO9728253,55552,55552,1.0,true
636017112,IMO9339583,1558,1558,1.0,true
636017150,IMO9723045,18792,18792,1.0,true
636017153,IMO9383261,3821,3821,1.0,true
636017155,IMO9383247,24490,24490,1.0,true
636017156,IMO9590785,1324,1324,1.0,true
636017171,IMO9718002,7090,7090,1.0,true
636017173,IMO9229300,9444,9444,1.0,true
636017184,IMO9426245,24438,24438,1.0,true
636017196,IMO9696448,6218,6218,1.0,true
636017197,IMO9696450,909,909,1.0,true
636017229,IMO9426154,10531,10531,1.0,true
636017242,IMO9728150,541,541,1.0,true
636017271,IMO9478468,2359,2359,1.0,true
636017294,IMO9229403,9910,9910,1.0,true
636017305,IMO9748382,6750,6750,1.0,true
636017306,IMO9229312,7769,7769,1.0,true
636017309,IMO9246310,7371,7371,1.0,true
636017329,IMO9707754,17707,17707,1.0,true
636017330,IMO9736391,1589,1589,1.0,true
636017334,IMO9747871,247,247,1.0,true
636017344,IMO9670781,5292,5292,1.0,true
636017356,IMO9718014,8797,8797,1.0,true
636017360,IMO9399741,6027,6027,1.0,true
636017368,IMO9774472,24872,24872,1.0,true
636017370,IMO9774484,1278,1278,1.0,true
636017371,IMO9774496,11757,11757,1.0,true
636017376,IMO9789817,218,218,1.0,true
636017377,IMO9789831,8968,8968,1.0,true
636017382,IMO9705342,434,434,1.0,true
636017386,IMO9719551,11370,11370,1.0,true
636017392,IMO9741138,2233,2233,1.0,true
636017393,IMO9741152,9851,9851,1.0,true
636017405,IMO9138305,1970,1970,1.0,true
636017408,IMO9647473,1970,1970,1.0,true
636017419,IMO9740809,8229,8229,1.0,true
636017430,IMO9728162,2096,2096,1.0,true
636017435,IMO9755957,15523,15523,1.0,true
636017469,IMO9718026,5609,5609,1.0,true
636017488,IMO9767560,27841,27841,1.0,true
636017489,IMO9782340,3114,3114,1.0,true
636017493,IMO9737709,517,517,1.0,true
636017495,IMO9524683,4016,4016,1.0,true
636017496,IMO9513907,5738,5738,1.0,true
636017503,IMO9600657,7622,7622,1.0,true
636017505,IMO9330501,9125,9125,1.0,true
636017506,IMO9762326,9951,9951,1.0,true
636017509,IMO9740811,5117,5117,1.0,true
636017514,IMO9426817,17512,17512,1.0,true
636017515,IMO9426805,6332,6332,1.0,true
636017516,IMO9762338,3786,3786,1.0,true
636017519,IMO9735103,2708,2708,1.0,true
636017520,IMO9275048,15968,15968,1.0,true
636017521,IMO9302786,233,233,1.0,true
636017522,IMO9757838,264,264,1.0,true
636017523,IMO9426049,14390,14390,1.0,true
636017531,IMO9627758,5162,5162,1.0,true
636017537,IMO9606326,21732,21732,1.0,true
636017539,IMO9762534,14680,14680,1.0,true
636017540,IMO9841017,4935,4935,1.0,true
636017550,IMO9566813,7696,7696,1.0,true
636017555,IMO9363314,10901,10901,1.0,true
636017559,IMO9696826,5959,5959,1.0,true
636017560,IMO9696838,12286,12286,1.0,true
636017569,IMO9754953,3343,3343,1.0,true
636017571,IMO9759678,645,645,1.0,true
636017572,IMO9759680,4966,4966,1.0,true
636017577,IMO9754965,4413,4413,1.0,true
636017581,IMO9169122,7005,7005,1.0,true
636017582,IMO9116369,2696,2696,1.0,true
636017583,IMO9757955,1447,1447,1.0,true
636017607,IMO9589712,10549,10549,1.0,true
636017611,IMO9621003,1067,1067,1.0,true
636017617,IMO9514377,4541,4541,1.0,true
636017637,IMO9748760,4153,4153,1.0,true
636017643,IMO9085522,13576,13576,1.0,true
636017649,IMO9748837,4091,4091,1.0,true
636017659,IMO9364356,724,724,1.0,true
636017670,IMO9349497,10415,10415,1.0,true
636017683,IMO9430868,37796,37796,1.0,true
636017685,IMO9767388,21684,21684,1.0,true
636017686,IMO9767390,8494,8494,1.0,true
636017692,IMO9313307,8006,8006,1.0,true
636017700,IMO9364344,5585,5585,1.0,true
636017713,IMO9448035,7488,7488,1.0,true
636017720,IMO9448023,217,217,1.0,true
636017730,IMO9357080,9921,9921,1.0,true
636017731,IMO9357119,10917,10917,1.0,true
636017745,IMO9519066,995,995,1.0,true
636017746,IMO9507893,767,767,1.0,true
636017751,IMO9483217,36250,36250,1.0,true
636017767,IMO9748289,3426,3426,1.0,true
636017780,IMO9453248,1254,1254,1.0,true
636017781,IMO9646663,11893,11893,1.0,true
636017782,IMO9646675,11100,11100,1.0,true
636017802,IMO9509140,7022,7022,1.0,true
636017803,IMO9509152,1344,1344,1.0,true
636017846,IMO9275323,7562,7562,1.0,true
636017854,IMO9737606,2237,2237,1.0,true
636017867,IMO9762340,3671,3671,1.0,true
636017870,IMO9748291,8461,8461,1.0,true
636017887,IMO9641792,26,26,1.0,true
636017895,IMO9574200,1427,1427,1.0,true
636017896,IMO9812482,14127,14127,1.0,true
636017897,IMO9812494,3146,3146,1.0,true
636017898,IMO9595175,988,988,1.0,true
636017903,IMO9757034,8828,8828,1.0,true
636017916,IMO9502908,8625,8625,1.0,true
636017918,IMO9489986,2296,2296,1.0,true
636017921,IMO9503732,790,790,1.0,true
636017923,IMO9553804,2975,2975,1.0,true
636017929,IMO9275024,4252,4252,1.0,true
636017944,IMO9186390,1746,1746,1.0,true
636017962,IMO9804564,5073,5073,1.0,true
636017973,IMO9347425,7636,7636,1.0,true
636017981,IMO9485045,9960,9960,1.0,true
636017982,IMO9465162,6261,6261,1.0,true
636017984,IMO9615377,4003,4003,1.0,true
636017989,IMO9650872,10952,10952,1.0,true
636017992,IMO9551698,10418,10418,1.0,true
636017993,IMO9419773,18668,18668,1.0,true
636017994,IMO9419785,7242,7242,1.0,true
636018018,IMO9290476,41194,41194,1.0,true
636018024,IMO9747687,13497,13497,1.0,true
636018028,IMO9408865,29143,29143,1.0,true
636018034,IMO9268916,2170,2170,1.0,true
636018035,IMO9399753,3583,3583,1.0,true
636018037,IMO9406738,5396,5396,1.0,true
636018038,IMO9408877,41675,41675,1.0,true
636018042,IMO9594432,13429,13429,1.0,true
636018051,IMO9729893,15843,15843,1.0,true
636018053,IMO9514315,7191,7191,1.0,true
636018055,IMO9575254,2736,2736,1.0,true
636018057,IMO9461465,8361,8361,1.0,true
636018058,IMO9461477,5447,5447,1.0,true
636018059,IMO9461489,6290,6290,1.0,true
636018062,IMO9465368,7124,7124,1.0,true
636018067,IMO9804942,254,254,1.0,true
636018068,IMO9756729,7607,7607,1.0,true
636018069,IMO9408853,9385,9385,1.0,true
636018070,IMO9408841,43645,43645,1.0,true
636018075,IMO9304447,7950,7950,1.0,true
636018077,IMO9712668,3711,3711,1.0,true
636018079,IMO9304459,19627,19627,1.0,true
636018086,IMO9467976,2449,2449,1.0,true
636018097,IMO9401051,8344,8344,1.0,true
636018102,IMO9318060,7334,7334,1.0,true
636018105,IMO9477309,3102,3102,1.0,true
636018106,IMO9756731,11739,11739,1.0,true
636018124,IMO9406934,24716,24716,1.0,true
636018128,IMO9785122,7718,7718,1.0,true
636018135,IMO9498341,10710,10710,1.0,true
636018137,IMO9498353,5400,5400,1.0,true
636018138,IMO9498365,3144,3144,1.0,true
636018141,IMO9498389,5038,5038,1.0,true
636018143,IMO9498444,2632,2632,1.0,true
636018144,IMO9498456,2044,2044,1.0,true
636018145,IMO9498470,3907,3907,1.0,true
636018146,IMO9498482,12296,12296,1.0,true
636018189,IMO9337676,5205,5205,1.0,true
636018211,IMO9273791,1895,1895,1.0,true
636018220,IMO9811957,3288,3288,1.0,true
636018221,IMO9820958,2136,2136,1.0,true
636018222,IMO9337652,17051,17051,1.0,true
636018225,IMO9356696,23702,23702,1.0,true
636018226,IMO9273806,9422,9422,1.0,true
636018230,IMO9163207,2177,2177,1.0,true
636018238,IMO9329473,703,703,1.0,true
636018242,IMO9231262,15260,15260,1.0,true
636018248,IMO9765598,3643,3643,1.0,true
636018250,IMO9479008,571,571,1.0,true
636018254,IMO9346366,267,267,1.0,true
636018268,IMO9135638,10983,10983,1.0,true
636018270,IMO9804954,2704,2704,1.0,true
636018271,IMO9800398,2022,2022,1.0,true
636018276,IMO9770763,13870,13870,1.0,true
636018289,IMO9375927,1706,1706,1.0,true
636018304,IMO9841029,5337,5337,1.0,true
636018316,IMO9311050,1,1,1.0,true
636018320,IMO9181675,16260,16260,1.0,true
636018330,IMO9467627,6072,6072,1.0,true
636018331,IMO9467562,608,608,1.0,true
636018340,IMO9254692,8990,8990,1.0,true
636018346,IMO9797187,5261,5261,1.0,true
636018347,IMO9782089,501,501,1.0,true
636018362,IMO9514327,2467,2467,1.0,true
636018363,IMO9478860,4677,4677,1.0,true
636018364,IMO9345960,11749,11749,1.0,true
636018365,IMO9599016,1102,1102,1.0,true
636018377,IMO9516387,112,112,1.0,true
636018385,IMO9463035,4571,4571,1.0,true
636018392,IMO9467586,6887,6887,1.0,true
636018396,IMO9792448,6768,6768,1.0,true
636018455,IMO9801342,251,251,1.0,true
636018470,IMO9520651,3440,3440,1.0,true
636018471,IMO9395953,13909,13909,1.0,true
636018475,IMO9316828,1216,1216,1.0,true
636018481,IMO9830161,1247,1247,1.0,true
636018482,IMO9832652,10876,10876,1.0,true
636018488,IMO9247405,372,372,1.0,true
636018494,IMO9782091,3561,3561,1.0,true
636018505,IMO9726774,252,252,1.0,true
636018508,IMO9481960,3542,3542,1.0,true
636018517,IMO9811531,3554,3554,1.0,true
636018518,IMO9815939,12402,12402,1.0,true
636018523,IMO9797199,10160,10160,1.0,true
636018535,IMO9792450,12077,12077,1.0,true
636018541,IMO9679907,20103,20103,1.0,true
636018551,IMO9577757,18361,18361,1.0,true
636018553,IMO9565338,23218,23218,1.0,true
636018560,IMO9383259,6379,6379,1.0,true
636018563,IMO9431707,1,1,1.0,true
636018571,IMO9463047,6980,6980,1.0,true
636018572,IMO9463059,2418,2418,1.0,true
636018574,IMO9802205,10255,10255,1.0,true
636018581,IMO9667588,11864,11864,1.0,true
636018585,IMO9729312,2105,2105,1.0,true
636018590,IMO9488633,2042,2042,1.0,true
636018636,IMO9787974,6216,6216,1.0,true
636018637,IMO9796535,3455,3455,1.0,true
636018643,IMO9805790,11090,11090,1.0,true
636018654,IMO9862841,16139,16139,1.0,true
636018655,IMO9862853,10604,10604,1.0,true
636018656,IMO9838553,9547,9547,1.0,true
636018657,IMO9853113,3893,3893,1.0,true
636018658,IMO9290842,5596,5596,1.0,true
636018659,IMO9398228,28431,28431,1.0,true
636018660,IMO9398216,20729,20729,1.0,true
636018664,IMO9490765,2782,2782,1.0,true
636018669,IMO9583225,176,176,1.0,true
636018674,IMO9614892,263,263,1.0,true
636018675,IMO9473315,5067,5067,1.0,true
636018693,IMO9315874,1903,1903,1.0,true
636018700,IMO9667150,2265,2265,1.0,true
636018701,IMO9667186,9160,9160,1.0,true
636018702,IMO9667162,5712,5712,1.0,true
636018703,IMO9667174,4165,4165,1.0,true
636018713,IMO9509607,3950,3950,1.0,true
636018714,IMO9509621,5957,5957,1.0,true
636018729,IMO9374571,10186,10186,1.0,true
636018732,IMO9326823,2180,2180,1.0,true
636018800,IMO9085558,32905,32905,1.0,true
636018807,IMO9445576,20709,20709,1.0,true
636018820,IMO9862970,5824,5824,1.0,true
636018821,IMO9862982,172,172,1.0,true
636018826,IMO9778985,248,248,1.0,true
636018846,IMO9516777,2921,2921,1.0,true
636018854,IMO9820702,691,691,1.0,true
636018868,IMO9838072,5700,5700,1.0,true
636018869,IMO9838084,2220,2220,1.0,true
636018871,IMO9862621,20553,20553,1.0,true
636018886,IMO9642021,2888,2888,1.0,true
636018910,IMO9385063,3652,3652,1.0,true
636018912,IMO9085546,18863,18863,1.0,true
636018931,IMO9810915,18001,18001,1.0,true
636018933,IMO9085534,14274,14274,1.0,true
636018938,IMO9350800,266,266,1.0,true
636018939,IMO9477866,1054,1054,1.0,true
636018964,IMO9196838,18196,18196,1.0,true
636018969,IMO9844605,5928,5928,1.0,true
636018971,IMO9849320,8312,8312,1.0,true
636018973,IMO9849758,7258,7258,1.0,true
636018990,IMO9854521,388,388,1.0,true
636018991,IMO9854533,268,268,1.0,true
636018993,IMO9854557,258,258,1.0,true
636019013,IMO9578543,1807,1807,1.0,true
636019016,IMO9837303,8330,8330,1.0,true
636019021,IMO9770749,9737,9737,1.0,true
636019032,IMO9699177,3474,3474,1.0,true
636019033,IMO9774446,25500,25500,1.0,true
636019034,IMO9774434,4484,4484,1.0,true
636019035,IMO9699165,13682,13682,1.0,true
636019061,IMO9395927,9122,9122,1.0,true
636019065,IMO9304461,3559,3559,1.0,true
636019068,IMO9846548,2812,2812,1.0,true
636019085,IMO9312755,3080,3080,1.0,true
636019086,IMO9312937,1982,1982,1.0,true
636019087,IMO9312779,5097,5097,1.0,true
636019088,IMO9312949,2674,2674,1.0,true
636019108,IMO9779018,1275,1275,1.0,true
636019110,IMO9845269,371,371,1.0,true
636019139,IMO9846275,11118,11118,1.0,true
636019143,IMO9616606,2584,2584,1.0,true
636019144,IMO9420265,9130,9130,1.0,true
636019146,IMO9747314,4852,4852,1.0,true
636019161,IMO9865001,13695,13695,1.0,true
636019162,IMO9503184,644,644,1.0,true
636019169,IMO9544762,17060,17060,1.0,true
636019170,IMO9860817,4446,4446,1.0,true
636019184,IMO9855642,15321,15321,1.0,true
636019190,IMO9888467,501,501,1.0,true
636019193,IMO9582831,715,715,1.0,true
636019197,IMO9509126,1819,1819,1.0,true
636019206,IMO9842061,29557,29557,1.0,true
636019207,IMO9842073,1955,1955,1.0,true
636019213,IMO9842085,6045,6045,1.0,true
636019214,IMO9842102,8914,8914,1.0,true
636019215,IMO9842097,7586,7586,1.0,true
636019245,IMO9347956,6468,6468,1.0,true
636019249,IMO9464510,2302,2302,1.0,true
636019264,IMO9838539,2680,2680,1.0,true
636019265,IMO9838541,4686,4686,1.0,true
636019291,IMO9728801,2053,2053,1.0,true
636019306,IMO9846067,18506,18506,1.0,true
636019319,IMO9880283,18447,18447,1.0,true
636019320,IMO9880295,18484,18484,1.0,true
636019322,IMO9880300,240,240,1.0,true
636019325,IMO9849057,1074,1074,1.0,true
636019326,IMO9849069,10188,10188,1.0,true
636019331,IMO9256470,52199,52199,1.0,true
636019332,IMO9285471,36869,36869,1.0,true
636019342,IMO9285677,3887,3887,1.0,true
636019347,IMO9832925,11983,11983,1.0,true
636019355,IMO9196840,16890,16890,1.0,true
636019356,IMO9853125,1828,1828,1.0,true
636019388,IMO9855927,7128,7128,1.0,true
636019394,IMO9860518,5784,5784,1.0,true
636019395,IMO9232890,5653,5653,1.0,true
636019396,IMO9567166,7357,7357,1.0,true
636019398,IMO9566849,11168,11168,1.0,true
636019400,IMO9693290,4773,4773,1.0,true
636019407,IMO9256482,13484,13484,1.0,true
636019409,IMO9866548,393,393,1.0,true
636019411,IMO9703265,7031,7031,1.0,true
636019413,IMO9301483,1168,1168,1.0,true
636019421,IMO9866029,2457,2457,1.0,true
636019425,IMO9306471,49396,49396,1.0,true
636019434,IMO9477610,1191,1191,1.0,true
636019440,IMO9843405,15096,15096,1.0,true
636019441,IMO9843417,12458,12458,1.0,true
636019443,IMO9240873,6453,6453,1.0,true
636019445,IMO9442536,2521,2521,1.0,true
636019448,IMO9746009,11171,11171,1.0,true
636019449,IMO9325350,10201,10201,1.0,true
636019454,IMO9499424,2201,2201,1.0,true
636019478,IMO9456147,415,415,1.0,true
636019493,IMO9285653,26307,26307,1.0,true
636019498,IMO9891866,11017,11017,1.0,true
636019499,IMO9891878,3728,3728,1.0,true
636019502,IMO9767510,8458,8458,1.0,true
636019523,IMO9418652,4346,4346,1.0,true
636019536,IMO9285689,6130,6130,1.0,true
636019538,IMO9865362,13214,13214,1.0,true
636019542,IMO9700043,10136,10136,1.0,true
636019543,IMO9723992,1204,1204,1.0,true
636019555,IMO9853606,893,893,1.0,true
636019560,IMO9883376,15903,15903,1.0,true
636019566,IMO9870563,261,261,1.0,true
636019581,IMO9780952,12168,12168,1.0,true
636019582,IMO9619452,18612,18612,1.0,true
636019587,IMO9589619,2031,2031,1.0,true
636019592,IMO9860594,790,790,1.0,true
636019610,IMO9533335,620,620,1.0,true
636019611,IMO9533347,4126,4126,1.0,true
636019622,IMO9478157,337,337,1.0,true
636019623,IMO9569968,3242,3242,1.0,true
636019624,IMO9533323,2570,2570,1.0,true
636019625,IMO9683128,3345,3345,1.0,true
636019648,IMO9860702,10713,10713,1.0,true
636019662,IMO9284295,16285,16285,1.0,true
636019668,IMO9479890,226,226,1.0,true
636019673,IMO9229348,11758,11758,1.0,true
636019682,IMO9370197,9117,9117,1.0,true
636019684,IMO9870575,30232,30232,1.0,true
636019690,IMO9860697,537,537,1.0,true
636019704,IMO9475715,23096,23096,1.0,true
636019715,IMO9676113,3150,3150,1.0,true
636019716,IMO9406180,5447,5447,1.0,true
636019717,IMO9430777,12570,12570,1.0,true
636019733,IMO9520883,8868,8868,1.0,true
636019753,IMO9866524,8471,8471,1.0,true
636019756,IMO9805805,4343,4343,1.0,true
636019759,IMO9229336,11638,11638,1.0,true
636019760,IMO9229324,20063,20063,1.0,true
636019789,IMO9890642,2499,2499,1.0,true
636019794,IMO9631125,29855,29855,1.0,true
636019797,IMO9866627,370,370,1.0,true
636019803,IMO9566837,4233,4233,1.0,true
636019819,IMO9853436,7058,7058,1.0,true
636019820,IMO9860415,182,182,1.0,true
636019822,IMO9882279,13936,13936,1.0,true
636019823,IMO9884605,4843,4843,1.0,true
636019824,IMO9708904,346,346,1.0,true
636019825,IMO9222285,33298,33298,1.0,true
636019829,IMO9652583,1680,1680,1.0,true
636019832,IMO9784374,5834,5834,1.0,true
636019840,IMO9378838,218,218,1.0,true
636019847,IMO9757010,8409,8409,1.0,true
636019849,IMO9837119,231,231,1.0,true
636019868,IMO9222297,26056,26056,1.0,true
636019876,IMO9619749,7432,7432,1.0,true
636019915,IMO9861316,513,513,1.0,true
636019924,IMO9883352,11000,11000,1.0,true
636019931,IMO9509138,15305,15305,1.0,true
636019948,IMO9496331,175,175,1.0,true
636019952,IMO9802231,2543,2543,1.0,true
636019967,IMO9866184,16659,16659,1.0,true
636019968,IMO9880221,57036,57036,1.0,true
636019969,IMO9897822,2987,2987,1.0,true
636019971,IMO9863089,14011,14011,1.0,true
636019972,IMO9863091,15545,15545,1.0,true
636019974,IMO9867566,15430,15430,1.0,true
636019976,IMO9791042,2859,2859,1.0,true
636019984,IMO9860922,22047,22047,1.0,true
636019985,IMO9860934,56631,56631,1.0,true
636019986,IMO9860946,862,862,1.0,true
636019997,IMO9780964,5303,5303,1.0,true
636019998,IMO9832482,446,446,1.0,true
636020019,IMO9861328,198,198,1.0,true
636020065,IMO9520766,2045,2045,1.0,true
636020074,IMO9419230,4644,4644,1.0,true
636020075,IMO9419242,1845,1845,1.0,true
636020076,IMO9423566,2336,2336,1.0,true
636020077,IMO9419254,4685,4685,1.0,true
636020106,IMO9502776,11023,11023,1.0,true
636020107,IMO9502764,1352,1352,1.0,true
636020111,IMO9311476,134,134,1.0,true
636020122,IMO9757022,1489,1489,1.0,true
636020125,IMO9771030,7645,7645,1.0,true
636020142,IMO9801287,644,644,1.0,true
636020148,IMO9897573,390,390,1.0,true
636020150,IMO9502611,7869,7869,1.0,true
636020157,IMO9231157,4341,4341,1.0,true
636020168,IMO9344693,11508,11508,1.0,true
636020170,IMO9344681,1002,1002,1.0,true
636020177,IMO9715842,1415,1415,1.0,true
636020185,IMO9791054,3717,3717,1.0,true
636020187,IMO9425930,2673,2673,1.0,true
636020192,IMO9344643,26356,26356,1.0,true
636020198,IMO9403396,6245,6245,1.0,true
636020202,IMO9307279,19384,19384,1.0,true
636020204,IMO9597094,204,204,1.0,true
636020205,IMO9883675,5830,5830,1.0,true
636020206,IMO9509645,2693,2693,1.0,true
636020207,IMO9509683,6964,6964,1.0,true
636020212,IMO9470492,2927,2927,1.0,true
636020215,IMO9215672,15908,15908,1.0,true
636020222,IMO9748497,260,260,1.0,true
636020226,IMO9347267,5278,5278,1.0,true
636020235,IMO9650781,10597,10597,1.0,true
636020241,IMO9403451,12667,12667,1.0,true
636020244,IMO9697870,973,973,1.0,true
636020245,IMO9536909,258,258,1.0,true
636020252,IMO9348675,23547,23547,1.0,true
636020257,IMO9348687,24085,24085,1.0,true
636020258,IMO9348699,34731,34731,1.0,true
636020266,IMO9216987,1380,1380,1.0,true
636020267,IMO9727479,2775,2775,1.0,true
636020269,IMO9783978,8119,8119,1.0,true
636020283,IMO9692698,1178,1178,1.0,true
636020285,IMO9692686,30551,30551,1.0,true
636020296,IMO9902251,4028,4028,1.0,true
636020304,IMO9497359,308,308,1.0,true
636020307,IMO9338278,2170,2170,1.0,true
636020315,IMO9791066,918,918,1.0,true
636020317,IMO9500754,274,274,1.0,true
636020326,IMO9450387,22127,22127,1.0,true
636020327,IMO9450375,8443,8443,1.0,true
636020328,IMO9590955,1569,1569,1.0,true
636020334,IMO9293442,23265,23265,1.0,true
636020337,IMO9650157,1290,1290,1.0,true
636020339,IMO9582946,3166,3166,1.0,true
636020342,IMO9496185,8728,8728,1.0,true
636020344,IMO9594913,22372,22372,1.0,true
636020347,IMO9358888,507,507,1.0,true
636020349,IMO9162227,8227,8227,1.0,true
636020350,IMO9153862,16756,16756,1.0,true
636020351,IMO9218650,13943,13943,1.0,true
636020352,IMO9399789,2268,2268,1.0,true
636020353,IMO9399739,3003,3003,1.0,true
636020354,IMO9399765,12739,12739,1.0,true
636020360,IMO9203538,6076,6076,1.0,true
636020371,IMO9850862,38452,38452,1.0,true
636020374,IMO9727467,27437,27437,1.0,true
636020375,IMO9574028,132,132,1.0,true
636020397,IMO9395214,14236,14236,1.0,true
636020402,IMO9615028,6993,6993,1.0,true
636020411,IMO9883077,809,809,1.0,true
636020416,IMO9585596,10999,10999,1.0,true
636020433,IMO9684469,9076,9076,1.0,true
636020450,IMO9902550,11807,11807,1.0,true
636020456,IMO9850874,37587,37587,1.0,true
636020457,IMO9486257,2744,2744,1.0,true
636020461,IMO9481702,4841,4841,1.0,true
636020463,IMO9673795,3160,3160,1.0,true
636020467,IMO9644251,725,725,1.0,true
636020468,IMO9295165,13249,13249,1.0,true
636020475,IMO9262728,3907,3907,1.0,true
636020476,IMO9262716,18713,18713,1.0,true
636020478,IMO9403528,261,261,1.0,true
636020479,IMO9750830,522,522,1.0,true
636020483,IMO9280811,1140,1140,1.0,true
636020485,IMO9922237,303,303,1.0,true
636020486,IMO9922249,30134,30134,1.0,true
636020488,IMO9922263,6688,6688,1.0,true
636020489,IMO9922251,1681,1681,1.0,true
636020494,IMO9318058,35793,35793,1.0,true
636020495,IMO9305489,7360,7360,1.0,true
636020497,IMO9318046,18358,18358,1.0,true
636020498,IMO9285665,4776,4776,1.0,true
636020499,IMO9285691,16867,16867,1.0,true
636020501,IMO9305477,41466,41466,1.0,true
636020518,IMO9347889,9623,9623,1.0,true
636020519,IMO9557135,2248,2248,1.0,true
636020524,IMO9307047,3706,3706,1.0,true
636020525,IMO9317145,3261,3261,1.0,true
636020528,IMO9397248,727,727,1.0,true
636020536,IMO9850886,41929,41929,1.0,true
636020537,IMO9477282,667,667,1.0,true
636020550,IMO9551351,2568,2568,1.0,true
636020563,IMO9552381,1801,1801,1.0,true
636020573,IMO9383857,29700,29700,1.0,true
636020583,IMO9302097,19962,19962,1.0,true
636020584,IMO9899806,3795,3795,1.0,true
636020590,IMO9484792,2346,2346,1.0,true
636020592,IMO9456537,7532,7532,1.0,true
636020594,IMO9591959,8083,8083,1.0,true
636020597,IMO9892676,4232,4232,1.0,true
636020601,IMO9554183,227,227,1.0,true
636020609,IMO9307009,4442,4442,1.0,true
636020647,IMO9909194,11506,11506,1.0,true
636020648,IMO9431719,32623,32623,1.0,true
636020651,IMO9512317,230,230,1.0,true
636020656,IMO9881885,373,373,1.0,true
636020659,IMO9400112,10955,10955,1.0,true
636020664,IMO9340556,149,149,1.0,true
636020666,IMO9275115,10523,10523,1.0,true
636020671,IMO9881897,9290,9290,1.0,true
636020673,IMO9926001,2063,2063,1.0,true
636020675,IMO9704829,8448,8448,1.0,true
636020676,IMO9704843,1076,1076,1.0,true
636020677,IMO9721982,12324,12324,1.0,true
636020684,IMO9850898,46232,46232,1.0,true
636020692,IMO9466881,9512,9512,1.0,true
636020697,IMO9931563,5506,5506,1.0,true
636020702,IMO9270828,965,965,1.0,true
636020723,IMO9565118,10609,10609,1.0,true
636020727,IMO9585651,7106,7106,1.0,true
636020728,IMO9146479,6261,6261,1.0,true
636020729,IMO9166780,4498,4498,1.0,true
636020730,IMO9166778,7735,7735,1.0,true
636020732,IMO9902275,13846,13846,1.0,true
636020763,IMO9917488,255,255,1.0,true
636020768,IMO9892688,5539,5539,1.0,true
636020769,IMO9222974,4977,4977,1.0,true
636020770,IMO9222986,59459,59459,1.0,true
636020772,IMO9214214,41457,41457,1.0,true
636020773,IMO9213583,14533,14533,1.0,true
636020775,IMO9231236,45600,45600,1.0,true
636020782,IMO9471238,147,147,1.0,true
636020783,IMO9315915,14699,14699,1.0,true
636020787,IMO9436484,10523,10523,1.0,true
636020791,IMO9929302,3343,3343,1.0,true
636020793,IMO9929326,7247,7247,1.0,true
636020794,IMO9908281,4510,4510,1.0,true
636020802,IMO9897925,4248,4248,1.0,true
636020824,IMO9440813,25101,25101,1.0,true
636020826,IMO9929003,251,251,1.0,true
636020827,IMO9929015,7103,7103,1.0,true
636020828,IMO9929027,1149,1149,1.0,true
636020830,IMO9929041,2056,2056,1.0,true
636020846,IMO9435246,15797,15797,1.0,true
636020853,IMO9647875,12629,12629,1.0,true
636020854,IMO9330642,3678,3678,1.0,true
636020857,IMO9626601,3698,3698,1.0,true
636020858,IMO9894791,3754,3754,1.0,true
636020868,IMO9261451,19861,19861,1.0,true
636020869,IMO9221839,36742,36742,1.0,true
636020870,IMO9260902,21616,21616,1.0,true
636020873,IMO9589255,9580,9580,1.0,true
636020874,IMO9589267,234,234,1.0,true
636020875,IMO9664275,2138,2138,1.0,true
636020879,IMO9908243,35163,35163,1.0,true
636020883,IMO9400954,8168,8168,1.0,true
636020884,IMO9669976,4361,4361,1.0,true
636020886,IMO9233856,20322,20322,1.0,true
636020898,IMO9301328,5438,5438,1.0,true
636020905,IMO9460899,1046,1046,1.0,true
636020908,IMO9767534,9096,9096,1.0,true
636020909,IMO9911630,5522,5522,1.0,true
636020918,IMO9302085,17334,17334,1.0,true
636020935,IMO9580209,4009,4009,1.0,true
636020936,IMO9369734,16309,16309,1.0,true
636020937,IMO9344564,6323,6323,1.0,true
636020939,IMO9243198,11572,11572,1.0,true
636020941,IMO9243174,12818,12818,1.0,true
636020948,IMO9573828,1643,1643,1.0,true
636020952,IMO9434462,7026,7026,1.0,true
636020960,IMO9235490,559,559,1.0,true
636020966,IMO9622423,8923,8923,1.0,true
636020967,IMO9499450,3811,3811,1.0,true
636020973,IMO9707687,1186,1186,1.0,true
636020974,IMO9561813,8225,8225,1.0,true
636020977,IMO9537628,6212,6212,1.0,true
636020979,IMO9305506,37083,37083,1.0,true
636020983,IMO9407885,5761,5761,1.0,true
636020984,IMO9437050,23255,23255,1.0,true
636020985,IMO9437062,1377,1377,1.0,true
636020986,IMO9437048,9258,9258,1.0,true
636020994,IMO9850836,29894,29894,1.0,true
636021002,IMO9354167,3149,3149,1.0,true
636021004,IMO9330525,23167,23167,1.0,true
636021005,IMO9338084,38967,38967,1.0,true
636021012,IMO9785445,2326,2326,1.0,true
636021013,IMO9635688,2816,2816,1.0,true
636021018,IMO9750440,7089,7089,1.0,true
636021019,IMO9595967,3201,3201,1.0,true
636021020,IMO9455894,269,269,1.0,true
636021024,IMO9672040,2439,2439,1.0,true
636021026,IMO9791080,1121,1121,1.0,true
636021033,IMO9742390,2108,2108,1.0,true
636021034,IMO9699957,207,207,1.0,true
636021035,IMO9665607,18490,18490,1.0,true
636021036,IMO9665621,13497,13497,1.0,true
636021040,IMO9679555,8992,8992,1.0,true
636021044,IMO9552836,11816,11816,1.0,true
636021055,IMO9243186,15629,15629,1.0,true
636021058,IMO9652492,233,233,1.0,true
636021059,IMO9597654,3757,3757,1.0,true
636021061,IMO9307839,8018,8018,1.0,true
636021068,IMO9908255,446,446,1.0,true
636021073,IMO9611577,10701,10701,1.0,true
636021081,IMO9608697,481,481,1.0,true
636021082,IMO9425758,3627,3627,1.0,true
636021101,IMO9307023,5217,5217,1.0,true
636021111,IMO9674933,2755,2755,1.0,true
636021112,IMO9674921,8637,8637,1.0,true
636021122,IMO9785457,1413,1413,1.0,true
636021123,IMO9785483,14994,14994,1.0,true
636021124,IMO9643790,4347,4347,1.0,true
636021126,IMO9478597,1157,1157,1.0,true
636021127,IMO9701061,11760,11760,1.0,true
636021128,IMO9471226,7945,7945,1.0,true
636021147,IMO9497880,3515,3515,1.0,true
636021148,IMO9669380,18941,18941,1.0,true
636021151,IMO9294989,22215,22215,1.0,true
636021153,IMO9236224,667,667,1.0,true
636021155,IMO9294991,31954,31954,1.0,true
636021160,IMO9231822,26849,26849,1.0,true
636021161,IMO9231810,19830,19830,1.0,true
636021170,IMO9941570,6388,6388,1.0,true
636021171,IMO9943243,4177,4177,1.0,true
636021177,IMO9908449,17327,17327,1.0,true
636021190,IMO9850848,35772,35772,1.0,true
636021192,IMO9478951,7294,7294,1.0,true
636021197,IMO9669407,12070,12070,1.0,true
636021198,IMO9700251,5678,5678,1.0,true
636021203,IMO9454199,1540,1540,1.0,true
636021204,IMO9563380,5085,5085,1.0,true
636021215,IMO9919321,6817,6817,1.0,true
636021217,IMO9595929,2399,2399,1.0,true
636021218,IMO9464508,225,225,1.0,true
636021220,IMO9461104,2318,2318,1.0,true
636021227,IMO9684134,4446,4446,1.0,true
636021230,IMO9405100,837,837,1.0,true
636021241,IMO9524669,12171,12171,1.0,true
636021242,IMO9519298,10261,10261,1.0,true
636021244,IMO9789984,824,824,1.0,true
636021251,IMO9706310,36154,36154,1.0,true
636021252,IMO9241475,4670,4670,1.0,true
636021264,IMO9610248,4556,4556,1.0,true
636021266,IMO9719862,3101,3101,1.0,true
636021270,IMO9454280,1347,1347,1.0,true
636021274,IMO9450844,1770,1770,1.0,true
636021278,IMO9514389,10148,10148,1.0,true
636021280,IMO9936240,5698,5698,1.0,true
636021288,IMO9936252,6993,6993,1.0,true
636021304,IMO9464417,172,172,1.0,true
636021306,IMO9415844,3570,3570,1.0,true
636021318,IMO9932361,13650,13650,1.0,true
636021319,IMO9912438,6036,6036,1.0,true
636021320,IMO9348663,7146,7146,1.0,true
636021321,IMO9320685,34831,34831,1.0,true
636021323,IMO9292151,1962,1962,1.0,true
636021329,IMO9302566,4004,4004,1.0,true
636021335,IMO9932658,4495,4495,1.0,true
636021348,IMO9628817,690,690,1.0,true
636021362,IMO9440837,22242,22242,1.0,true
636021364,IMO9785471,450,450,1.0,true
636021365,IMO9908047,1102,1102,1.0,true
636021387,IMO9850850,35579,35579,1.0,true
636021393,IMO9286231,39979,39979,1.0,true
636021394,IMO9525900,14749,14749,1.0,true
636021399,IMO9738210,8408,8408,1.0,true
636021403,IMO9738208,5420,5420,1.0,true
636021408,IMO9120853,1257,1257,1.0,true
636021423,IMO9469558,249,249,1.0,true
636021426,IMO9454175,1754,1754,1.0,true
636021427,IMO9374454,108770,108770,1.0,true
636021428,IMO9649873,662,662,1.0,true
636021429,IMO9358022,5459,5459,1.0,true
636021431,IMO9363546,656,656,1.0,true
636021434,IMO9469780,3993,3993,1.0,true
636021440,IMO9294513,117497,117497,1.0,true
636021443,IMO9558907,3146,3146,1.0,true
636021445,IMO9302748,7659,7659,1.0,true
636021448,IMO9327803,17635,17635,1.0,true
636021449,IMO9327798,36395,36395,1.0,true
636021456,IMO9884277,6947,6947,1.0,true
636021457,IMO9884265,8695,8695,1.0,true
636021462,IMO9850903,31250,31250,1.0,true
636021466,IMO9912440,2892,2892,1.0,true
636021470,IMO9932892,6835,6835,1.0,true
636021472,IMO9440801,23304,23304,1.0,true
636021476,IMO9946233,2173,2173,1.0,true
636021487,IMO9728368,907,907,1.0,true
636021508,IMO9950600,6917,6917,1.0,true
636021513,IMO9781982,262,262,1.0,true
636021527,IMO9332224,4839,4839,1.0,true
636021528,IMO9617351,3586,3586,1.0,true
636021529,IMO9301990,14737,14737,1.0,true
636021532,IMO9583160,5438,5438,1.0,true
636021536,IMO9953119,2544,2544,1.0,true
636021537,IMO9946063,1731,1731,1.0,true
636021539,IMO9946087,3470,3470,1.0,true
636021540,IMO9946099,875,875,1.0,true
636021548,IMO9922029,1955,1955,1.0,true
636021563,IMO9926477,1342,1342,1.0,true
636021565,IMO9932098,5197,5197,1.0,true
636021578,IMO9792682,2118,2118,1.0,true
636021579,IMO9894715,2800,2800,1.0,true
636021585,IMO9950430,2138,2138,1.0,true
636021602,IMO9539286,5243,5243,1.0,true
636021611,IMO9621041,600,600,1.0,true
636021617,IMO9946245,1016,1016,1.0,true
636021622,IMO9780316,2879,2879,1.0,true
636021625,IMO9928384,2012,2012,1.0,true
636021626,IMO9928396,6144,6144,1.0,true
636021630,IMO9338137,1089,1089,1.0,true
636021641,IMO9581708,9001,9001,1.0,true
636021642,IMO9606766,6874,6874,1.0,true
636021643,IMO9581681,2622,2622,1.0,true
636021647,IMO9455533,8538,8538,1.0,true
636021648,IMO9455545,268,268,1.0,true
636021649,IMO9629914,22330,22330,1.0,true
636021663,IMO9930935,4823,4823,1.0,true
636021664,IMO9464716,23422,23422,1.0,true
636021665,IMO9930947,9071,9071,1.0,true
636021666,IMO9930959,6701,6701,1.0,true
636021667,IMO9930961,10085,10085,1.0,true
636021671,IMO9976410,993,993,1.0,true
636021674,IMO9597111,726,726,1.0,true
636021690,IMO9792618,54864,54864,1.0,true
636021693,IMO9792694,29559,29559,1.0,true
636021710,IMO9481441,3187,3187,1.0,true
636021715,IMO9657026,402,402,1.0,true
636021716,IMO9553206,9101,9101,1.0,true
636021719,IMO9709221,4472,4472,1.0,true
636021722,IMO9432153,3232,3232,1.0,true
636021739,IMO9389382,34039,34039,1.0,true
636021741,IMO9569229,5829,5829,1.0,true
636021760,IMO9317925,1570,1570,1.0,true
636021765,IMO9277486,2464,2464,1.0,true
636021768,IMO9927251,5766,5766,1.0,true
636021770,IMO9927263,1671,1671,1.0,true
636021771,IMO9927275,9069,9069,1.0,true
636021777,IMO9261750,1998,1998,1.0,true
636021779,IMO9943231,2263,2263,1.0,true
636021785,IMO9293583,16206,16206,1.0,true
636021786,IMO9293909,13830,13830,1.0,true
636021817,IMO9510345,11122,11122,1.0,true
636021831,IMO9571313,891,891,1.0,true
636021837,IMO9621039,381,381,1.0,true
636021851,IMO9602992,673,673,1.0,true
636021852,IMO9602978,7735,7735,1.0,true
636021855,IMO6287772,1717,1717,1.0,true
636021857,IMO9318151,11692,11692,1.0,true
636021862,IMO9642502,10971,10971,1.0,true
636021864,IMO9673513,2443,2443,1.0,true
636021866,IMO9600633,1589,1589,1.0,true
636021897,IMO9714769,6428,6428,1.0,true
636021905,IMO9691577,12162,12162,1.0,true
636021914,IMO9256315,1354,1354,1.0,true
636021920,IMO9839818,17688,17688,1.0,true
636021935,IMO9926271,12123,12123,1.0,true
636021972,IMO9738882,3835,3835,1.0,true
636021992,IMO9200677,4035,4035,1.0,true
636021993,IMO9200689,8617,8617,1.0,true
636021994,IMO9196864,5950,5950,1.0,true
636021995,IMO9197545,2439,2439,1.0,true
636022007,IMO9230311,16651,16651,1.0,true
636022008,IMO9552329,1349,1349,1.0,true
636022022,IMO9141285,12645,12645,1.0,true
636022027,IMO9792709,8956,8956,1.0,true
636022035,IMO9932646,3659,3659,1.0,true
636022083,IMO9303390,5788,5788,1.0,true
636022085,IMO9612284,2741,2741,1.0,true
636022091,IMO9919917,4466,4466,1.0,true
636022111,IMO9244946,3989,3989,1.0,true
636022112,IMO9244934,7060,7060,1.0,true
636022113,IMO9244922,4185,4185,1.0,true
636022116,IMO9196852,19619,19619,1.0,true
636022127,IMO9980186,24032,24032,1.0,true
636022128,IMO9728186,12183,12183,1.0,true
636022132,IMO9687150,12487,12487,1.0,true
636022134,IMO9781968,8473,8473,1.0,true
636022138,IMO9692662,668,668,1.0,true
636022149,IMO9877925,27077,27077,1.0,true
636022168,IMO9692674,11245,11245,1.0,true
636022173,IMO9951135,2335,2335,1.0,true
636022174,IMO9951147,9737,9737,1.0,true
636022175,IMO9951159,6938,6938,1.0,true
636022178,IMO9951185,2131,2131,1.0,true
636022181,IMO9961441,10445,10445,1.0,true
636022183,IMO9961465,3372,3372,1.0,true
636022187,IMO9805685,2894,2894,1.0,true
636022194,IMO9942093,493,493,1.0,true
636022204,IMO9363015,247,247,1.0,true
636022208,IMO9951654,480,480,1.0,true
636022219,IMO9272345,2242,2242,1.0,true
636022222,IMO9483231,2964,2964,1.0,true
636022261,IMO9477359,5095,5095,1.0,true
636022285,IMO9325099,5498,5498,1.0,true
636022308,IMO9363039,516,516,1.0,true
636022309,IMO9480526,2951,2951,1.0,true
636022332,IMO9925368,398,398,1.0,true
636022333,IMO9925370,374,374,1.0,true
636022334,IMO9933987,801,801,1.0,true
636022335,IMO9933999,1445,1445,1.0,true
636022337,IMO9357212,11540,11540,1.0,true
636022349,IMO9983451,1977,1977,1.0,true
636022355,IMO9571272,1031,1031,1.0,true
636022371,IMO9493016,259,259,1.0,true
636022374,IMO9363041,243,243,1.0,true
636022422,IMO9713404,3442,3442,1.0,true
636022431,IMO9527415,15101,15101,1.0,true
636022441,IMO9927287,3410,3410,1.0,true
636022442,IMO9927299,2655,2655,1.0,true
636022443,IMO9932036,3425,3425,1.0,true
636022448,IMO9932050,4492,4492,1.0,true
636022449,IMO9932062,3701,3701,1.0,true
636022450,IMO9540065,10040,10040,1.0,true
636022451,IMO9540077,4560,4560,1.0,true
636022462,IMO9729910,1027,1027,1.0,true
636022463,IMO9512630,5413,5413,1.0,true
636022464,IMO9723057,3644,3644,1.0,true
636022465,IMO9660035,1662,1662,1.0,true
636022491,IMO9460655,6338,6338,1.0,true
636022519,IMO9228174,831,831,1.0,true
636022520,IMO9248526,510,510,1.0,true
636022536,IMO9612375,2354,2354,1.0,true
636022551,IMO9683116,1777,1777,1.0,true
636022552,IMO9703813,1458,1458,1.0,true
636022554,IMO9936264,2364,2364,1.0,true
636022571,IMO9539377,3769,3769,1.0,true
636022586,IMO9408085,275,275,1.0,true
636022595,IMO9838448,1925,1925,1.0,true
636022635,IMO9311787,25531,25531,1.0,true
636022638,IMO9967677,2411,2411,1.0,true
636022639,IMO9967689,665,665,1.0,true
636022645,IMO9720976,18246,18246,1.0,true
636022662,IMO9571442,9441,9441,1.0,true
636022687,IMO9982483,6846,6846,1.0,true
636022691,IMO9953810,1526,1526,1.0,true
636022693,IMO9964302,459,459,1.0,true
636022699,IMO9808352,4106,4106,1.0,true
636022702,IMO9771262,9556,9556,1.0,true
636022706,IMO9728136,1398,1398,1.0,true
636022717,IMO9701243,1763,1763,1.0,true
636022720,IMO9954735,1019,1019,1.0,true
636022721,IMO9954747,731,731,1.0,true
636022722,IMO9954759,446,446,1.0,true
636022723,IMO9954761,1842,1842,1.0,true
636022724,IMO9437311,6622,6622,1.0,true
636022753,IMO9174282,188,188,1.0,true
636022754,IMO9174490,7137,7137,1.0,true
636022757,IMO9941788,1831,1831,1.0,true
636022758,IMO9941790,1128,1128,1.0,true
636022769,IMO9951886,5669,5669,1.0,true
636022773,IMO9971953,8679,8679,1.0,true
636022780,IMO9954967,2001,2001,1.0,true
636022782,IMO9955014,1951,1951,1.0,true
636022784,IMO9647887,4745,4745,1.0,true
636022795,IMO9290488,35987,35987,1.0,true
636022811,IMO9700330,246,246,1.0,true
636022814,IMO9972127,1709,1709,1.0,true
636022830,IMO9852028,9175,9175,1.0,true
636022831,IMO9852030,1091,1091,1.0,true
636022832,IMO9839820,11714,11714,1.0,true
636022837,IMO9994802,4621,4621,1.0,true
636022839,IMO9994838,5658,5658,1.0,true
636022841,IMO9403281,846,846,1.0,true
636022850,IMO9304162,5336,5336,1.0,true
636022875,IMO9618317,3053,3053,1.0,true
636022882,IMO9968956,1526,1526,1.0,true
636022903,IMO9967407,836,836,1.0,true
636022913,IMO9609706,9208,9208,1.0,true
636022924,IMO9649706,1469,1469,1.0,true
636022926,IMO9817511,12862,12862,1.0,true
636022941,IMO9330068,18183,18183,1.0,true
636022946,IMO9666649,1178,1178,1.0,true
636022953,IMO9963217,13445,13445,1.0,true
636022955,IMO9963229,13596,13596,1.0,true
636022956,IMO9963231,14686,14686,1.0,true
636022964,IMO9683130,9291,9291,1.0,true
636022973,IMO9970947,8983,8983,1.0,true
636022974,IMO9970959,47228,47228,1.0,true
636022984,IMO9168843,8860,8860,1.0,true
636022985,IMO9168831,9450,9450,1.0,true
636022986,IMO9479046,32,32,1.0,true
636022996,IMO9955040,31,31,1.0,true
636023001,IMO9500821,8822,8822,1.0,true
636023004,IMO9272230,3331,3331,1.0,true
636023023,IMO9967263,4319,4319,1.0,true
636023028,IMO9967316,4839,4839,1.0,true
636023029,IMO9727417,9359,9359,1.0,true
636023031,IMO9567453,255,255,1.0,true
636023032,IMO9965837,4882,4882,1.0,true
636023057,IMO9959319,944,944,1.0,true
636023058,IMO9260445,6527,6527,1.0,true
636023059,IMO9260433,10411,10411,1.0,true
636023060,IMO9260457,16546,16546,1.0,true
636023061,IMO9260421,15355,15355,1.0,true
636023062,IMO9260469,10068,10068,1.0,true
636023063,IMO9260419,11210,11210,1.0,true
636023065,IMO9248148,12785,12785,1.0,true
636023071,IMO9932672,1838,1838,1.0,true
636023072,IMO9563392,1833,1833,1.0,true
636023105,IMO9672507,224,224,1.0,true
636023145,IMO9252541,12383,12383,1.0,true
636023175,IMO9960502,19334,19334,1.0,true
636023186,IMO9442469,982,982,1.0,true
636023198,IMO9976408,2123,2123,1.0,true
636023218,IMO9763693,11976,11976,1.0,true
636023225,IMO9960215,7089,7089,1.0,true
636023226,IMO9253026,4710,4710,1.0,true
636023227,IMO9241190,12054,12054,1.0,true
636023240,IMO9481788,23162,23162,1.0,true
636023247,IMO9747302,207,207,1.0,true
636023250,IMO9757230,23718,23718,1.0,true
636023252,IMO9757228,6327,6327,1.0,true
636023259,IMO9497842,656,656,1.0,true
636023265,IMO9947146,4634,4634,1.0,true
636023266,IMO9946867,3782,3782,1.0,true
636023268,IMO9947134,6925,6925,1.0,true
636023269,IMO9946879,3500,3500,1.0,true
636023293,IMO9969089,8801,8801,1.0,true
636023296,IMO9658915,9687,9687,1.0,true
636023309,IMO9260378,2049,2049,1.0,true
636023312,IMO9955789,6410,6410,1.0,true
636023318,IMO9799939,4916,4916,1.0,true
636023322,IMO9826457,2191,2191,1.0,true
636023334,IMO9690509,4295,4295,1.0,true
636023342,IMO9979254,18953,18953,1.0,true
636023343,IMO9979266,5340,5340,1.0,true
636023361,IMO9723954,1133,1133,1.0,true
636023364,IMO9605645,224,224,1.0,true
636023366,IMO9979058,336,336,1.0,true
636023371,IMO9969625,9682,9682,1.0,true
636023378,IMO9962586,3874,3874,1.0,true
636023379,IMO9962598,7068,7068,1.0,true
636023381,IMO9698305,2036,2036,1.0,true
636023395,IMO9855848,216,216,1.0,true
636023398,IMO9946726,2702,2702,1.0,true
636023414,IMO9965540,765,765,1.0,true
636023440,IMO9177428,802,802,1.0,true
636023448,IMO9620126,3313,3313,1.0,true
636023454,IMO9971472,4160,4160,1.0,true
636023456,IMO9971496,4360,4360,1.0,true
636023458,IMO9979515,1531,1531,1.0,true
636023470,IMO9981295,492,492,1.0,true
636023493,IMO9991305,808,808,1.0,true
636023494,IMO9991513,3986,3986,1.0,true
636023535,IMO9224520,2307,2307,1.0,true
636023542,IMO9298545,2550,2550,1.0,true
636023545,IMO9690901,1452,1452,1.0,true
636023581,IMO9820910,2160,2160,1.0,true
636023582,IMO9757216,10004,10004,1.0,true
636023584,IMO9984479,423,423,1.0,true
636023590,IMO9994113,650,650,1.0,true
636023592,IMO1024869,1718,1718,1.0,true
636023601,IMO9286798,2049,2049,1.0,true
636023645,IMO9864215,3427,3427,1.0,true
636023650,IMO9944455,18192,18192,1.0,true
636023671,IMO9715476,9943,9943,1.0,true
636023679,IMO9964194,5005,5005,1.0,true
636023725,IMO9271925,1002,1002,1.0,true
636023726,IMO9272228,559,559,1.0,true
636023731,IMO1014955,4482,4482,1.0,true
636023735,IMO9971874,1743,1743,1.0,true
636023742,IMO9604782,2445,2445,1.0,true
636023747,IMO9960552,10826,10826,1.0,true
636023748,IMO9663350,1394,1394,1.0,true
636023757,IMO9946893,459,459,1.0,true
636023758,IMO9946881,6471,6471,1.0,true
636023766,IMO9747053,477,477,1.0,true
636023772,IMO9414149,4014,4014,1.0,true
636023784,IMO9983774,730,730,1.0,true
636023789,IMO9731389,1999,1999,1.0,true
636023799,IMO9437385,7721,7721,1.0,true
636023801,IMO9320398,273,273,1.0,true
636023802,IMO9984405,1743,1743,1.0,true
636023805,IMO1048346,5850,5850,1.0,true
636023829,IMO9710505,10085,10085,1.0,true
636023849,IMO9944467,14513,14513,1.0,true
636023862,IMO9289312,2955,2955,1.0,true
636023863,IMO9290153,233,233,1.0,true
636023891,IMO9944479,8899,8899,1.0,true
636023897,IMO1015325,2240,2240,1.0,true
636023909,IMO9014078,10008,10008,1.0,true
636023917,IMO9723148,6685,6685,1.0,true
636023920,IMO9596727,3219,3219,1.0,true
636023937,IMO9536428,3499,3499,1.0,true
636023971,IMO9944481,3427,3427,1.0,true
636023972,IMO9944493,29791,29791,1.0,true
636023987,IMO9715206,363,363,1.0,true
636023994,IMO9984730,1543,1543,1.0,true
636024021,IMO9537276,4014,4014,1.0,true
636024024,IMO9158288,1444,1444,1.0,true
636024038,IMO9955258,2599,2599,1.0,true
636024040,IMO9467005,3553,3553,1.0,true
636024048,IMO9987184,2309,2309,1.0,true
636024051,IMO9718442,3687,3687,1.0,true
636024066,IMO9370408,7584,7584,1.0,true
636024071,IMO9993468,3390,3390,1.0,true
636024072,IMO9993482,1100,1100,1.0,true
636024086,IMO1021881,1518,1518,1.0,true
636024096,IMO9977385,1642,1642,1.0,true
636024099,IMO9473327,3781,3781,1.0,true
636024100,IMO9985605,2127,2127,1.0,true
636024109,IMO9984326,442,442,1.0,true
636024110,IMO9984338,340,340,1.0,true
636024111,IMO9984340,472,472,1.0,true
636024119,IMO9955246,33613,33613,1.0,true
636024124,IMO9977359,551,551,1.0,true
636024125,IMO9977361,1837,1837,1.0,true
636024128,IMO9399105,7193,7193,1.0,true
636024130,IMO9782003,2128,2128,1.0,true
636024131,IMO9755816,212,212,1.0,true
636024132,IMO9755804,3472,3472,1.0,true
636024187,IMO9962615,3691,3691,1.0,true
636024188,IMO9483229,731,731,1.0,true
636024190,IMO9409077,584,584,1.0,true
636024192,IMO9702508,15811,15811,1.0,true
636024193,IMO9983669,4681,4681,1.0,true
636024194,IMO9983671,9497,9497,1.0,true
636024201,IMO9960514,18390,18390,1.0,true
636024212,IMO9521849,15400,15400,1.0,true
636024217,IMO9955260,18021,18021,1.0,true
636024228,IMO9715438,244,244,1.0,true
636024229,IMO9542491,12953,12953,1.0,true
636024233,IMO9441427,421,421,1.0,true
636024239,IMO9441415,631,631,1.0,true
636024251,IMO9764051,2179,2179,1.0,true
636024252,IMO9764063,6555,6555,1.0,true
636024253,IMO9663104,419,419,1.0,true
636024272,IMO9968279,1736,1736,1.0,true
636024273,IMO9603116,218,218,1.0,true
636024277,IMO9494747,1797,1797,1.0,true
636024283,IMO9418731,340,340,1.0,true
636024286,IMO9788100,14432,14432,1.0,true
636024288,IMO9699373,5243,5243,1.0,true
636024289,IMO9960526,9021,9021,1.0,true
636024299,IMO9944508,25932,25932,1.0,true
636024325,IMO1051109,722,722,1.0,true
636024330,IMO9955284,25037,25037,1.0,true
636024335,IMO9699359,567,567,1.0,true
636024353,IMO9960538,8717,8717,1.0,true
636024380,IMO9575204,4350,4350,1.0,true
636024387,IMO9964390,8231,8231,1.0,true
636024390,IMO9975557,2078,2078,1.0,true
636024395,IMO9682863,20293,20293,1.0,true
636024421,IMO9964235,3848,3848,1.0,true
636024432,IMO1043841,1163,1163,1.0,true
636024445,IMO9592537,3516,3516,1.0,true
636024449,IMO9603154,1540,1540,1.0,true
636024462,IMO1014967,5416,5416,1.0,true
636024481,IMO9955272,21793,21793,1.0,true
636024483,IMO9434943,1278,1278,1.0,true
636024484,IMO9446104,664,664,1.0,true
636024506,IMO9974474,6814,6814,1.0,true
636024507,IMO9975569,2061,2061,1.0,true
636024514,IMO9987287,2853,2853,1.0,true
636024548,IMO9571399,1133,1133,1.0,true
636024562,IMO9345984,1215,1215,1.0,true
636024583,IMO9999967,765,765,1.0,true
636024584,IMO9760134,3036,3036,1.0,true
636024590,IMO9496977,287,287,1.0,true
636024600,IMO9470387,2948,2948,1.0,true
636024624,IMO9542544,950,950,1.0,true
636024625,IMO9660061,15676,15676,1.0,true
636024633,IMO9181560,71,71,1.0,true
636024635,IMO9999979,2365,2365,1.0,true
636024637,IMO9860386,4699,4699,1.0,true
636024641,IMO9542817,2047,2047,1.0,true
636024642,IMO9974539,4296,4296,1.0,true
636024644,IMO9834387,1329,1329,1.0,true
636024649,IMO9553218,602,602,1.0,true
636024654,IMO9960540,14544,14544,1.0,true
636024666,IMO9964405,5244,5244,1.0,true
636024673,IMO9955296,21454,21454,1.0,true
636024675,IMO9621780,1446,1446,1.0,true
636024686,IMO9401922,7978,7978,1.0,true
636024736,IMO9975571,3260,3260,1.0,true
636024748,IMO9763980,3384,3384,1.0,true
636024760,IMO9801744,4748,4748,1.0,true
636024823,IMO9964417,5042,5042,1.0,true
636024824,IMO9604811,2034,2034,1.0,true
636024862,IMO9623659,12255,12255,1.0,true
636024876,IMO9301471,1017,1017,1.0,true
636024895,IMO9975583,3806,3806,1.0,true
636024900,IMO9985681,416,416,1.0,true
636024902,IMO9715828,4433,4433,1.0,true
636024942,IMO9748069,191,191,1.0,true
636024944,IMO9758442,1603,1603,1.0,true
636024945,IMO9983140,56,56,1.0,true
636024985,IMO9450337,1808,1808,1.0,true
636024993,IMO9301495,1856,1856,1.0,true
636024996,IMO9071557,1421,1421,1.0,true
636025012,IMO9946738,2535,2535,1.0,true
636025014,IMO9978937,3213,3213,1.0,true
636025032,IMO8007793,21165,21165,1.0,true
636025034,IMO9575228,1148,1148,1.0,true
636025038,IMO9569932,541,541,1.0,true
636025043,IMO9753296,1075,1075,1.0,true
636025061,IMO9461506,3481,3481,1.0,true
636025080,IMO1030856,253,253,1.0,true
636025124,IMO9312432,2297,2297,1.0,true
636025133,IMO1036020,4902,4902,1.0,true
636025148,IMO9492713,1393,1393,1.0,true
636025149,IMO9492701,1259,1259,1.0,true
636025206,IMO9345764,253,253,1.0,true
636025233,IMO1050789,4910,4910,1.0,true
636025250,IMO9811505,355,355,1.0,true
636025252,IMO9974565,4785,4785,1.0,true
636025299,IMO9512367,221,221,1.0,true
636025300,IMO9668271,371,371,1.0,true
636025329,IMO9975600,3770,3770,1.0,true
636025335,IMO9754991,566,566,1.0,true
636025351,IMO9963580,2988,2988,1.0,true
636025365,IMO9700677,1382,1382,1.0,true
636025414,IMO9712656,751,751,1.0,true
636025432,IMO9522817,1508,1508,1.0,true
636025440,IMO9618276,1473,1473,1.0,true
636025463,IMO9981752,3260,3260,1.0,true
636025523,IMO9983152,32,32,1.0,true
636025754,IMO9764037,653,653,1.0,true
636025802,IMO9580106,7724,7724,1.0,true
636025844,IMO9502740,2189,2189,1.0,true
636090799,IMO9253026,9001,9001,1.0,true
636090856,IMO9246695,8592,8592,1.0,true
636090862,IMO9297840,22841,22841,1.0,true
636090863,IMO9297852,4315,4315,1.0,true
636090899,IMO9253038,4527,4527,1.0,true
636090902,IMO9241190,5436,5436,1.0,true
636090967,IMO9314961,2754,2754,1.0,true
636091030,IMO9333371,6713,6713,1.0,true
636091116,IMO9295361,1530,1530,1.0,true
636091125,IMO9283708,26534,26534,1.0,true
636091130,IMO9283693,5419,5419,1.0,true
636091202,IMO9423530,15363,15363,1.0,true
636091203,IMO9423542,2172,2172,1.0,true
636091232,IMO9314985,8178,8178,1.0,true
636091270,IMO9369734,3148,3148,1.0,true
636091273,IMO9326706,2466,2466,1.0,true
636091308,IMO9333046,5973,5973,1.0,true
636091328,IMO9295373,26593,26593,1.0,true
636091346,IMO9353228,7414,7414,1.0,true
636091400,IMO9373486,136,136,1.0,true
636091448,IMO9345984,1800,1800,1.0,true
636091473,IMO9349801,35967,35967,1.0,true
636091486,IMO9219379,1393,1393,1.0,true
636091487,IMO9334521,12429,12429,1.0,true
636091527,IMO9405033,2688,2688,1.0,true
636091656,IMO9516387,109,109,1.0,true
636091690,IMO9477347,11456,11456,1.0,true
636091783,IMO9353230,1358,1358,1.0,true
636091784,IMO9391787,3831,3831,1.0,true
636091788,IMO9468102,10882,10882,1.0,true
636091832,IMO9450313,3593,3593,1.0,true
636091833,IMO9450325,2453,2453,1.0,true
636091848,IMO9150212,11252,11252,1.0,true
636091883,IMO9456977,11974,11974,1.0,true
636091888,IMO9415246,2312,2312,1.0,true
636091916,IMO9481520,5212,5212,1.0,true
636091959,IMO9460356,28041,28041,1.0,true
636091985,IMO9483231,7286,7286,1.0,true
636092028,IMO9537898,28451,28451,1.0,true
636092036,IMO9453793,9437,9437,1.0,true
636092041,IMO9570838,10917,10917,1.0,true
636092044,IMO9404443,1839,1839,1.0,true
636092084,IMO9570864,249,249,1.0,true
636092140,IMO9307841,5618,5618,1.0,true
636092151,IMO9507790,2738,2738,1.0,true
636092152,IMO9483229,4230,4230,1.0,true
636092155,IMO9540869,255,255,1.0,true
636092156,IMO9540871,1937,1937,1.0,true
636092181,IMO9481532,28043,28043,1.0,true
636092183,IMO9574042,4294,4294,1.0,true
636092188,IMO9461441,629,629,1.0,true
636092195,IMO9459955,7828,7828,1.0,true
636092212,IMO9480174,1982,1982,1.0,true
636092247,IMO9475258,11451,11451,1.0,true
636092253,IMO9459967,6855,6855,1.0,true
636092268,IMO9484431,9963,9963,1.0,true
636092269,IMO9480186,26484,26484,1.0,true
636092271,IMO9484455,5091,5091,1.0,true
636092275,IMO9480215,6453,6453,1.0,true
636092311,IMO9277280,5765,5765,1.0,true
636092312,IMO9267754,3414,3414,1.0,true
636092313,IMO9267742,1476,1476,1.0,true
636092314,IMO9277292,7263,7263,1.0,true
636092330,IMO9467017,2549,2549,1.0,true
636092331,IMO9363546,274,274,1.0,true
636092391,IMO9349796,2701,2701,1.0,true
636092392,IMO9290945,5284,5284,1.0,true
636092424,IMO9539688,2037,2037,1.0,true
636092477,IMO9535101,451,451,1.0,true
636092500,IMO9495777,5239,5239,1.0,true
636092574,IMO9401661,1219,1219,1.0,true
636092597,IMO9717515,14460,14460,1.0,true
636092602,IMO9464950,14172,14172,1.0,true
636092666,IMO9731717,640,640,1.0,true
636092675,IMO9602679,5168,5168,1.0,true
636092677,IMO9682930,196,196,1.0,true
636092678,IMO9612870,52163,52163,1.0,true
636092679,IMO9295957,45709,45709,1.0,true
636092680,IMO9612882,57992,57992,1.0,true
636092681,IMO9306196,35130,35130,1.0,true
636092697,IMO9495765,14005,14005,1.0,true
636092705,IMO9689562,7121,7121,1.0,true
636092706,IMO9689574,2111,2111,1.0,true
636092708,IMO9690092,14294,14294,1.0,true
636092711,IMO9690107,15495,15495,1.0,true
636092712,IMO9756092,11943,11943,1.0,true
636092713,IMO9756107,18958,18958,1.0,true
636092721,IMO9589621,4880,4880,1.0,true
636092722,IMO9589633,4701,4701,1.0,true
636092728,IMO9766346,2152,2152,1.0,true
636092729,IMO9766358,2590,2590,1.0,true
636092730,IMO9767546,5363,5363,1.0,true
636092733,IMO9777711,8701,8701,1.0,true
636092734,IMO9777723,41290,41290,1.0,true
636092738,IMO9667576,16073,16073,1.0,true
636092742,IMO9622916,162,162,1.0,true
636092743,IMO9484704,4996,4996,1.0,true
636092744,IMO9498846,13221,13221,1.0,true
636092750,IMO9462366,4119,4119,1.0,true
636092764,IMO9502960,6828,6828,1.0,true
636092765,IMO9401063,9362,9362,1.0,true
636092778,IMO9290440,10904,10904,1.0,true
636092780,IMO9447897,33607,33607,1.0,true
636092781,IMO9447859,30497,30497,1.0,true
636092782,IMO9447914,54806,54806,1.0,true
636092783,IMO9447873,56937,56937,1.0,true
636092784,IMO9569970,57977,57977,1.0,true
636092786,IMO9687552,2777,2777,1.0,true
636092792,IMO9687538,8131,8131,1.0,true
636092793,IMO9687540,17039,17039,1.0,true
636092798,IMO9687564,6792,6792,1.0,true
636092799,IMO9687576,5580,5580,1.0,true
636092804,IMO9465253,8024,8024,1.0,true
636092811,IMO9468114,4492,4492,1.0,true
636092814,IMO9687588,10969,10969,1.0,true
636092815,IMO9374454,1757,1757,1.0,true
636092816,IMO9463633,18299,18299,1.0,true
636092817,IMO9463671,282,282,1.0,true
636092818,IMO9463669,5308,5308,1.0,true
636092819,IMO9463657,494,494,1.0,true
636092823,IMO9410301,2707,2707,1.0,true
636092824,IMO9410284,28352,28352,1.0,true
636092825,IMO9410260,9179,9179,1.0,true
636092826,IMO9387463,21987,21987,1.0,true
636092828,IMO9830123,7114,7114,1.0,true
636092848,IMO9400083,26546,26546,1.0,true
636092849,IMO9464675,247,247,1.0,true
636092850,IMO9464596,257,257,1.0,true
636092851,IMO9464663,7833,7833,1.0,true
636092855,IMO9351218,548,548,1.0,true
636092860,IMO9312418,6132,6132,1.0,true
636092863,IMO9294537,6122,6122,1.0,true
636092864,IMO9294549,28132,28132,1.0,true
636092866,IMO9444417,11320,11320,1.0,true
636092874,IMO9830135,5315,5315,1.0,true
636092878,IMO9623673,31560,31560,1.0,true
636092879,IMO9623661,8335,8335,1.0,true
636092880,IMO9162679,556,556,1.0,true
636092881,IMO9865245,2613,2613,1.0,true
636092882,IMO9832509,8608,8608,1.0,true
636092883,IMO9286255,6075,6075,1.0,true
636092887,IMO9222273,20231,20231,1.0,true
636092888,IMO9200677,2707,2707,1.0,true
636092889,IMO9388912,812,812,1.0,true
636092890,IMO9388900,13920,13920,1.0,true
636092892,IMO9388895,34235,34235,1.0,true
636092895,IMO9718947,3642,3642,1.0,true
636092896,IMO9683867,24494,24494,1.0,true
636092898,IMO9718935,27367,27367,1.0,true
636092901,IMO9834375,11999,11999,1.0,true
636092909,IMO9869710,442,442,1.0,true
636092910,IMO9225615,27113,27113,1.0,true
636092911,IMO9302102,16167,16167,1.0,true
636092914,IMO9334818,2060,2060,1.0,true
636092919,IMO9401283,35202,35202,1.0,true
636092927,IMO9286243,48465,48465,1.0,true
636092929,IMO9286231,518,518,1.0,true
636092930,IMO9306158,19102,19102,1.0,true
636092932,IMO9225641,28632,28632,1.0,true
636092940,IMO9602174,4173,4173,1.0,true
636092950,IMO9493999,10755,10755,1.0,true
636092952,IMO9493987,6981,6981,1.0,true
636092953,IMO9200706,8643,8643,1.0,true
636092960,IMO9874648,11763,11763,1.0,true
636092962,IMO9762900,48122,48122,1.0,true
636092963,IMO9696840,17143,17143,1.0,true
636092972,IMO9548586,3335,3335,1.0,true
636092976,IMO9225653,27254,27254,1.0,true
636092978,IMO9598567,489,489,1.0,true
636092979,IMO9535242,4641,4641,1.0,true
636092982,IMO9357999,2769,2769,1.0,true
636092983,IMO9301990,2643,2643,1.0,true
636092984,IMO9349875,18159,18159,1.0,true
636092985,IMO9753260,816,816,1.0,true
636092993,IMO9839832,5791,5791,1.0,true
636092995,IMO9339595,8780,8780,1.0,true
636093002,IMO9609706,653,653,1.0,true
636093013,IMO9687124,29643,29643,1.0,true
636093017,IMO9633082,2073,2073,1.0,true
636093018,IMO9665645,10160,10160,1.0,true
636093019,IMO9537276,1048,1048,1.0,true
636093022,IMO9711913,6320,6320,1.0,true
636093027,IMO9303766,10893,10893,1.0,true
636093030,IMO9333058,1646,1646,1.0,true
636093031,IMO9439498,25279,25279,1.0,true
636093037,IMO9616735,21790,21790,1.0,true
636093041,IMO9293818,35345,35345,1.0,true
636093042,IMO9293789,27145,27145,1.0,true
636093043,IMO9469778,1867,1867,1.0,true
636093046,IMO9237498,5740,5740,1.0,true
636093051,IMO9320427,2157,2157,1.0,true
636093054,IMO9308390,2716,2716,1.0,true
636093055,IMO9335812,1950,1950,1.0,true
636093060,IMO9741140,3946,3946,1.0,true
636093061,IMO9599171,4368,4368,1.0,true
636093065,IMO9626364,3284,3284,1.0,true
636093069,IMO9442172,28888,28888,1.0,true
636093079,IMO9468126,4584,4584,1.0,true
636093082,IMO9332872,43055,43055,1.0,true
636093086,IMO9347279,1975,1975,1.0,true
636093089,IMO9932127,9909,9909,1.0,true
636093091,IMO9947768,4413,4413,1.0,true
636093092,IMO9947770,9024,9024,1.0,true
636093093,IMO9293791,2871,2871,1.0,true
636093094,IMO9293820,37958,37958,1.0,true
636093095,IMO9449833,8053,8053,1.0,true
636093096,IMO9478573,10701,10701,1.0,true
636093100,IMO9332858,34823,34823,1.0,true
636093110,IMO9594482,7074,7074,1.0,true
636093115,IMO9552329,1878,1878,1.0,true
636093121,IMO9193288,1305,1305,1.0,true
636093122,IMO9337224,4911,4911,1.0,true
636093123,IMO9488035,1151,1151,1.0,true
636093127,IMO9488047,1239,1239,1.0,true
636093131,IMO9193305,26515,26515,1.0,true
636093133,IMO9626601,5152,5152,1.0,true
636093138,IMO9488061,3861,3861,1.0,true
636093139,IMO9349540,14059,14059,1.0,true
636093140,IMO9349538,19899,19899,1.0,true
636093143,IMO9440825,25131,25131,1.0,true
636093145,IMO9193290,14036,14036,1.0,true
636093146,IMO9295256,7593,7593,1.0,true
636093148,IMO9525900,28699,28699,1.0,true
636093149,IMO9525924,16596,16596,1.0,true
636093154,IMO9229843,10018,10018,1.0,true
636093155,IMO9229829,8202,8202,1.0,true
636093156,IMO9343728,45169,45169,1.0,true
636093160,IMO9349497,33124,33124,1.0,true
636093161,IMO9229831,10010,10010,1.0,true
636093164,IMO9525912,12720,12720,1.0,true
636093167,IMO9295244,12181,12181,1.0,true
636093170,IMO9229855,10220,10220,1.0,true
636093172,IMO9525883,10292,10292,1.0,true
636093173,IMO9728174,4004,4004,1.0,true
636093174,IMO9525936,9588,9588,1.0,true
636093175,IMO9525895,12493,12493,1.0,true
636093176,IMO9525871,13270,13270,1.0,true
636093177,IMO9320702,9733,9733,1.0,true
636093178,IMO9320697,1062,1062,1.0,true
636093180,IMO9618666,199,199,1.0,true
636093182,IMO9525869,22299,22299,1.0,true
636093185,IMO9696527,708,708,1.0,true
636093186,IMO9525857,12352,12352,1.0,true
636093193,IMO9450430,2168,2168,1.0,true
636093194,IMO9450416,27239,27239,1.0,true
636093207,IMO9965588,9693,9693,1.0,true
636093210,IMO9813826,1035,1035,1.0,true
636093211,IMO9700251,1160,1160,1.0,true
636093213,IMO9825403,3900,3900,1.0,true
636093219,IMO9450428,30828,30828,1.0,true
636093220,IMO9332860,10752,10752,1.0,true
636093229,IMO9965590,3661,3661,1.0,true
636093230,IMO9972488,1385,1385,1.0,true
636093231,IMO9972490,5915,5915,1.0,true
636093239,IMO9941609,2034,2034,1.0,true
636093241,IMO9910351,234,234,1.0,true
636093242,IMO9910363,24,24,1.0,true
636093249,IMO9983229,784,784,1.0,true
636093258,IMO9992256,3222,3222,1.0,true
636093270,IMO9399753,6858,6858,1.0,true
636093273,IMO9450442,3309,3309,1.0,true
636093279,IMO9348687,964,964,1.0,true
636093280,IMO9348699,14890,14890,1.0,true
636093286,IMO9450404,2795,2795,1.0,true
636093288,IMO9910105,676,676,1.0,true
636093289,IMO9941623,1318,1318,1.0,true
636093290,IMO9955923,1865,1865,1.0,true
636093292,IMO9408865,16380,16380,1.0,true
636093293,IMO9406738,8648,8648,1.0,true
636093294,IMO9408841,8544,8544,1.0,true
636093300,IMO1023968,3560,3560,1.0,true
636093302,IMO9509607,3561,3561,1.0,true
636093305,IMO9290464,3609,3609,1.0,true
636093306,IMO9302645,3924,3924,1.0,true
636093309,IMO9450399,7696,7696,1.0,true
636093311,IMO9693290,189,189,1.0,true
636093331,IMO9707754,2556,2556,1.0,true
636093350,IMO9461051,9155,9155,1.0,true
636093355,IMO9613020,6277,6277,1.0,true
636093356,IMO9613006,8793,8793,1.0,true
636093366,IMO9501370,6237,6237,1.0,true
636093367,IMO9501368,9077,9077,1.0,true
636093368,IMO9501332,2654,2654,1.0,true
636093372,IMO1030806,986,986,1.0,true
636093384,IMO1030818,1352,1352,1.0,true
636093387,IMO9952646,2070,2070,1.0,true
