mmsi,imo
102810,IMO0004711
205087000,IMO9713478
205118000,IMO9434931
205125000,IMO9703411
205221000,IMO9700005
205410000,IMO9955571
205544000,IMO9683271
205700000,IMO9748368
205717000,IMO9748485
205728000,IMO9607576
205776000,IMO9846079
205783000,IMO9575668
205789000,IMO9846081
205790000,IMO9715816
207138000,IMO9553983
209004000,IMO9689835
209008000,IMO9415222
209012000,IMO9401960
209017000,IMO9416719
209026000,IMO9256884
209087000,IMO9719874
209109000,IMO9426881
209156000,IMO9287340
209172000,IMO9438676
209182000,IMO9459979
209184000,IMO9612325
209191000,IMO9592123
209218000,IMO9236078
209251000,IMO9307229
209289000,IMO9220976
209316000,IMO9220988
209317000,IMO9309485
209355000,IMO9432153
209384000,IMO9402287
209393000,IMO9236080
209423000,IMO9247754
209425000,IMO9509803
209430000,IMO9453406
209438000,IMO9309497
209443000,IMO9638173
209444000,IMO9507714
209451000,IMO9594494
209470000,IMO9247742
209497000,IMO9302762
209504000,IMO9517422
209520000,IMO9317925
209550000,IMO9285990
209559000,IMO9247730
209565000,IMO9697143
209566000,IMO9959149
209596000,IMO9518919
209607000,IMO9852810
209613000,IMO9266542
209615000,IMO9247766
209631000,IMO9382097
209641000,IMO9167980
209652000,IMO9975466
209677000,IMO9516399
209697000,IMO9403451
209699000,IMO9406934
209705000,IMO9364356
209716000,IMO9262704
209721000,IMO9595266
209722000,IMO9453377
209729000,IMO9274264
209761000,IMO9460904
209766000,IMO9650169
209783000,IMO9698226
209786000,IMO9604952
209795000,IMO9450595
209798000,IMO9450583
209831000,IMO9975478
209850000,IMO9355422
209854000,IMO9381524
209862000,IMO9395032
209877000,IMO9875135
209882000,IMO9181156
209888000,IMO9848730
209889000,IMO9317834
209891000,IMO9961439
209919000,IMO9453391
209920000,IMO9299630
209933000,IMO9426867
209941000,IMO9591600
209964000,IMO9843766
209979000,IMO9307243
210007000,IMO9478810
210014000,IMO9278430
210028000,IMO9866249
210059000,IMO9255050
210065000,IMO9333369
210069000,IMO9510694
210070000,IMO9848742
210073000,IMO9296626
210083000,IMO9454905
210085000,IMO9843443
210136000,IMO9454917
210146000,IMO9227376
210159000,IMO9395070
210185000,IMO9620994
210188000,IMO9542491
210195000,IMO9866251
210208000,IMO9337224
210210000,IMO9857432
210232000,IMO9958755
210234000,IMO9380805
210247000,IMO9491599
210261000,IMO9609691
210266000,IMO9639684
210296000,IMO9430090
210308000,IMO7713125
210355000,IMO9544750
210358000,IMO9326536
210361000,IMO9449699
210367000,IMO9319595
210427000,IMO9447005
210464000,IMO9239812
210469000,IMO9337092
210470000,IMO9932737
210499000,IMO9113202
210503000,IMO9359935
210505000,IMO9932749
210509000,IMO9609720
210514000,IMO9664275
210517000,IMO9374973
210558000,IMO9558696
210589000,IMO9698862
210602000,IMO9316971
210604000,IMO9313931
210610000,IMO9302619
210614000,IMO9602435
210638000,IMO9731389
210653000,IMO9337444
210655000,IMO9729350
210702000,IMO9675676
210737000,IMO9292618
210740000,IMO9347750
210749000,IMO9406922
210764000,IMO9637131
210777000,IMO9255062
210786000,IMO9300752
210815000,IMO9393589
210843000,IMO9393553
210858000,IMO9546784
210875000,IMO9438121
210885000,IMO9313929
210905000,IMO9395123
210925000,IMO9313204
210930000,IMO9700859
210950000,IMO9395044
210953000,IMO9688843
210959000,IMO9330941
210969000,IMO9718454
210970000,IMO9323912
210990000,IMO9976642
210998000,IMO9393539
210999999,IMO9999999
211256150,IMO9336189
211311970,IMO9193288
211327410,IMO9193290
211331640,IMO9193305
211335760,IMO9193317
211549000,IMO9501344
211577000,IMO9458901
211578000,IMO9613020
211779000,IMO9252565
211839000,IMO9295268
212040000,IMO9416721
212054000,IMO9277711
212091000,IMO9436460
212093000,IMO9409742
212122000,IMO9750036
212125000,IMO9376000
212138000,IMO9668881
212139000,IMO9468786
212175000,IMO9285988
212205000,IMO9652519
212210000,IMO9692703
212215000,IMO9459981
212250000,IMO9667368
212258000,IMO9467550
212275000,IMO9426879
212276000,IMO9360910
212282000,IMO9675602
212287000,IMO9393577
212300000,IMO9697961
212301000,IMO9697973
212303000,IMO9539365
212314000,IMO9393565
212321000,IMO9317468
212337000,IMO9393149
212340000,IMO9413913
212344000,IMO9181118
212347000,IMO9305673
212348000,IMO9305661
212350000,IMO9305659
212351000,IMO9305685
212352000,IMO9334349
212353000,IMO9305647
212366000,IMO9643453
212370000,IMO9189574
212372000,IMO9393151
212426000,IMO9736157
212438000,IMO9738040
212439000,IMO9300764
212451000,IMO9650157
212460000,IMO9717436
212482000,IMO9698850
212539000,IMO9730268
212555000,IMO9411537
212557000,IMO9360257
212566000,IMO9461192
212582000,IMO9713387
212583000,IMO9750048
212587000,IMO9734159
212589000,IMO9741293
212642000,IMO9309459
212659000,IMO9724958
212669000,IMO9393541
212671000,IMO9302578
212679000,IMO9465734
212684000,IMO9323053
212700000,IMO9290426
212712000,IMO9595357
212715000,IMO9710189
212719000,IMO9698238
212745000,IMO9591167
212746000,IMO9294991
212773000,IMO9180358
212775000,IMO9500584
212790000,IMO9194440
212814000,IMO9802487
212836000,IMO9180372
212891000,IMO9180384
212917000,IMO9395082
212921000,IMO9510319
212934000,IMO9180396
212960000,IMO9318929
215002000,IMO9817901
215025000,IMO9579315
215031000,IMO956795800
215035000,IMO8219334
215060000,IMO9519169
215125000,IMO9780859
215126000,IMO9780861
215131000,IMO9410806
215137000,IMO9780897
215141000,IMO8114429
215144000,IMO9586447
215146000,IMO9360154
215154000,IMO9454400
215157000,IMO9362437
215158000,IMO9454424
215159000,IMO9331000
215164000,IMO9410727
215165000,IMO9351139
215169000,IMO9046265
215175000,IMO9317963
215181000,IMO9780885
215183000,IMO9351141
215185000,IMO9409194
215187000,IMO9331012
215189000,IMO9348704
215192000,IMO9410753
215196000,IMO9410765
215197000,IMO9780847
215215000,IMO9409209
215219000,IMO9454448
215223000,IMO9231676
215225000,IMO9410777
215226000,IMO9588342
215228000,IMO9588354
215230000,IMO9317975
215240000,IMO9351127
215249000,IMO9410789
215250000,IMO9607681
215277000,IMO9460643
215284000,IMO9603283
215293000,IMO9450612
215312000,IMO9835769
215331000,IMO9839909
215346000,IMO9839935
215347000,IMO9839923
215352000,IMO9860245
215354000,IMO9839911
215378000,IMO9835771
215390000,IMO9480473
215434000,IMO9758375
215465000,IMO9865374
215475000,IMO9835783
215485000,IMO9433793
215489000,IMO9738789
215517000,IMO9588366
215521000,IMO9595785
215522000,IMO9588378
215536000,IMO9590618
215538000,IMO9589097
215539000,IMO9158159
215558000,IMO9461893
215560000,IMO9632040
215561000,IMO9430765
215564000,IMO9586710
215593000,IMO9626687
215594000,IMO8005111
215622000,IMO9331919
215639000,IMO9414888
215654000,IMO9605786
215657000,IMO9356294
215662000,IMO9841653
215672000,IMO9835795
215673000,IMO9841641
215676000,IMO9584047
215677000,IMO9584035
215678000,IMO9595034
215679000,IMO9595046
215700000,IMO8612158
215706000,IMO9461283
215713000,IMO9288344
215714000,IMO9288332
215721000,IMO9469041
215765000,IMO9859117
215767000,IMO9180786
215796000,IMO8308874
215800000,IMO9670597
215801000,IMO9670614
215804000,IMO9670602
215809000,IMO9670585
215850000,IMO9299604
215853000,IMO9228174
215868000,IMO9714733
215869000,IMO9462768
215873000,IMO9324629
215874000,IMO9324617
215876000,IMO9434321
215879000,IMO9299812
215881000,IMO9675597
215882000,IMO9479034
215887000,IMO9607289
215891000,IMO9302956
215895000,IMO9439606
215896000,IMO9113446
215930000,IMO9454412
215938000,IMO9088249
215940000,IMO9279812
215965000,IMO9453559
215992000,IMO8312631
218158000,IMO9343728
218170000,IMO9393242
218284000,IMO9343730
218350000,IMO9450428
218352000,IMO9450430
218355000,IMO9450416
218364000,IMO9450442
218400000,IMO9461403
218412000,IMO9376490
218426000,IMO9501356
218427000,IMO9501368
218433000,IMO9508407
218441000,IMO9461427
218474000,IMO9501370
218509000,IMO9508419
218522000,IMO9266566
218566000,IMO9613018
218629000,IMO9433315
218643000,IMO9290567
218650000,IMO9290555
218705000,IMO9376505
218774000,IMO9461051
218776000,IMO9501332
218791000,IMO9612997
218819000,IMO9461386
218826000,IMO9516753
218834000,IMO9349887
218843000,IMO9365790
218844000,IMO9365805
218845000,IMO9364992
218846000,IMO9365788
218847000,IMO9480203
218853000,IMO9480227
219024344,IMO9718117
219027000,IMO9456771
219027133,IMO9544152
219028012,IMO9826469
219028014,IMO9826433
219028015,IMO9826457
219028042,IMO9826445
219029762,IMO9330068
219030432,IMO9520780
219031000,IMO9458092
219031114,IMO9855422
219031231,IMO9855434
219031305,IMO9721413
219031309,IMO9782962
219031372,IMO9736420
219031430,IMO9791925
219031760,IMO9537848
219032189,IMO9950117
219032229,IMO9950129
219032707,IMO9969857
219032844,IMO9950131
219033000,IMO9456757
219056000,IMO9456769
219071000,IMO9430387
219072000,IMO9444730
219086000,IMO9430363
219117000,IMO9313955
219130000,IMO9457000
219155000,IMO9458080
219192000,IMO9006215
219196000,IMO9313917
219198000,IMO9458078
219199000,IMO9458030
219204000,IMO9313929
219210000,IMO9456783
219212000,IMO8919817
219216000,IMO9313905
219229000,IMO9352016
219258000,IMO9447861
219359000,IMO9708538
219469000,IMO9727065
219471000,IMO9687186
219510000,IMO9526904
219526000,IMO9526875
219534000,IMO9526928
219550000,IMO9738739
219551000,IMO9609952
219696000,IMO9318943
219840000,IMO9198575
220000001,IMO9948774
220061000,IMO9245756
220129000,IMO9245768
220164000,IMO9245770
220187000,IMO9260419
220198000,IMO9251614
220206000,IMO9260433
220207000,IMO9251626
220216000,IMO9251638
220221000,IMO9260445
220245000,IMO9260457
220263000,IMO9260469
220291000,IMO9294379
220379000,IMO9302877
220397000,IMO9302889
220413000,IMO9302891
220414000,IMO9320233
220415000,IMO9320245
220416000,IMO9320257
220589000,IMO9388649
220593000,IMO9359002
220594000,IMO9359014
220595000,IMO9359026
220596000,IMO9359038
220597000,IMO9359040
220598000,IMO9359052
226324000,IMO9362334
227278000,IMO9112466
228057000,IMO9207390
228335900,IMO9299783
228337900,IMO9450624
228339600,IMO9450648
228340900,IMO9299795
228342900,IMO9299800
228353600,IMO9299628
228354600,IMO9299654
228409800,IMO9894961
228409900,IMO9894973
228410700,IMO9894997
228411900,IMO9329928
228439900,IMO9982938
228451700,IMO9802504
228468900,IMO9966764
228469700,IMO9966776
228472900,IMO1021829
228477600,IMO9977701
228478900,IMO9977713
228479700,IMO9977737
228479800,IMO9977751
228479900,IMO9977749
229012000,IMO9621883
229014000,IMO9607502
229032000,IMO9512305
229033000,IMO9486477
229054000,IMO9389409
229081000,IMO9558244
229125000,IMO9597238
229141000,IMO9468138
229158000,IMO9644172
229159000,IMO9644184
229161000,IMO9429431
229164000,IMO9625449
229177000,IMO9597032
229190000,IMO9454450
229199000,IMO9649122
229200000,IMO9649110
229201000,IMO9649108
229202000,IMO9649093
229203000,IMO9649081
229204000,IMO9649079
229215000,IMO9625451
229219000,IMO9644201
229220000,IMO9657777
229221000,IMO9644196
229243000,IMO9605499
229255000,IMO9905708
229262000,IMO9225005
229264000,IMO9644500
229266000,IMO9608702
229281000,IMO9595981
229283000,IMO9609122
229284000,IMO9633408
229287000,IMO9585601
229321000,IMO9882487
229326000,IMO9897755
229331000,IMO9318101
229340000,IMO9301433
229347000,IMO9512331
229373000,IMO9616905
229375000,IMO9400174
229382000,IMO9479204
229384000,IMO9320398
229389000,IMO9897767
229393000,IMO9867827
229395000,IMO9490777
229402000,IMO9087245
229410000,IMO9662332
229439000,IMO9529516
229454000,IMO9882499
229458000,IMO9628154
229462000,IMO9323900
229463000,IMO9897779
229464000,IMO9897781
229465000,IMO9130339
229467000,IMO9628166
229479000,IMO9418377
229486000,IMO9643910
229528000,IMO9106479
229548000,IMO9628180
229550000,IMO9632832
229554000,IMO9684213
229556000,IMO9477799
229572000,IMO9620619
229584000,IMO9625920
229585000,IMO9177624
229587000,IMO9718686
229592000,IMO9882504
229594000,IMO9622758
229602000,IMO9576961
229603000,IMO9576973
229606000,IMO9440772
229609000,IMO9286592
229613000,IMO9659787
229615000,IMO9674361
229620000,IMO9605255
229622000,IMO9484479
229625000,IMO9605267
229626000,IMO9605279
229635000,IMO9246683
229648000,IMO9618587
229654000,IMO9905722
229656000,IMO9905734
229659000,IMO9476525
229665000,IMO9210074
229685000,IMO9882516
229695000,IMO9920722
229698000,IMO9700421
229705000,IMO9322463
229708000,IMO9395214
229710000,IMO9702455
229711000,IMO9702443
229712000,IMO9656175
229718000,IMO9401922
229725000,IMO9401934
229726000,IMO9674517
229732000,IMO9401910
229736000,IMO9450600
229738000,IMO9064839
229752000,IMO9684469
229760000,IMO9638135
229778000,IMO9867841
229779000,IMO9867839
229786000,IMO9491628
229788000,IMO9653185
229808000,IMO9299642
229814000,IMO9733272
229815000,IMO9188908
229821000,IMO9337597
229824000,IMO9306483
229846000,IMO9363417
229902000,IMO9688635
229911000,IMO9688647
229912000,IMO9426087
229921000,IMO9322487
229934000,IMO9674529
229945000,IMO9293753
229947000,IMO9674531
229955000,IMO9290098
229956000,IMO9374442
229960000,IMO9701372
229969000,IMO9665700
229988000,IMO9674555
229989000,IMO9674543
229997000,IMO9194270
230186000,IMO9002659
230624000,IMO9590797
230625000,IMO9590802
230917000,IMO9181077
232004359,IMO9253856
232008128,IMO9806299
232010350,IMO9781621
232012242,IMO9801718
232012490,IMO9816593
232012585,IMO9660578
232012746,IMO9803352
232013516,IMO9360752
232013521,IMO9362413
232014080,IMO9436513
232014452,IMO9451044
232015389,IMO9448059
232016910,IMO9738868
232017152,IMO9802322
232017938,IMO9520833
232018037,IMO9463566
232018048,IMO9753284
232018697,IMO9558294
232018783,IMO9827061
232018900,IMO9725158
232018901,IMO9725160
232018919,IMO9725134
232023550,IMO9490480
232024278,IMO9866691
232024279,IMO9866706
232024771,IMO9725146
232024772,IMO9725110
232024773,IMO9725122
232025072,IMO9599133
232025145,IMO9490492
232025405,IMO9668556
232027170,IMO9801744
232027403,IMO9875214
232027404,IMO9860374
232027637,IMO9313292
232027949,IMO9446867
232032457,IMO9713480
232035614,IMO9577422
232036827,IMO9860398
232036828,IMO9900095
232036941,IMO9860403
232038703,IMO9900203
232041694,IMO9493690
232041699,IMO9493664
232043368,IMO9924223
232044382,IMO9931549
232044965,IMO9934450
232045225,IMO9934462
232045875,IMO9855549
232047535,IMO9963293
232049063,IMO9963308
232049178,IMO9761889
232049490,IMO9493676
232052663,IMO9990416
232058706,IMO9989247
232061194,IMO1054797
232752000,IMO9304241
235009240,IMO9300386
235009850,IMO9300398
235010180,IMO9331490
235010440,IMO9318151
235010450,IMO9300403
235010710,IMO9300415
235050012,IMO9300491
235050802,IMO9384875
235058697,IMO9384942
235061354,IMO9332846
235067944,IMO9429754
235067987,IMO9221097
235068802,IMO9534107
235070715,IMO9430129
235073372,IMO9430143
235082896,IMO9463011
235084298,IMO9463023
235086166,IMO9493365
235088041,IMO9189940
235089913,IMO9594303
235092545,IMO9596301
235093018,IMO8645806
235093569,IMO9595436
235093618,IMO9595450
235093619,IMO9595462
235094626,IMO9626144
235095836,IMO9626156
235098383,IMO9629043
235098885,IMO9604108
235102348,IMO9253868
235102349,IMO9253870
235102466,IMO9698317
235102468,IMO9700081
235102498,IMO9517549
235102677,IMO9604146
235102678,IMO9604160
235102679,IMO9629079
235102681,IMO9629081
235102768,IMO9385075
235102851,IMO9343637
235103762,IMO9414448
235103766,IMO9414474
235110737,IMO9629122
235111726,IMO9713179
235113623,IMO9708954
235113771,IMO9724702
235114799,IMO9713193
235115734,IMO9729207
235116731,IMO9713208
235117234,IMO9773844
235335000,IMO9241310
235414000,IMO9241308
235479000,IMO9241322
235507000,IMO9234070
235603000,IMO9241293
235645000,IMO9233856
236111881,IMO9427940
236111884,IMO9427952
236112603,IMO9612246
236325000,IMO9195470
236607000,IMO9498303
236709000,IMO9406037
236710000,IMO9406116
238016000,IMO9606120
238045000,IMO9694696
238179000,IMO9222572
238266000,IMO9519626
239872000,IMO9230763
240203000,IMO9286798
240569000,IMO9343845
240586000,IMO9295012
240625000,IMO9343883
240927000,IMO9438779
240929000,IMO9438781
240979000,IMO9434412
240988000,IMO9494137
241031000,IMO9458690
241069000,IMO9476680
241093000,IMO9455545
241100000,IMO9543677
241106000,IMO9439072
241116000,IMO9455557
241118000,IMO9471276
241124000,IMO9426257
241125000,IMO9426415
241139000,IMO9543691
241142000,IMO9594705
241143000,IMO9594717
241149000,IMO9434383
241155000,IMO9610080
241156000,IMO9592719
241166000,IMO9610092
241183000,IMO9543782
241229000,IMO9643805
241274000,IMO9606754
241283000,IMO9662318
241299000,IMO9628946
241311000,IMO9484924
241312000,IMO9475686
241313000,IMO9475698
241373000,IMO9712967
241412000,IMO9445461
241421000,IMO9746102
241427000,IMO9739240
241476000,IMO9699842
241489000,IMO9699854
241508000,IMO9463592
241573000,IMO9378606
241602000,IMO9607801
241680000,IMO9842255
241693000,IMO9861330
241703000,IMO9883132
241768000,IMO9899193
241769000,IMO9724192
241798000,IMO9523366
241805000,IMO9897987
241821000,IMO9942067
241919000,IMO1018030
241934000,IMO9728124
244010871,IMO9443669
244010945,IMO9770701
244014000,IMO9435753
244020048,IMO9466996
244022000,IMO9435765
244030000,IMO9433262
244040000,IMO9433274
244044000,IMO9448372
244106000,IMO9505560
244109000,IMO9505572
244115000,IMO9448358
244117000,IMO9448308
244121000,IMO9448384
244122000,IMO9448346
244129000,IMO9448360
244130525,IMO9931484
244142000,IMO9420813
244149000,IMO9420796
244150212,IMO9258985
244150516,IMO9735232
244155000,IMO9420801
244160000,IMO9424546
244170000,IMO9456721
244224000,IMO9505546
244238000,IMO9491496
244255000,IMO9491501
244266000,IMO9081318
244301000,IMO9333527
244457000,IMO9367073
244519000,IMO9307372
244559000,IMO9139294
244584000,IMO9288045
244620052,IMO9512783
244620675,IMO9681534
244632000,IMO9234290
244638000,IMO9399129
244639000,IMO9415064
244650331,IMO9631371
244655000,IMO9501253
244675000,IMO9467237
244693000,IMO9365659
244726000,IMO9420849
244730000,IMO9202510
244750595,IMO9424572
244750715,IMO9546473
244750716,IMO9650482
244750814,IMO9776286
244770273,IMO9721657
244790606,IMO9671450
244810209,IMO9546485
244810418,IMO9671436
244810443,IMO9671448
244810614,IMO9534470
244810617,IMO9592575
244820055,IMO9592599
244820422,IMO9650585
244830401,IMO9746970
244830430,IMO9710464
244830814,IMO9758557
244848000,IMO9420837
244850226,IMO9721633
244850853,IMO9320520
244850854,IMO9321093
244850855,IMO9321108
244853000,IMO9535620
244860255,IMO9721645
244903000,IMO9202522
244909000,IMO9532824
244997000,IMO9467249
245020000,IMO9456733
245021000,IMO9153654
245033000,IMO9420825
245086000,IMO9526083
245097000,IMO9345386
245118000,IMO9558464
245226000,IMO9419292
245237000,IMO9631357
245261000,IMO9202534
245278000,IMO9423748
245299000,IMO9466350
245347000,IMO9466051
245394000,IMO9139309
245466000,IMO9419307
245525000,IMO9385922
245539000,IMO9139311
245546000,IMO9197375
245554000,IMO9371579
245563000,IMO9934840
245578000,IMO9197363
245634000,IMO9466374
245639000,IMO9419319
245691000,IMO1035416
245697000,IMO1035404
245716000,IMO9081320
245720000,IMO9917672
245789000,IMO9197911
245806000,IMO9559092
245816000,IMO9202546
245854000,IMO9646780
245890000,IMO9529243
245897000,IMO9345398
245912000,IMO9420772
245918000,IMO9996903
245930000,IMO9213741
245935000,IMO9507075
245952000,IMO9463451
245953000,IMO9466312
245955000,IMO9420784
245964000,IMO9424558
245980000,IMO9534432
245995000,IMO9361108
246029000,IMO9234276
246100000,IMO9288057
246117000,IMO9542348
246244000,IMO9404704
246263000,IMO9466336
246293000,IMO9288069
246302000,IMO9546497
246308000,IMO9081306
246309000,IMO9371581
246396000,IMO9288071
246430000,IMO9248564
246447000,IMO9201803
246452000,IMO9202558
246456000,IMO9197947
246466000,IMO9202508
246467000,IMO9243849
246519000,IMO9466300
246521000,IMO9307358
246539000,IMO9882061
246547000,IMO9580780
246554000,IMO9307360
246556000,IMO9333539
246572000,IMO9333541
246591000,IMO9428425
246592000,IMO9428413
246596000,IMO9526095
246598000,IMO9419280
246602000,IMO9385893
246614000,IMO9507611
246619000,IMO9509968
246620000,IMO9509956
246621000,IMO9507609
246625000,IMO9554781
246634000,IMO9463437
246651000,IMO9985344
246659000,IMO9551935
246660000,IMO9551959
246661000,IMO9551961
246662000,IMO9551973
246663000,IMO9551947
246671000,IMO9424560
246704000,IMO9542336
246716000,IMO9463449
246719000,IMO9466295
246733000,IMO9526071
246767000,IMO9571507
246768000,IMO9571519
246769000,IMO9571521
246770000,IMO9571533
246771000,IMO9571545
246789000,IMO9507087
246797000,IMO9466324
246824000,IMO9419321
246830000,IMO9466348
246831000,IMO9255579
246837000,IMO9592563
246865000,IMO9466362
246866000,IMO9605176
246867000,IMO9631369
246876000,IMO9542350
246887000,IMO9546459
246894000,IMO9605188
246896000,IMO9229087
246912000,IMO9546461
246921000,IMO9534482
247065500,IMO9245598
247275400,IMO9343170
247281100,IMO9437907
247285500,IMO9377470
247286800,IMO9448580
247287100,IMO9568598
247289800,IMO9377482
247291600,IMO9480540
247293300,IMO9437919
247300400,IMO9448592
247302700,IMO9437921
247303200,IMO9448619
247304200,IMO9465370
247304600,IMO9437933
247310400,IMO9437945
247311200,IMO9465382
247314200,IMO9578969
247315400,IMO9578971
247320400,IMO9471082
247322900,IMO9578983
247341100,IMO9672088
247341300,IMO9672090
247341500,IMO9672105
247341700,IMO9680712
247341900,IMO9680724
247342300,IMO9724738
247371500,IMO9645396
247375700,IMO9784037
247376300,IMO9784049
247376400,IMO9784051
247405800,IMO9782687
247408300,IMO9782699
247409200,IMO9782704
247440400,IMO9782716
247441100,IMO9796365
247441300,IMO9796377
248013000,IMO9399210
248052000,IMO9399222
248056000,IMO9754915
248087000,IMO9423920
248089000,IMO9727625
248092000,IMO9515682
248122000,IMO9473145
248134000,IMO9447017
248135000,IMO9544748
248160000,IMO9271925
248161000,IMO9272228
248177000,IMO9639476
248183000,IMO9473078
248185000,IMO9486013
248207000,IMO9343974
248208000,IMO9418779
248209000,IMO9465150
248225000,IMO9505053
248228000,IMO9751092
248238000,IMO9602423
248247000,IMO9406611
248251000,IMO9602409
248262000,IMO9725914
248264000,IMO9505065
248265000,IMO9505089
248285000,IMO9757008
248296000,IMO9563419
248303000,IMO9554171
248403000,IMO9432139
248411000,IMO9400069
248426000,IMO9729099
248431000,IMO9406647
248432000,IMO9406623
248440000,IMO9753301
248476000,IMO9432464
248493000,IMO9450650
248505000,IMO9480708
248506000,IMO9480710
248510000,IMO9450662
248534000,IMO9727431
248556000,IMO9797216
248557000,IMO8220345
248565000,IMO9432476
248572000,IMO9443035
248574000,IMO9443023
248614000,IMO9004205
248639000,IMO9432488
248655000,IMO9745550
248659000,IMO9745500
248660000,IMO9745548
248665000,IMO8729640
248697000,IMO9537977
248698000,IMO9536428
248699000,IMO9350032
248703000,IMO9729128
248711000,IMO9532783
248712000,IMO9350044
248721000,IMO9564138
248728000,IMO9802504
248729000,IMO9802499
248741000,IMO9826823
248798000,IMO9617478
248826000,IMO9577446
248828000,IMO9577434
248876000,IMO9434371
248906000,IMO9398321
248910000,IMO9375288
248911000,IMO9375264
248912000,IMO9398333
248914000,IMO9584140
248917000,IMO9293624
248923000,IMO9293612
248938000,IMO9498248
248950000,IMO9475040
248999000,IMO9567946
249011000,IMO9700512
249021000,IMO9450648
249032000,IMO9583706
249035000,IMO9651034
249049000,IMO9985655
249070000,IMO9015682
249076000,IMO9951563
249077000,IMO9782168
249100000,IMO9520637
249111000,IMO9248526
249112000,IMO9679919
249123000,IMO9679907
249125000,IMO9679892
249135000,IMO9938377
249152000,IMO9330850
249153000,IMO9363039
249167000,IMO9722687
249169000,IMO9722699
249171000,IMO9763708
249183000,IMO9566954
249201000,IMO9690092
249202000,IMO9706190
249203000,IMO9286255
249204000,IMO9723643
249205000,IMO9286231
249206000,IMO9810915
249210000,IMO9951575
249221000,IMO9926233
249225000,IMO9509633
249227000,IMO9509619
249231000,IMO9584889
249238000,IMO9739082
249251000,IMO9721035
249254000,IMO9721023
249257000,IMO9952438
249262000,IMO9727974
249271000,IMO9678329
249307000,IMO9448578
249309000,IMO9418444
249319000,IMO9432115
249321000,IMO9673836
249324000,IMO9722704
249352000,IMO9692686
249386000,IMO9696474
249390000,IMO9696462
249397000,IMO9304112
249414000,IMO9389681
249431000,IMO9749829
249474000,IMO9389693
249489000,IMO9702699
249509000,IMO9389708
249513000,IMO9299654
249515000,IMO9728916
249522000,IMO9299800
249558000,IMO9728928
249563000,IMO9304100
249726000,IMO9782352
249757000,IMO9319765
249758000,IMO9319753
249769000,IMO9728930
249773000,IMO9728942
249783000,IMO9727613
249800000,IMO9666649
249806000,IMO9282742
249808000,IMO9728954
249819000,IMO9399193
249830000,IMO9403229
249836000,IMO8302313
249845000,IMO9491197
249875000,IMO9342877
249877000,IMO9729075
249883000,IMO9403190
249885000,IMO9468619
249888000,IMO9399208
249904000,IMO9515383
249909000,IMO9515400
249917000,IMO9401099
249944000,IMO9423293
249973000,IMO9081734
249982000,IMO9706205
249986000,IMO8314677
250002887,IMO9649536
250002903,IMO9649548
253000028,IMO9771298
253068000,IMO9707742
253172000,IMO9789910
253595000,IMO9167318
253781000,IMO9414199
255162930,IMO9485837
255601240,IMO9717656
255613000,IMO9702625
255616000,IMO9702637
255617000,IMO9676591
255618000,IMO9327671
255710000,IMO9477294
255721000,IMO9609718
255723000,IMO9477359
255726000,IMO9728382
255727000,IMO9769697
255728000,IMO9798337
255729000,IMO9244556
255736000,IMO9238820
255747000,IMO9490258
255790000,IMO9317937
255792000,IMO9289960
255793000,IMO9401776
255796000,IMO9289972
255797000,IMO9287924
255801000,IMO9384320
255801650,IMO9738571
255801680,IMO9701011
255802350,IMO9594315
255802360,IMO9254848
255802470,IMO9436472
255802560,IMO9516753
255802650,IMO9481453
255802770,IMO9528706
255803201,IMO9301483
255803450,IMO9393319
255803470,IMO9463281
255803480,IMO9393307
255803590,IMO9313943
255803650,IMO9589085
255803670,IMO9293777
255803680,IMO9243409
255803760,IMO9286267
255803770,IMO9302633
255803780,IMO9243394
255803860,IMO9438389
255804350,IMO9313967
255804970,IMO9402043
255805360,IMO9607459
255805558,IMO9301471
255805563,IMO9654464
255805564,IMO9952402
255805570,IMO9274355
255805571,IMO9301495
255805584,IMO9304978
255805589,IMO9535137
255805590,IMO9535151
255805617,IMO9320441
255805621,IMO9681962
255805661,IMO9456965
255805662,IMO9718442
255805664,IMO9294408
255805665,IMO9466984
255805666,IMO9467043
255805671,IMO9718454
255805672,IMO9702596
255805675,IMO9248148
255805676,IMO9248162
255805677,IMO9221827
255805678,IMO9221815
255805681,IMO9731573
255805688,IMO9693329
255805689,IMO9693331
255805690,IMO9559705
255805750,IMO9376012
255805765,IMO9702601
255805770,IMO9467134
255805774,IMO9727596
255805781,IMO9397913
255805785,IMO9467146
255805803,IMO9246712
255805809,IMO9727601
255805835,IMO9347815
255805852,IMO9440306
255805854,IMO9720471
255805858,IMO9725524
255805859,IMO9702273
255805860,IMO9725512
255805866,IMO9735218
255805867,IMO9745653
255805868,IMO9745665
255805869,IMO9770737
255805875,IMO9467160
255805889,IMO9293753
255805891,IMO9720495
255805893,IMO9794484
255805894,IMO9794472
255805913,IMO9293791
255805914,IMO9293806
255805922,IMO9236688
255805923,IMO9236690
255805929,IMO9720512
255805930,IMO9720524
255805942,IMO9293820
255805956,IMO9622007
255805979,IMO9750464
255806004,IMO9200691
255806005,IMO9231248
255806009,IMO9235828
255806027,IMO9778076
255806028,IMO9778105
255806029,IMO9778117
255806031,IMO9778088
255806032,IMO9778090
255806034,IMO9466960
255806037,IMO9450349
255806038,IMO9450337
255806039,IMO9466972
255806046,IMO9583043
255806048,IMO9741712
255806049,IMO9741700
255806051,IMO9583055
255806053,IMO9259379
255806057,IMO9778399
255806064,IMO9286786
255806065,IMO9320049
255806066,IMO9357092
255806068,IMO9395111
255806077,IMO9252553
255806078,IMO9252541
255806086,IMO9454242
255806090,IMO9604809
255806094,IMO9294513
255806103,IMO9395020
255806105,IMO9450351
255806106,IMO9652519
255806110,IMO9368742
255806114,IMO9248124
255806116,IMO9342695
255806121,IMO9314947
255806122,IMO9387451
255806126,IMO9335812
255806134,IMO9570656
255806142,IMO9238363
255806152,IMO9410272
255806166,IMO9810329
255806167,IMO9713210
255806168,IMO9635248
255806169,IMO9465095
255806170,IMO9450363
255806176,IMO9785378
255806179,IMO9376907
255806180,IMO9238351
255806181,IMO9392092
255806182,IMO9810343
255806183,IMO9810331
255806184,IMO9810355
255806186,IMO9785392
255806187,IMO9789685
255806189,IMO9785407
255806202,IMO9813230
255806203,IMO9808845
255806204,IMO9667045
255806205,IMO9667057
255806206,IMO9623659
255806221,IMO9813242
255806223,IMO9589762
255806239,IMO9486427
255806240,IMO9504293
255806252,IMO9848998
255806254,IMO9849007
255806277,IMO9849813
255806281,IMO9849825
255806282,IMO9491367
255806283,IMO9480564
255806288,IMO9283954
255806289,IMO9317808
255806294,IMO9741877
255806295,IMO9596026
255806296,IMO9596040
255806297,IMO9741865
255806302,IMO9853046
255806304,IMO9252577
255806325,IMO9853034
255806326,IMO9853022
255806331,IMO9626168
255806335,IMO9857169
255806337,IMO9713234
255806338,IMO9857183
255806339,IMO9857157
255806340,IMO9857171
255806342,IMO9892482
255806343,IMO9892494
255806344,IMO9892523
255806351,IMO9897121
255806356,IMO9892509
255806358,IMO9892535
255806359,IMO9897133
255806362,IMO9289087
255806367,IMO9299537
255806368,IMO9631876
255806369,IMO9402079
255806376,IMO9289099
255806377,IMO9299525
255806378,IMO9676606
255806386,IMO9717668
255806388,IMO9676618
255806389,IMO9642370
255806430,IMO9724049
255806448,IMO9360764
255806449,IMO9362449
255806458,IMO9321897
255806467,IMO9802413
255806485,IMO9401166
255806487,IMO9705146
255806488,IMO9705158
255806489,IMO9704960
255806490,IMO9702065
255806491,IMO9702106
255806492,IMO9705005
255806493,IMO9702089
255806494,IMO9704972
255806496,IMO9710426
255806497,IMO9702077
255806498,IMO9704996
255806499,IMO9702261
255806500,IMO9704984
255806501,IMO9717670
255806502,IMO9793947
255806506,IMO9720457
255806507,IMO9720201
255806509,IMO9291406
255806516,IMO9387607
255806520,IMO9720196
255806521,IMO9720287
255870000,IMO9415246
255878000,IMO9414187
255903590,IMO9954151
255915562,IMO9621209
255915572,IMO9549566
255915593,IMO9672222
255915608,IMO9459955
255915615,IMO9197478
255915616,IMO9605152
255915618,IMO9447861
255915619,IMO9447885
255915620,IMO9952488
255915623,IMO9253155
255915639,IMO9589621
255915640,IMO9589633
255915643,IMO9952440
255915644,IMO9673630
255915661,IMO9954175
255915665,IMO9968920
255915669,IMO9995856
255915672,IMO9493755
255915675,IMO9952452
255915687,IMO9973688
255915688,IMO9973690
255915723,IMO9401661
255915727,IMO9952517
255915729,IMO9948645
255915734,IMO9963542
255915735,IMO9963554
255915761,IMO9773313
255915762,IMO9429754
255915781,IMO9598165
255915782,IMO9643180
255915792,IMO9535096
255915805,IMO9609330
255915807,IMO9855563
255915817,IMO9983695
255915818,IMO9983683
255915819,IMO9691589
255915824,IMO9623063
255915832,IMO9989924
255915838,IMO9430131
255915843,IMO9499723
255915870,IMO9430143
255915878,IMO9658783
255915892,IMO9541849
255915893,IMO9952402
255915904,IMO9728394
255915909,IMO9723954
255915911,IMO9906465
255915918,IMO9584310
255915951,IMO9494814
255915953,IMO9496173
255915963,IMO9712486
255916030,IMO9842827
255916032,IMO9589619
255916044,IMO9485784
255916045,IMO9485813
255916092,IMO9423516
255916095,IMO9465306
255916102,IMO9713404
255916113,IMO9902081
255916274,IMO9950129
255916276,IMO9969857
255916278,IMO9950117
255916291,IMO9485772
255916293,IMO9485837
255944000,IMO9942732
255975000,IMO9444285
255980000,IMO9288409
255994000,IMO9954163
255995000,IMO9954187
256001000,IMO9966831
256006000,IMO9966570
256011000,IMO9293806
256022000,IMO9323481
256028000,IMO9686326
256029000,IMO9013268
256035000,IMO9931159
256041000,IMO9235983
256042000,IMO9308194
256052000,IMO9936927
256056000,IMO9153771
256058000,IMO9250995
256062000,IMO9705067
256071000,IMO9322499
256075000,IMO9250971
256095000,IMO9331165
256104000,IMO9718117
256106000,IMO9718571
256144000,IMO9303780
256151000,IMO9480198
256163000,IMO9705079
256169000,IMO9705081
256170000,IMO9412830
256172000,IMO9480215
256175000,IMO9979474
256179000,IMO9979462
256189000,IMO9979486
256190000,IMO9979498
256198000,IMO9464780
256213000,IMO9674567
256256000,IMO8606264
256300000,IMO9436355
256311000,IMO9332884
256313000,IMO9698941
256317000,IMO9279513
256318000,IMO9343089
256346000,IMO8111958
256350000,IMO9578995
256389000,IMO9175901
256402000,IMO8610916
256408000,IMO9698214
256416000,IMO9381873
256426000,IMO9521825
256430000,IMO9354662
256433000,IMO9937294
256449000,IMO9732606
256458000,IMO9718208
256484000,IMO9663776
256490000,IMO9635640
256524000,IMO9722962
256542000,IMO9953717
256548000,IMO9365788
256558000,IMO9670107
256562000,IMO9381861
256566000,IMO9722974
256567000,IMO9480174
256570000,IMO9295373
256572000,IMO9356696
256573000,IMO9480186
256576000,IMO9525924
256592000,IMO9951525
256604000,IMO9436367
256606000,IMO9726243
256608000,IMO9607291
256615000,IMO8517994
256617000,IMO9660097
256621000,IMO9747651
256624000,IMO9744764
256631000,IMO9701360
256636000,IMO9969912
256638000,IMO9468152
256644000,IMO9722651
256651000,IMO9938327
256663000,IMO9623702
256671000,IMO9705328
256672000,IMO9545065
256676000,IMO9951537
256680000,IMO9111371
256682000,IMO9595840
256685000,IMO9968487
256687000,IMO9436379
256713000,IMO9486465
256715000,IMO9978597
256740000,IMO9397494
256763000,IMO9723277
256772000,IMO9500273
256780000,IMO8311091
256785000,IMO9552343
256787000,IMO9951551
256788000,IMO9951549
256820000,IMO9695640
256840000,IMO1039369
256843000,IMO9970014
256845000,IMO9970026
256847000,IMO9969998
256850000,IMO9231145
256854000,IMO9953793
256855000,IMO9450624
256856000,IMO9970002
256868000,IMO9703813
256871000,IMO9618317
256884000,IMO9938341
256888000,IMO9473028
256889000,IMO9691034
256892000,IMO9691046
256916000,IMO9295165
256919000,IMO9698202
256930000,IMO9305594
256932000,IMO9308510
256937000,IMO9308508
256938000,IMO9305582
256940000,IMO9305570
256948000,IMO9975246
256950000,IMO9975234
256959000,IMO8707771
256978000,IMO9712955
256979000,IMO9938353
256989000,IMO9327798
256995000,IMO9295220
256998000,IMO9354791
257073000,IMO9801299
257085720,IMO9414917
257087080,IMO9495935
257091890,IMO9186235
257160000,IMO9762857
257242000,IMO9515412
257248000,IMO9176577
257263000,IMO9122655
257264000,IMO9138525
257268000,IMO9605798
257269000,IMO9070450
257277000,IMO9401972
257310000,IMO9396127
257316000,IMO9289013
257323000,IMO9299276
257325000,IMO9299288
257328000,IMO9254642
257350000,IMO9396139
257365000,IMO9355525
257366000,IMO9420045
257368000,IMO9420057
257394000,IMO9401855
257407000,IMO9852731
257408000,IMO9285483
257424000,IMO9182954
257432000,IMO9589956
257435000,IMO9589968
257450000,IMO8018168
257457000,IMO9396141
257470000,IMO9485796
257474000,IMO9485801
257478000,IMO9485784
257480000,IMO9485813
257481000,IMO9485825
257482000,IMO9485758
257484000,IMO9485772
257486000,IMO9485837
257496000,IMO9285495
257497000,IMO8204951
257502000,IMO9764063
257507000,IMO9126455
257515000,IMO7507253
257516000,IMO9371086
257523000,IMO9687174
257527000,IMO9186209
257530000,IMO9249295
257532000,IMO9182966
257533000,IMO9185463
257534000,IMO9186223
257535000,IMO9401790
257536000,IMO9401805
257548000,IMO9186211
257560000,IMO9295830
257565000,IMO9191307
257593000,IMO9557111
257613000,IMO9191319
257615000,IMO9182978
257620000,IMO9881380
257654000,IMO9493975
257661000,IMO9396153
257672000,IMO9191321
257674000,IMO9431836
257711000,IMO9191876
257712000,IMO9176395
257713000,IMO9075709
257714000,IMO9075711
257732000,IMO9409338
257758000,IMO9218648
257761000,IMO9367554
257763000,IMO9962677
257768000,IMO9669213
257771000,IMO9738208
257774000,IMO9724764
257791000,IMO9911654
257795000,IMO9307578
257798000,IMO7710410
257801000,IMO9307580
257807000,IMO9299290
257818000,IMO9698197
257831000,IMO9748461
257842000,IMO9593854
257844000,IMO9593866
257864000,IMO9684976
257869000,IMO9312470
257881000,IMO9701920
257887000,IMO1041831
257891000,IMO9701932
257953000,IMO9873278
257972000,IMO9744051
258002000,IMO9908475
258003000,IMO9801249
258005000,IMO9616840
258007000,IMO9603805
258008000,IMO9603790
258009000,IMO9593907
258011000,IMO9593892
258014000,IMO9593878
258030000,IMO9873280
258071000,IMO9951989
258075000,IMO9734989
258097000,IMO9744063
258102000,IMO9744087
258106000,IMO9295842
258136000,IMO9720847
258151000,IMO9719666
258251000,IMO9735000
258288000,IMO9744075
258297000,IMO9744104
258389000,IMO9684988
258491000,IMO9724776
258628000,IMO9684990
258720000,IMO9318474
258734000,IMO9310513
258758000,IMO9312482
258774000,IMO9186302
258775000,IMO9734991
258872000,IMO9706918
258882000,IMO9171280
258954000,IMO9071557
258964000,IMO9071569
258975000,IMO9673381
258977000,IMO9673379
258981000,IMO9342205
259001000,IMO9179725
259006000,IMO9484845
259023000,IMO9138513
259024000,IMO9515395
259075000,IMO9710737
259093000,IMO9490791
259099000,IMO9490870
259135000,IMO9698185
259164000,IMO9432490
259165000,IMO9774850
259274000,IMO9710749
259303000,IMO9762845
259545000,IMO9490844
259645000,IMO9207510
259701000,IMO9490806
259705000,IMO9155303
259709000,IMO9368912
259725000,IMO9103128
259732000,IMO9384540
259733000,IMO7931454
259739000,IMO9382396
259795000,IMO9475181
259805000,IMO9377511
259885000,IMO9103130
259895000,IMO9377523
259951000,IMO9520936
259976000,IMO9430519
262005000,IMO9575981
262006000,IMO9582427
262007000,IMO9693496
262008000,IMO9693501
265012000,IMO9700524
265021000,IMO7616250
265050000,IMO9945590
265055000,IMO9945617
265491000,IMO9189251
265827240,IMO9731640
265884000,IMO9240160
266261000,IMO9332937
266282000,IMO9377494
266283000,IMO9377509
266338000,IMO9505041
266339000,IMO9505027
269021000,IMO9539377
269023000,IMO9493963
269025000,IMO9583110
269038000,IMO9520950
269047000,IMO9775373
269056000,IMO9710048
269066000,IMO9775385
269084000,IMO9694945
269085000,IMO9694933
269095000,IMO9731248
269308000,IMO9694921
269837000,IMO9542829
271001254,IMO9245249
271002721,IMO9224673
271042325,IMO9574169
271042433,IMO9365855
271042759,IMO9365867
271042805,IMO9442500
271043028,IMO9365879
271043241,IMO9108257
271044570,IMO9740653
271048031,IMO9550321
271051270,IMO9370795
271052065,IMO9336036
273291380,IMO9436331
275542000,IMO9962964
303189000,IMO9215696
303210000,IMO9316139
303340000,IMO9526502
303348100,IMO8862739
303352000,IMO9295220
303411000,IMO9097288
303436000,IMO9043835
303530000,IMO9505089
303553000,IMO9730309
303582000,IMO9629988
303583000,IMO9938327
303584000,IMO9273686
303657000,IMO9333010
303829025,IMO9578971
303829026,IMO9578983
303829046,IMO9578969
303845000,IMO9232242
303923000,IMO8211306
303924000,IMO8211291
303932000,IMO7826178
303940000,IMO7826166
304010228,IMO9197466
304010886,IMO9193800
304010983,IMO9204934
304043000,IMO9436329
304053000,IMO9508419
304060000,IMO9266566
304080796,IMO9147681
304094000,IMO9700392
304122000,IMO9355434
304127000,IMO9347841
304161000,IMO9539377
304200000,IMO9362633
304251000,IMO9228617
304262000,IMO9346421
304330000,IMO9473248
304332000,IMO9473236
304342000,IMO9736183
304343000,IMO9736195
304364000,IMO9239288
304373000,IMO9235385
304460000,IMO9252876
304479000,IMO9266308
304489000,IMO9413901
304509000,IMO9508407
304512000,IMO9266310
304519000,IMO9885283
304521000,IMO9415143
304523000,IMO9885295
304543000,IMO9885300
304571000,IMO9463578
304577000,IMO9266554
304580000,IMO9372925
304581000,IMO9415040
304587000,IMO9290074
304596000,IMO9061253
304599000,IMO9521849
304603000,IMO9283538
304617000,IMO9685097
304676000,IMO9294977
304679000,IMO9291963
304726000,IMO9283966
304746000,IMO9291975
304813000,IMO9238686
304824000,IMO9812004
304869000,IMO9349289
304881000,IMO9362621
304882000,IMO9081289
304883000,IMO9736200
304888000,IMO9736212
304906000,IMO9344239
304909000,IMO9356414
304918000,IMO9081320
304939000,IMO9329643
304948000,IMO9430222
304954000,IMO9347827
304959000,IMO9431331
304968000,IMO9347047
304994000,IMO9347839
305024000,IMO9369069
305030000,IMO9614701
305034000,IMO9347853
305048000,IMO9427079
305056000,IMO9357200
305063000,IMO9388883
305065000,IMO9337236
305066000,IMO9384318
305075000,IMO9333058
305081000,IMO9963401
305086000,IMO9963413
305087000,IMO9428786
305089000,IMO9344370
305097000,IMO9421116
305108000,IMO9427081
305113000,IMO9369071
305121000,IMO9303314
305122000,IMO9934266
305131000,IMO9964429
305140000,IMO9355472
305141000,IMO9500077
305146000,IMO9213935
305152000,IMO9360192
305157000,IMO9213959
305159000,IMO9357224
305160000,IMO9357236
305161000,IMO9435105
305164000,IMO9376488
305172000,IMO9435026
305176000,IMO9344394
305177000,IMO9402055
305179000,IMO9193812
305187000,IMO9360207
305204000,IMO9370109
305205000,IMO9370111
305222000,IMO9402067
305230000,IMO9415296
305245000,IMO9435117
305246000,IMO9435129
305276000,IMO9614696
305277000,IMO9346005
305293000,IMO9386988
305302000,IMO9433327
305305000,IMO9438573
305315000,IMO9369095
305343000,IMO9407574
305345000,IMO9311787
305347000,IMO9311775
305361000,IMO9435856
305366000,IMO9484194
305367000,IMO9484209
305372000,IMO9436965
305375000,IMO9438585
305380000,IMO9500053
305392000,IMO9407586
305404000,IMO9435868
305410000,IMO9500065
305413000,IMO9467017
305434000,IMO9736224
305459000,IMO9433298
305460000,IMO9501241
305461000,IMO9501253
305462000,IMO9501265
305463000,IMO9501277
305469000,IMO9468085
305470000,IMO9468097
305472000,IMO9407598
305480000,IMO9501863
305514000,IMO9474371
305529000,IMO9508304
305533000,IMO9501875
305535000,IMO9546796
305536000,IMO9407603
305538000,IMO9445887
305540000,IMO9944778
305543000,IMO9736236
305546000,IMO9484223
305560000,IMO9511636
305561000,IMO9511648
305590000,IMO9508380
305598000,IMO9535591
305616000,IMO9457103
305621000,IMO9505510
305623000,IMO9202091
305624000,IMO9605891
305625000,IMO9593658
305630000,IMO9593660
305653000,IMO9434931
305655000,IMO9517422
305656000,IMO9535606
305657000,IMO9605906
305663000,IMO9506734
305669000,IMO9484235
305679000,IMO9467005
305682000,IMO9571375
305691000,IMO9512381
305700000,IMO9535618
305703000,IMO9484247
305716000,IMO1056264
305717000,IMO9563706
305718000,IMO9504724
305719000,IMO9504736
305737000,IMO9620669
305738000,IMO9620657
305740000,IMO9506746
305749000,IMO9559872
305755000,IMO9571387
305756000,IMO9571399
305757000,IMO9508421
305760000,IMO1056288
305767000,IMO9415052
305776000,IMO9506758
305790000,IMO9362827
305792000,IMO9508433
305796000,IMO9539389
305799000,IMO9290048
305803000,IMO9811983
305806000,IMO9811995
305822000,IMO9559884
305823000,IMO9508457
305825000,IMO9559896
305826000,IMO9559901
305853000,IMO9563720
305854000,IMO9504748
305855000,IMO9504786
305856000,IMO9563732
305859000,IMO9504798
305864000,IMO9508469
305865000,IMO9508471
305866000,IMO9415064
305869000,IMO9549566
305885000,IMO9508483
305908000,IMO9563744
305931000,IMO9240548
305933000,IMO9549592
305955000,IMO9452218
305961000,IMO9631345
305962000,IMO9255725
305969000,IMO9634684
305996000,IMO9583055
305997000,IMO9506148
306039000,IMO9618783
308015000,IMO9321249
308090000,IMO9015187
308124000,IMO9015216
308126000,IMO9030149
308299000,IMO7915412
308369000,IMO9357315
308397000,IMO8007793
308438000,IMO9030137
308599000,IMO9311854
308695000,IMO8308147
308717000,IMO9138094
308726000,IMO9210438
308808000,IMO9361809
308876000,IMO9320336
308921000,IMO9311866
308976000,IMO7926162
309046000,IMO9321237
309075000,IMO9014755
309108000,IMO9357298
309116000,IMO9377717
309193000,IMO9007489
309253000,IMO9357303
309285000,IMO9318498
309369000,IMO9338826
309509000,IMO9338620
309587000,IMO9107306
309689000,IMO8912120
309716000,IMO9014767
309761000,IMO9107318
309764000,IMO9077082
309785000,IMO9143740
309822000,IMO7926174
309841000,IMO9008732
309847000,IMO9327748
309901000,IMO9321251
309905000,IMO9357327
309955000,IMO9318503
309996000,IMO9151826
310132000,IMO9108128
310133000,IMO9108130
310764000,IMO9143544
310765000,IMO9143568
310768000,IMO9143556
310825000,IMO9232577
310847000,IMO9558218
311000076,IMO9585558
311000080,IMO9601168
311000083,IMO9529530
311000085,IMO9650937
311000092,IMO9515228
311000101,IMO9441623
311000102,IMO9672416
311000103,IMO9660798
311000104,IMO9672404
311000114,IMO9607083
311000119,IMO9649031
311000131,IMO9696096
311000137,IMO9660061
311000144,IMO9658941
311000153,IMO9635456
311000157,IMO9336880
311000187,IMO9690523
311000188,IMO9690535
311000193,IMO9567740
311000195,IMO9635468
311000206,IMO9682760
311000235,IMO9687162
311000239,IMO9636436
311000243,IMO9700287
311000296,IMO9489168
311000298,IMO9412294
311000315,IMO9692789
311000316,IMO9692777
311000321,IMO9690547
311000322,IMO9690559
311000327,IMO9731236
311000342,IMO9727405
311000368,IMO9138111
311000376,IMO9737058
311000384,IMO9738753
311000398,IMO9589683
311000400,IMO9726023
311000403,IMO9710139
311000408,IMO9731224
311000421,IMO9228734
311000424,IMO9755737
311000427,IMO9731822
311000430,IMO9574858
311000441,IMO9701267
311000442,IMO9701255
311000458,IMO9736810
311000459,IMO9736808
311000508,IMO9600982
311000537,IMO9767431
311000541,IMO9782209
311000552,IMO9726035
311000558,IMO9767728
311000565,IMO9790919
311000566,IMO9749996
311000570,IMO9726047
311000584,IMO9742455
311000614,IMO9773313
311000622,IMO9749295
311000624,IMO9539729
311000630,IMO9523251
311000641,IMO9817561
311000646,IMO9770543
311000651,IMO9729025
311000663,IMO9801263
311000673,IMO9363273
311000685,IMO9336086
311000705,IMO9336062
311000713,IMO9795971
311000715,IMO9580118
311000716,IMO9828297
311000724,IMO9143099
311000732,IMO9843364
311000738,IMO9401829
311000756,IMO9550266
311000767,IMO9370381
311000779,IMO9770555
311000782,IMO9128049
311000788,IMO9191498
311000789,IMO9636448
311000791,IMO9128051
311000796,IMO9159103
311000804,IMO9191474
311000808,IMO9405162
311000813,IMO9749233
311000824,IMO9738870
311000825,IMO9401879
311000832,IMO9867059
311000834,IMO9181168
311000841,IMO9713961
311000847,IMO9837298
311000853,IMO9765861
311000855,IMO9159115
311000857,IMO9363663
311000859,IMO9748071
311000876,IMO9330056
311000877,IMO9852705
311000886,IMO9612313
311000897,IMO9710579
311000898,IMO9710567
311000899,IMO9401984
311000905,IMO9183776
311000906,IMO9120334
311000907,IMO9138109
311000921,IMO9356309
311000922,IMO9356311
311000923,IMO9454436
311000924,IMO9527518
311000933,IMO9478482
311000972,IMO9016674
311000980,IMO9623051
311000985,IMO9691498
311000991,IMO9887346
311000992,IMO8802090
311000996,IMO9573804
311001003,IMO8909070
311001014,IMO9641819
311001015,IMO9186780
311001022,IMO9696852
311001027,IMO9160724
311001032,IMO9339442
311001036,IMO9541813
311001070,IMO9687136
311001071,IMO9687148
311001073,IMO8706777
311001075,IMO9696797
311001076,IMO8311120
311001077,IMO8311118
311001082,IMO9522817
311001083,IMO9167801
311001084,IMO9172959
311001087,IMO9460801
311001110,IMO9401831
311001124,IMO9324150
311001132,IMO9668934
311001134,IMO9527960
311001136,IMO9460796
311001144,IMO9832432
311001156,IMO9652569
311001163,IMO1015466
311001188,IMO9733284
311001214,IMO9510371
311001216,IMO9691046
311001218,IMO9275050
311001220,IMO9452907
311001244,IMO9227027
311001246,IMO9782948
311001247,IMO9644550
311001248,IMO9607095
311001257,IMO9599078
311001274,IMO9748473
311001288,IMO9586320
311001318,IMO9657870
311001329,IMO9659737
311001337,IMO9419254
311001341,IMO9715490
311001345,IMO9227039
311001353,IMO9970636
311001374,IMO9659751
311001384,IMO9659749
311001385,IMO9730452
311001416,IMO9365790
311001454,IMO9658965
311001547,IMO9982720
311001548,IMO9982718
311001549,IMO9952488
311001561,IMO1016484
311001589,IMO9512056
311001598,IMO9688221
311001601,IMO9317406
311001605,IMO9317418
311001607,IMO9343493
311001609,IMO9613848
311001613,IMO9644524
311001614,IMO9613874
311001615,IMO9502336
311001617,IMO9343510
311001618,IMO9613836
311001621,IMO9363637
311001622,IMO9117739
311001623,IMO9117741
311001624,IMO9371062
311001625,IMO9401788
311001626,IMO9380764
311001627,IMO9144354
311001628,IMO9160803
311001629,IMO9233454
311001630,IMO9074078
311001632,IMO1042110
311001641,IMO9233466
311001642,IMO9609457
311001645,IMO9764104
311001655,IMO9952452
311001659,IMO9999682
311002500,IMO9314624
311002800,IMO9391579
311002900,IMO9441506
311003100,IMO9391593
311003200,IMO9391581
311003300,IMO9391567
311003400,IMO9388716
311003500,IMO9361835
311003600,IMO9361823
311003900,IMO9446881
311004900,IMO9338838
311005600,IMO9346847
311005700,IMO9386914
311005800,IMO9386926
311008600,IMO9395630
311008700,IMO9395628
311011500,IMO9438054
311013600,IMO9338840
311013800,IMO9393620
311013900,IMO9423786
311014100,IMO9423798
311015100,IMO9338852
311015600,IMO9300192
311016600,IMO9406104
311017800,IMO9393632
311018000,IMO9488097
311018300,IMO9393448
311018800,IMO9385477
311019100,IMO9295842
311024500,IMO9493652
311024800,IMO9493676
311025400,IMO9445708
311025800,IMO9402122
311028600,IMO9287194
311029800,IMO9452593
311032100,IMO9403059
311033200,IMO9406128
311033300,IMO9569944
311033500,IMO9441984
311035300,IMO9542520
311035400,IMO9542532
311035600,IMO9542544
311036200,IMO9605853
311036300,IMO9605865
311037100,IMO9409534
311039000,IMO9210440
311040600,IMO9441520
311040700,IMO9441556
311040800,IMO9441568
311043100,IMO9451238
311044300,IMO9008706
311044400,IMO9007532
311044500,IMO9007544
311045300,IMO9584059
311046100,IMO9346811
311048200,IMO9453107
311048300,IMO9455715
311049400,IMO9351737
311052200,IMO9449247
311052700,IMO9441570
311053100,IMO9530955
311053300,IMO9589140
311053400,IMO9593402
311053500,IMO9589152
311053600,IMO9602772
311054300,IMO9441594
311054400,IMO9441582
311055200,IMO9594248
311055300,IMO9594236
311055400,IMO9594224
311055500,IMO9594250
311056900,IMO9600994
311057100,IMO9640956
311057300,IMO9600970
311058600,IMO9496264
311060500,IMO9220859
311061600,IMO9582116
311062200,IMO8903167
311062300,IMO8819938
311062400,IMO8819926
311063100,IMO9590577
311064200,IMO9597109
311064700,IMO9543615
311064800,IMO9607007
311064900,IMO9607019
311070400,IMO9612143
311072300,IMO9441609
311072400,IMO9441611
311088000,IMO8408882
311288000,IMO9232814
311358000,IMO9346823
311379000,IMO9346835
311408000,IMO9237307
311475000,IMO9237319
311594000,IMO9277814
311595000,IMO9277802
311668000,IMO8917584
311695000,IMO9277826
311696000,IMO9277838
311697000,IMO9285615
311698000,IMO9285641
311744000,IMO9235141
311828000,IMO9285029
311829000,IMO9285122
311831000,IMO9285134
311918000,IMO9267924
311919000,IMO9267912
311921000,IMO9285639
311922000,IMO9285627
314033000,IMO9708942
314147000,IMO9761322
314148000,IMO9761334
314263000,IMO9368857
314277000,IMO9363534
314295000,IMO9402081
314296000,IMO9402093
314311000,IMO9425813
314312000,IMO9425825
314410000,IMO9488059
314427000,IMO9762364
314428000,IMO9762376
314449000,IMO9508316
314450000,IMO9303302
314452000,IMO9651541
314467000,IMO9700380
314482000,IMO9859789
314483000,IMO9848649
314485000,IMO9875197
314486000,IMO9861079
314507000,IMO9888003
314508000,IMO9902407
314509000,IMO9905277
314542000,IMO9299460
314569000,IMO8525111
314626000,IMO9586435
314685000,IMO9588380
314691000,IMO9929352
314693000,IMO9947299
314694000,IMO9947304
314697000,IMO9985667
314714000,IMO9416446
314779000,IMO9571387
314850000,IMO9972529
314864000,IMO9736212
314871000,IMO9748241
314904000,IMO9598074
314927000,IMO9700392
316001712,IMO5287847
316002050,IMO9239343
319029800,IMO9503964
319057600,IMO9643180
319058000,IMO9539183
319073100,IMO9711286
319076100,IMO9711298
319093100,IMO9757929
319125100,IMO9518062
319130500,IMO9748277
319132300,IMO9478937
319144400,IMO9755842
319153600,IMO9572082
319155200,IMO9304083
319156500,IMO9454084
319157400,IMO9399105
319192100,IMO9414462
319192200,IMO9313503
319200700,IMO9337614
319211600,IMO9468310
319213600,IMO9698434
319219200,IMO9356713
319366000,IMO9503988
319392000,IMO9515474
319409000,IMO9561277
319653000,IMO9368845
319740000,IMO9403281
319819000,IMO9476757
319875000,IMO9229697
319995000,IMO9503990
325111400,IMO9743045
338009000,IMO9339818
338034000,IMO9292319
338055000,IMO9530058
338058000,IMO9332949
338071000,IMO9342176
338078000,IMO9348649
338100000,IMO9289659
338121000,IMO9814600
338145000,IMO9375264
338172000,IMO9938365
338174000,IMO9704269
338217000,IMO9228136
338219000,IMO9228148
338225000,IMO9654220
338228000,IMO9191515
338241000,IMO9333022
338273000,IMO9538907
338324000,IMO9251808
338403000,IMO9333008
338408000,IMO9332975
338418000,IMO9332999
338446000,IMO9418987
338454000,IMO8964850
338474000,IMO9333034
338492000,IMO9316141
338525000,IMO9332987
338619000,IMO9332547
338640000,IMO9080297
338657000,IMO9181560
338678000,IMO8225931
338679000,IMO9538658
338721000,IMO9981922
338731000,IMO9198501
338753000,IMO9753519
338794000,IMO9332925
338796000,IMO9814612
338806000,IMO9178355
338815000,IMO9232230
338846000,IMO9147320
338881000,IMO9938377
338902000,IMO9231664
338919000,IMO6621662
338924074,IMO9668984
338924075,IMO9668972
338931000,IMO9145449
338947002,IMO0000000
338991000,IMO7925314
345010030,IMO8203634
345020003,IMO9379870
345040010,IMO9506514
345090024,IMO9686156
351008000,IMO9582972
351011000,IMO9866653
351026000,IMO9553488
351031000,IMO9553050
351034000,IMO9303211
351047000,IMO9782156
351101000,IMO9863819
351120000,IMO9588873
351124000,IMO9205976
351126000,IMO9409338
351132000,IMO9392119
351148000,IMO9874973
351177000,IMO9847853
351184000,IMO9782663
351187000,IMO9623116
351217000,IMO9696424
351224000,IMO9514353
351225000,IMO9644055
351237000,IMO9659830
351248000,IMO9251690
351249000,IMO9312975
351260000,IMO9518074
351275000,IMO9520948
351321000,IMO9481257
351335000,IMO9496226
351340000,IMO9207388
351353000,IMO9744996
351356000,IMO8715857
351359000,IMO9894624
351361000,IMO9399026
351374000,IMO9658771
351392000,IMO9338709
351398000,IMO9374210
351399000,IMO9724178
351400000,IMO9316347
351421000,IMO9722467
351427000,IMO9577460
351445000,IMO9729879
351446000,IMO9338723
351462000,IMO9727132
351473000,IMO9235050
351522000,IMO9713492
351546000,IMO9500986
351550000,IMO9644744
351567000,IMO9149835
351571000,IMO9850575
351573000,IMO9852822
351578000,IMO9365441
351600000,IMO9839064
351604000,IMO9622796
351606000,IMO9614309
351628000,IMO9638460
351638000,IMO9573866
351647000,IMO9680360
351658000,IMO9520637
351665000,IMO9320362
351673000,IMO9445629
351675000,IMO9110389
351698000,IMO9412749
351700000,IMO9285108
351733000,IMO9565546
351754000,IMO9636462
351755000,IMO9774276
351757000,IMO9182356
351758000,IMO9580493
351780000,IMO9267675
351783000,IMO9634634
351785000,IMO9579781
351796000,IMO9668269
351801000,IMO9410595
351805000,IMO9687083
351811000,IMO9478999
351819000,IMO9618288
351828000,IMO9279331
351831000,IMO9720055
351848000,IMO9467457
351867000,IMO9546095
351878000,IMO9487421
351887000,IMO9187289
351893000,IMO9477232
351908000,IMO9721877
351916000,IMO9461154
351928000,IMO9423255
351952000,IMO9529580
351954000,IMO9542855
351983000,IMO9832638
351988000,IMO9582544
351989000,IMO9131058
351994000,IMO9707821
352001003,IMO8716966
352001035,IMO9723148
352001037,IMO9922287
352001056,IMO9336581
352001121,IMO9934931
352001125,IMO9820996
352001129,IMO9166704
352001142,IMO9713909
352001154,IMO9737125
352001160,IMO9919541
352001162,IMO9427938
352001168,IMO9290426
352001169,IMO9373606
352001173,IMO9326342
352001176,IMO9911977
352001183,IMO9737694
352001184,IMO9699335
352001187,IMO9699361
352001188,IMO9926013
352001219,IMO9423516
352001233,IMO9131955
352001246,IMO9911989
352001258,IMO9914008
352001262,IMO9926025
352001266,IMO9919656
352001300,IMO9925772
352001313,IMO9665619
352001354,IMO9657856
352001355,IMO9657844
352001358,IMO9941398
352001364,IMO9926063
352001367,IMO9289544
352001386,IMO9935442
352001395,IMO9169342
352001401,IMO9926049
352001434,IMO9913030
352001438,IMO9897975
352001449,IMO9593751
352001459,IMO9936850
352001460,IMO9933195
352001472,IMO9188908
352001517,IMO9926037
352001532,IMO9936757
352001543,IMO9943554
352001553,IMO9926075
352001558,IMO9941532
352001570,IMO9932763
352001585,IMO9935806
352001586,IMO9935818
352001592,IMO9933236
352001593,IMO9947225
352001598,IMO9925746
352001690,IMO9942029
352001703,IMO9936769
352001719,IMO9929338
352001743,IMO9938614
352001784,IMO9933028
352001811,IMO9933248
352001812,IMO9124926
352001831,IMO9338694
352001832,IMO9926087
352001835,IMO9932139
352001854,IMO9942160
352001856,IMO9950911
352001882,IMO9951800
352001918,IMO9952414
352001920,IMO9448140
352001939,IMO9937244
352001985,IMO9225524
352002017,IMO9949467
352002033,IMO9400930
352002046,IMO9539248
352002064,IMO9943566
352002068,IMO9932775
352002071,IMO9663324
352002128,IMO9942196
352002141,IMO9952426
352002148,IMO9937256
352002165,IMO9926594
352002187,IMO9942081
352002214,IMO9539365
352002216,IMO9294214
352002231,IMO9708746
352002238,IMO9942110
352002245,IMO9928190
352002256,IMO9942043
352002271,IMO9401362
352002283,IMO9947237
352002338,IMO9496161
352002358,IMO9965019
352002362,IMO9949479
352002379,IMO9135468
352002391,IMO9928205
352002396,IMO9951812
352002400,IMO9951795
352002407,IMO9966104
352002433,IMO9941972
352002445,IMO9965473
352002447,IMO9684471
352002453,IMO9952464
352002472,IMO9959436
352002478,IMO9933250
352002496,IMO9951903
352002520,IMO9965461
352002554,IMO9951927
352002567,IMO9381873
352002593,IMO9945526
352002605,IMO9933262
352002625,IMO9928217
352002632,IMO9949687
352002640,IMO9942213
352002669,IMO9965617
352002693,IMO9959723
352002694,IMO9515474
352002703,IMO9973042
352002706,IMO9789049
352002718,IMO9966087
352002727,IMO9942005
352002742,IMO9951915
352002746,IMO9972426
352002781,IMO9338711
352002798,IMO9431630
352002807,IMO9937567
352002816,IMO9949699
352002868,IMO9952438
352002887,IMO9789051
352002890,IMO9937579
352002891,IMO9950894
352002915,IMO9972438
352002944,IMO9979204
352002945,IMO9968970
352002963,IMO9969168
352002979,IMO9972440
352002990,IMO9947263
352002997,IMO9928229
352003021,IMO9792711
352003032,IMO9951771
352003063,IMO9897925
352003071,IMO9950909
352003082,IMO9502855
352003083,IMO9950533
352003115,IMO9805702
352003120,IMO9968982
352003121,IMO9972452
352003132,IMO9937581
352003134,IMO9542831
352003136,IMO9959462
352003160,IMO9972646
352003161,IMO9969027
352003165,IMO9979125
352003208,IMO9989261
352003250,IMO9984534
352003302,IMO9979137
352003325,IMO9968334
352003424,IMO9989948
352003435,IMO9972012
352003458,IMO9189926
352003525,IMO9947287
352003575,IMO9979278
352003598,IMO9310575
352003624,IMO9991276
352003641,IMO9991238
352003653,IMO9991070
352003657,IMO9972634
352003685,IMO9956886
352003693,IMO9984493
352003702,IMO9285354
352003803,IMO9984168
352003805,IMO9478626
352003813,IMO9514004
352003837,IMO9969065
352003844,IMO9992268
352003845,IMO9964857
352003865,IMO9977945
352003897,IMO9972531
352003898,IMO9989950
352003919,IMO9991082
352003967,IMO9953781
352003983,IMO9974101
352004008,IMO9984170
352004036,IMO9982990
352004044,IMO9972036
352004052,IMO1020760
352004080,IMO9996977
352004100,IMO1013676
352004116,IMO9964869
352004121,IMO9961934
352004129,IMO9406087
352004149,IMO9991226
352004163,IMO1014137
352004204,IMO9970234
352004280,IMO9991202
352004318,IMO1013652
352004319,IMO1014125
352004352,IMO9826433
352004369,IMO9991159
352004408,IMO9699957
352004430,IMO9519200
352004433,IMO9979228
352004482,IMO9964871
352004518,IMO9984558
352004548,IMO9742390
352004564,IMO9974113
352004596,IMO1014151
352004609,IMO9964895
352004653,IMO9985526
352004669,IMO1036044
352004681,IMO9370422
352004705,IMO1017543
352004714,IMO9982809
352004744,IMO9964510
352004792,IMO9990674
352004818,IMO9977816
352004819,IMO9964883
352004883,IMO9319595
352004895,IMO1024534
352004908,IMO9973054
352005009,IMO1015351
352005013,IMO9737149
352005098,IMO1036006
352005162,IMO9606039
352005173,IMO1030882
352005215,IMO9354648
352005218,IMO9990698
352005219,IMO1015583
352005249,IMO1028657
352005266,IMO1036513
352005335,IMO1036123
352005373,IMO1031848
352005489,IMO1049261
352005632,IMO1057103
352005728,IMO9320013
352005731,IMO9320001
352005779,IMO9491599
352005860,IMO1057177
352005950,IMO1048970
352006030,IMO9606041
352006082,IMO1033535
352006136,IMO9521875
352012000,IMO9758466
352023000,IMO9561954
352027000,IMO9207754
352031000,IMO9459163
352044000,IMO9641833
352062000,IMO9209506
352082000,IMO9738961
352111000,IMO9850812
352135000,IMO9604122
352140000,IMO9230490
352142000,IMO9293648
352149000,IMO9737486
352157000,IMO9158563
352163000,IMO9511052
352166000,IMO9597422
352202000,IMO9574846
352212000,IMO9079157
352244000,IMO9781994
352246000,IMO9579638
352283000,IMO9209271
352292000,IMO9636395
352300000,IMO9524035
352335000,IMO9226920
352346000,IMO9043768
352359000,IMO9176670
352361000,IMO9399038
352367000,IMO9623764
352369000,IMO9687760
352383000,IMO9861213
352411000,IMO9908451
352426000,IMO9803417
352467000,IMO9370238
352469000,IMO9878694
352476000,IMO9567257
352505000,IMO9451628
352506000,IMO9610444
352508000,IMO9633252
352546000,IMO9883003
352582000,IMO9599066
352583000,IMO7816903
352586000,IMO9518206
352589000,IMO9798844
352597000,IMO9692739
352606000,IMO9764104
352619000,IMO9618290
352630000,IMO9446611
352631000,IMO9345427
352633000,IMO9622837
352652000,IMO9404766
352675000,IMO9224532
352676000,IMO9881146
352686000,IMO9072501
352690000,IMO9301055
352692000,IMO9607813
352715000,IMO9642174
352718000,IMO9574066
352721000,IMO9383508
352732000,IMO9574078
352753000,IMO9510034
352802000,IMO8307753
352821000,IMO9609354
352822000,IMO9312999
352834000,IMO9732448
352843000,IMO9539535
352864000,IMO9763887
352870000,IMO9251705
352871000,IMO9339284
352879000,IMO9284776
352882000,IMO9354208
352888000,IMO9775139
352892000,IMO9284893
352898685,IMO9932115
352898687,IMO9914486
352898697,IMO9921623
352898705,IMO9928035
352898725,IMO9913535
352898749,IMO9443384
352898762,IMO9898993
352898773,IMO9919668
352898775,IMO9919670
352898778,IMO9701293
352898799,IMO9913999
352898819,IMO9919553
352905000,IMO9293882
352915000,IMO9252216
352927000,IMO9826835
352929000,IMO9381665
352935000,IMO9247572
352948000,IMO9278155
352952000,IMO9606314
352955000,IMO9508718
352978124,IMO9921855
352978137,IMO9913987
352978143,IMO9916214
352978148,IMO9695119
352978155,IMO9324667
352978194,IMO9878515
352978219,IMO9430222
352978234,IMO9932103
352978240,IMO9595151
352978246,IMO9911422
352978268,IMO9905265
352978277,IMO9590917
352978280,IMO9908229
352980770,IMO9916226
352980796,IMO9561265
352980797,IMO9397999
352980798,IMO9397987
352980863,IMO9449352
352980867,IMO9920057
352983000,IMO9279989
352986128,IMO9863869
352986134,IMO9880128
352986140,IMO9905253
352986143,IMO9863871
352986151,IMO9520675
352986158,IMO9921843
352986159,IMO9878503
352986187,IMO9897597
352986189,IMO9908437
352986193,IMO9912361
352993000,IMO9474723
352999885,IMO9459149
353006000,IMO9597678
353013000,IMO9728083
353025000,IMO9337664
353033000,IMO9448138
353038000,IMO9797682
353051000,IMO9401142
353054000,IMO9800855
353062000,IMO9866407
353081000,IMO9450167
353090000,IMO9604859
353092000,IMO9643312
353093000,IMO9708758
353096000,IMO9482134
353100000,IMO9675573
353105000,IMO9726700
353111000,IMO9292175
353117000,IMO9306172
353123000,IMO9875721
353146000,IMO9438391
353155000,IMO9399052
353157000,IMO9423578
353160000,IMO9404663
353162000,IMO9399014
353163000,IMO9431185
353178000,IMO9607100
353184000,IMO9865568
353188000,IMO9539353
353191000,IMO9629677
353193000,IMO9542415
353204000,IMO9492098
353221000,IMO8318087
353229000,IMO9873163
353233000,IMO9668312
353245000,IMO9528158
353246000,IMO9203112
353251000,IMO9446439
353260000,IMO9659921
353275000,IMO9860582
353289000,IMO9372482
353321000,IMO9687069
353325000,IMO9434539
353332000,IMO9363948
353393000,IMO9511430
353411000,IMO9302097
353414000,IMO9529592
353421000,IMO9496977
353424000,IMO9732412
353428000,IMO9467407
353443000,IMO9860609
353446000,IMO9810757
353453000,IMO9777838
353472000,IMO9476290
353478000,IMO9545170
353499000,IMO9250983
353511000,IMO9651034
353514000,IMO9267687
353518000,IMO9074913
353528000,IMO9873175
353544000,IMO9544712
353549000,IMO8317289
353560000,IMO9420320
353564000,IMO9774290
353577000,IMO9287778
353578000,IMO9518191
353579000,IMO9547154
353592000,IMO9588093
353601000,IMO9550670
353619000,IMO9461075
353639000,IMO9558256
353642000,IMO9303168
353647000,IMO9633185
353666000,IMO9230488
353667000,IMO9105322
353693000,IMO9454668
353702000,IMO9433664
353706000,IMO9827243
353710000,IMO9286906
353718000,IMO9087221
353719000,IMO9181663
353720000,IMO9864992
353732000,IMO9491575
353751000,IMO9757943
353772000,IMO9897810
353775000,IMO9226932
353778000,IMO9700873
353798000,IMO9864394
353802000,IMO9760122
353804000,IMO9452919
353814000,IMO9478949
353821000,IMO9856311
353823000,IMO9116292
353826000,IMO9890680
353848000,IMO9158575
353862000,IMO9681508
353865000,IMO9811036
353873000,IMO9282261
353892000,IMO9258349
353903000,IMO9560352
353929000,IMO9749946
353931000,IMO9343560
353933000,IMO9481233
353934000,IMO9282259
353941000,IMO9817535
353943000,IMO9561253
353968000,IMO9281279
353995000,IMO9182174
353997000,IMO9757204
354013000,IMO9713466
354022000,IMO9850824
354048000,IMO9656400
354053000,IMO9433054
354060000,IMO9624299
354084000,IMO9573842
354091000,IMO9774329
354101000,IMO9713820
354120000,IMO9463267
354124000,IMO9546801
354141000,IMO9520900
354149000,IMO9445394
354162000,IMO9538983
354180000,IMO9590979
354184000,IMO9117868
354194000,IMO9249207
354196000,IMO9628570
354197000,IMO9638824
354199000,IMO9581174
354202000,IMO9281267
354203000,IMO9250220
354212000,IMO9337638
354227000,IMO9609524
354228000,IMO9755684
354249000,IMO9438377
354250000,IMO9604768
354256000,IMO7930668
354311000,IMO9749403
354315000,IMO9309461
354340000,IMO9226918
354345000,IMO9875109
354360000,IMO9566605
354363000,IMO9446489
354393000,IMO9414981
354394000,IMO9724180
354396000,IMO9565053
354410000,IMO9283887
354415000,IMO9279965
354421000,IMO9276767
354422000,IMO9380752
354423000,IMO9338864
354425000,IMO9487419
354429000,IMO9805726
354436000,IMO9667306
354455000,IMO9694854
354459000,IMO9851323
354462000,IMO9461398
354499000,IMO9304411
354501000,IMO9755854
354505000,IMO9181651
354508000,IMO9311244
354519000,IMO9894765
354530000,IMO9349813
354532000,IMO9674799
354552000,IMO9774264
354560000,IMO9438365
354589000,IMO9589695
354591000,IMO9284738
354604000,IMO9599913
354617000,IMO8011029
354625000,IMO9404651
354632000,IMO9311189
354634000,IMO9726841
354642000,IMO9496202
354643000,IMO9563627
354658000,IMO9579884
354662000,IMO9284764
354668000,IMO9392078
354701000,IMO9851335
354706000,IMO9473755
354709000,IMO9726504
354711000,IMO9155107
354712000,IMO9290282
354726000,IMO9495923
354727000,IMO9817925
354736000,IMO9434527
354739000,IMO9805312
354744000,IMO9339296
354745000,IMO9351579
354747000,IMO9618501
354751000,IMO9318113
354774000,IMO9433614
354777000,IMO9890903
354805000,IMO9086710
354822000,IMO9650925
354827000,IMO7396147
354839000,IMO9395147
354857000,IMO9774460
354868000,IMO9658783
354872000,IMO9708540
354879000,IMO9285110
354884000,IMO9249910
354886000,IMO9345415
354891000,IMO9337640
354896000,IMO9594925
354898000,IMO9384928
354899000,IMO9283875
354909000,IMO9780134
354928000,IMO9741437
354929000,IMO9479216
354962000,IMO9467885
354972000,IMO9275971
354973000,IMO9699701
354974000,IMO9544102
355002000,IMO9223980
355006000,IMO9353278
355024000,IMO9875020
355026000,IMO9633032
355029000,IMO9228306
355063000,IMO9648879
355077000,IMO9663245
355109000,IMO9782118
355132000,IMO9860623
355137000,IMO9181376
355139000,IMO9561289
355142000,IMO9642203
355148000,IMO9692741
355153000,IMO9623740
355170000,IMO9270907
355174000,IMO9561875
355211000,IMO9681493
355216000,IMO9251717
355219000,IMO9860300
355222000,IMO9355238
355234000,IMO9229398
355256000,IMO9767778
355271000,IMO9395161
355280000,IMO9454515
355283000,IMO9398383
355290000,IMO9590890
355304000,IMO9673197
355305000,IMO9203954
355308000,IMO9225677
355322000,IMO9552989
355328000,IMO9840506
355342000,IMO9474620
355369000,IMO9548574
355378000,IMO9782182
355395000,IMO9153563
355398000,IMO8517891
355400000,IMO9560364
355401000,IMO9426764
355410000,IMO9414149
355418000,IMO9700964
355433000,IMO9337626
355462000,IMO9785603
355469000,IMO9519511
355480000,IMO9550369
355485000,IMO9699725
355488000,IMO9536959
355494000,IMO9785988
355496000,IMO9881172
355506000,IMO9852925
355518000,IMO9454723
355528000,IMO9799769
355534000,IMO9667459
355540000,IMO9274939
355557000,IMO9317377
355558000,IMO9510151
355572000,IMO9774032
355576000,IMO9687693
355578000,IMO9874284
355581000,IMO9302102
355586000,IMO9427134
355594000,IMO9764075
355612000,IMO9687095
355646000,IMO9603996
355649000,IMO9247584
355650000,IMO9189926
355655000,IMO9606003
355663000,IMO9810769
355673000,IMO9658965
355677000,IMO9238583
355680000,IMO9574365
355703000,IMO9757230
355708000,IMO9279329
355716000,IMO8330528
355729000,IMO9539169
355745000,IMO9213454
355748000,IMO9496238
355760000,IMO9574377
355768000,IMO9574092
355783000,IMO9410600
355793000,IMO8310877
355797000,IMO9125217
355800000,IMO9622801
355817000,IMO9838436
355825000,IMO9732436
355835000,IMO9110274
355853000,IMO9775141
355857000,IMO9573907
355860000,IMO9460590
355867000,IMO9876048
355870000,IMO9836907
355872000,IMO9609627
355882000,IMO8511263
355886000,IMO9491680
355899000,IMO9563603
355911000,IMO9598012
355913000,IMO9785615
355919000,IMO9304423
355921000,IMO9856270
355922000,IMO9831517
355924000,IMO9519145
355953000,IMO9254628
355959000,IMO9599092
355972000,IMO9668881
355980000,IMO9476939
356006000,IMO9478822
356008000,IMO9164586
356010000,IMO9134177
356046000,IMO9450155
356066000,IMO9882322
356073000,IMO9519119
356087000,IMO9502829
356088000,IMO9288485
356093000,IMO9299549
356108000,IMO8318879
356110000,IMO9690511
356112000,IMO9305714
356124000,IMO9691151
356144000,IMO9478937
356188000,IMO9641924
356189000,IMO9660011
356205000,IMO9351581
356219000,IMO9713894
356222000,IMO9589786
356237000,IMO9425851
356244000,IMO9749972
356249000,IMO9110377
356285000,IMO9553000
356289000,IMO9703306
356298000,IMO9362700
356308000,IMO9490595
356309000,IMO9792022
356315000,IMO9700809
356320000,IMO9727297
356330000,IMO9372470
356334000,IMO9801158
356340000,IMO9708980
356398000,IMO9883508
356407000,IMO9604172
356408000,IMO9481245
356411000,IMO9528160
356413000,IMO9292230
356440000,IMO9625932
356546000,IMO9550371
356548000,IMO9689794
356555000,IMO9628128
356565000,IMO9444261
356571000,IMO9273909
356577000,IMO9273894
356579000,IMO9102746
356581000,IMO9345403
356585000,IMO9883015
356590000,IMO9465215
356624000,IMO9806304
356631000,IMO9740160
356643000,IMO9561801
356660000,IMO9681704
356668000,IMO9782625
356676000,IMO9454292
356680000,IMO9593816
356688000,IMO9738777
356701000,IMO9567245
356707000,IMO9659919
356708000,IMO9112272
356709000,IMO7116406
356718000,IMO9520663
356727000,IMO9580211
356744000,IMO9326158
356749000,IMO9781035
356752000,IMO9726516
356755000,IMO9870458
356760000,IMO9546100
356777000,IMO9642227
356779000,IMO9820972
356811000,IMO9317092
356822000,IMO9628568
356827000,IMO9864382
356844000,IMO9286877
356874000,IMO9728095
356879000,IMO9840972
356882000,IMO9442835
356909000,IMO9355252
356912000,IMO9811921
356941000,IMO9757228
356946000,IMO9251688
356956000,IMO9519133
356961000,IMO9477220
356963000,IMO9616046
357002000,IMO9668386
357016000,IMO9845879
357028000,IMO9531662
357046000,IMO9782974
357053000,IMO9909065
357067000,IMO9278143
357069000,IMO9490260
357072000,IMO8413942
357074000,IMO9799745
357075000,IMO9846287
357076000,IMO9675585
357077000,IMO9169158
357079000,IMO9402744
357086000,IMO9426776
357094000,IMO9869588
357096000,IMO9618276
357104000,IMO9502972
357106000,IMO9202649
357110000,IMO9633109
357114000,IMO9849564
357116000,IMO9727273
357146000,IMO9846330
357147000,IMO9610391
357169000,IMO9594389
357175000,IMO9416965
357180000,IMO9645566
357194000,IMO9727089
357209000,IMO9858292
357213000,IMO9482122
357247000,IMO9169316
357254000,IMO9719343
357262000,IMO9518098
357277000,IMO9379870
357279000,IMO9652480
357289000,IMO9317468
357320000,IMO9701190
357329000,IMO9763992
357330000,IMO9675743
357336000,IMO9169328
357347000,IMO9267663
357353000,IMO9561631
357357000,IMO9800879
357359000,IMO9860647
357370000,IMO9552408
357380000,IMO9203502
357388000,IMO9203526
357396000,IMO9678329
357399000,IMO9342736
357401000,IMO9875147
357405000,IMO9279977
357411000,IMO9209104
357422000,IMO9720079
357431000,IMO9580235
357437000,IMO9550292
357444000,IMO9102710
357451000,IMO9863170
357454000,IMO9851347
357455000,IMO9102722
357457000,IMO9775854
357458000,IMO9875032
357465000,IMO9566461
357480000,IMO9599183
357486000,IMO9855692
357494000,IMO9888871
357499000,IMO9304382
357513000,IMO9454058
357533000,IMO9711729
357547000,IMO9560376
357568000,IMO9537563
357591000,IMO9187576
357601000,IMO9196395
357604000,IMO9863106
357682000,IMO9181558
357694000,IMO9565560
357726000,IMO9452921
357737000,IMO9168867
357743000,IMO9615327
357758000,IMO9899399
357764000,IMO9768045
357777000,IMO9687215
357795000,IMO9553103
357802000,IMO9181479
357835000,IMO9434498
357839000,IMO9487586
357847000,IMO9705421
357891000,IMO9469560
357900000,IMO9206011
357919000,IMO9355044
357926000,IMO9467392
357928000,IMO9552355
357929000,IMO9409065
357957000,IMO9368900
357961000,IMO9207120
357977000,IMO9700574
357983000,IMO9184940
357984000,IMO9355501
357988000,IMO9567661
357993000,IMO9355032
357994000,IMO9597408
366101400,IMO9191200
366102000,IMO9448425
366138000,IMO9388144
366215000,IMO9296353
366230000,IMO9418975
366231000,IMO9126297
366418000,IMO9349526
366479000,IMO9121273
366503000,IMO6905288
366551000,IMO8200711
366562000,IMO7907984
366563000,IMO7907996
366574000,IMO6916433
366575000,IMO7226689
366576000,IMO9002037
366605000,IMO9043885
366607000,IMO9043938
366629000,IMO7729459
366663000,IMO9505065
366677000,IMO9213040
366734000,IMO7390129
366750000,IMO9210309
366758000,IMO7617905
366766000,IMO9407809
366771000,IMO9303546
366791000,IMO7729461
366799000,IMO7617890
366816910,IMO9260744
366838000,IMO7602259
366839000,IMO7530808
366841000,IMO7530810
366842000,IMO7616377
366845210,IMO0000000
366851610,IMO8976475
366893910,IMO5206362
366911650,IMO8980701
366954010,IMO9297747
366969950,IMO5203205
367049000,IMO8219384
367063280,IMO9126297
367070510,IMO8036586
367074110,IMO7366324
367078110,IMO9350379
367080000,IMO9938353
367093000,IMO9285500
367111870,IMO9399442
367123560,IMO8658102
367124980,IMO9271200
367125000,IMO9310109
367141680,IMO8302246
367166950,IMO9383780
367185000,IMO9498602
367186630,IMO7011632
367189890,IMO1193859
367190000,IMO7325253
367196000,IMO7908005
367211000,IMO7825423
367304000,IMO9302267
367309990,IMO8977754
367313120,IMO1603447
367332830,IMO9555682
367332840,IMO9555694
367348000,IMO8302442
367353660,IMO9501916
367357000,IMO9452866
367370000,IMO8302466
367371000,IMO8219396
367390890,IMO8741703
367400840,IMO9585089
367411370,IMO9585431
367413160,IMO8964458
367414810,IMO9184122
367422000,IMO9349514
367432220,IMO9585077
367433790,IMO9578737
367436760,IMO9536258
367438000,IMO9268538
367468270,IMO9603295
367486370,IMO9271195
367492110,IMO9399064
367503980,IMO9506722
367506560,IMO9568835
367510030,IMO9373759
367510770,IMO1236101
367514980,IMO9132234
367527000,IMO9273569
367530350,IMO9643520
367531780,IMO8842234
367535950,IMO9437335
367564890,IMO8987876
367567000,IMO8428583
367578740,IMO9218686
367581980,IMO9260794
367585890,IMO9647679
367585910,IMO9647576
367596840,IMO9647590
367596850,IMO9647681
367599260,IMO9712058
367602710,IMO9370692
367602790,IMO9095096
367606000,IMO9298686
367608620,IMO8975287
367612310,IMO9647693
367612470,IMO9647605
367612480,IMO9647617
367612490,IMO9647629
367612530,IMO9672600
367622660,IMO9207948
367641230,IMO9619684
367643740,IMO9742704
367645120,IMO9744623
367651380,IMO9724295
367653540,IMO9755090
367655260,IMO9670638
367665030,IMO9681821
367670000,IMO9688477
367689970,IMO9724283
367719640,IMO8793562
367721220,IMO9681833
367737720,IMO8983222
367746000,IMO9624885
367750000,IMO9388118
367754650,IMO9350379
367759000,IMO9305312
367766220,IMO131462900
367775000,IMO9298698
367776050,IMO8842416
367781000,IMO9349552
367782370,IMO9509970
367802000,IMO7714636
367810000,IMO9349552
367819000,IMO9232254
367822000,IMO7825394
367832000,IMO7227205
367833000,IMO7223508
367834000,IMO7234430
367852000,IMO9552006
368013860,IMO9679725
368016020,IMO8967852
368026000,IMO9218210
368031000,IMO9632583
368035830,IMO896482400
368042000,IMO9204570
368053000,IMO9311701
368086880,IMO8964769
368099310,IMO9734977
368099390,IMO9670080
368099430,IMO9700988
368100000,IMO9289659
368101000,IMO9175004
368146000,IMO9938339
368160000,IMO9322009
368183220,IMO1063439
368189190,IMO9264623
368224220,IMO8123509
368230820,IMO9469405
368237180,IMO9643087
368237190,IMO9622655
368242000,IMO9347499
368264720,IMO9385269
368269000,IMO9129706
368269780,IMO8998112
368270390,IMO9579157
368270970,IMO9694608
368305000,IMO9273674
368305620,IMO0000000
368308420,IMO0568812
368311960,IMO9382877
368311970,IMO9530034
368315650,IMO9199373
368324450,IMO9382865
368344630,IMO9529683
368357320,IMO8975287
368359000,IMO9349564
368364550,IMO9665334
368398460,IMO9685097
368400000,IMO9382853
368404010,IMO9724295
368444000,IMO9505039
368465000,IMO9273454
368473000,IMO9448114
368684000,IMO9077276
368707000,IMO9112727
368734000,IMO9117038
368784000,IMO9777890
368808000,IMO6924571
368850000,IMO7390105
368992000,IMO7303205
369006000,IMO9938389
369050000,IMO9274991
369207000,IMO9719056
369209000,IMO9719068
369215000,IMO9349502
369222000,IMO9777888
369224000,IMO9270115
369240000,IMO9551507
369246000,IMO9315202
369286000,IMO9270127
369293000,IMO9779214
369296000,IMO9244130
369309000,IMO9315197
369326000,IMO9177428
369327000,IMO9129706
369331000,IMO9645657
369339000,IMO9295218
369344000,IMO9278753
369355000,IMO9837092
369357000,IMO9837107
369363000,IMO9201645
369390000,IMO9314210
369462000,IMO9647514
369463000,IMO9647526
369527000,IMO9158288
369533000,IMO9690389
369543000,IMO9981910
369751000,IMO9400069
369818000,IMO9160853
369854000,IMO9271418
369886000,IMO9319806
369928000,IMO9593115
370011000,IMO9334234
370024000,IMO9527946
370030000,IMO9520819
370090000,IMO9713430
370095000,IMO9412751
370096000,IMO9581758
370101000,IMO9897937
370118000,IMO9439125
370130000,IMO9477816
370135000,IMO9438640
370137000,IMO9468724
370152000,IMO9909663
370185000,IMO9514042
370188000,IMO9345439
370189000,IMO9697894
370193000,IMO9623726
370215000,IMO9606871
370216000,IMO9458389
370230000,IMO9792034
370235000,IMO9375939
370254000,IMO9351593
370258000,IMO9482237
370271000,IMO9372494
370273000,IMO9349825
370290000,IMO9460033
370295000,IMO9392157
370299000,IMO9477919
370302000,IMO9464522
370314000,IMO9543263
370316000,IMO9846316
370320000,IMO9380271
370325000,IMO9461166
370341000,IMO9461439
370350000,IMO9616060
370361000,IMO9516868
370362000,IMO9603362
370363000,IMO9238521
370381000,IMO9580247
370392000,IMO9667722
370407000,IMO9388352
370413000,IMO9644043
370423000,IMO9392080
370453000,IMO9597812
370458000,IMO9458999
370475000,IMO9363106
370485000,IMO9782364
370508000,IMO9402706
370534000,IMO9425899
370544000,IMO9902304
370567000,IMO9383106
370574000,IMO9897901
370587000,IMO9302176
370594000,IMO9525429
370602000,IMO9866677
370633000,IMO9420291
370640000,IMO9501851
370644000,IMO9591052
370661000,IMO9464455
370677000,IMO9701047
370681000,IMO9676864
370696000,IMO9676101
370735000,IMO9326392
370737000,IMO9691515
370740000,IMO9888857
370744000,IMO9772802
370751000,IMO9206140
370761000,IMO9426130
370785000,IMO9423504
370808000,IMO9383429
370852000,IMO9409326
370865000,IMO9874985
370869000,IMO9477830
370879000,IMO9658680
370885000,IMO9470777
370892000,IMO9399002
370894000,IMO9401104
370918000,IMO9693769
370930000,IMO9398371
370937000,IMO9336907
370953000,IMO9679139
370962000,IMO9363699
370967000,IMO9383417
370968000,IMO9864679
370993000,IMO9401116
371007000,IMO9869590
371040000,IMO9536791
371046000,IMO9673173
371048000,IMO9328558
371051000,IMO9875666
371059000,IMO9289104
371060000,IMO9610432
371072000,IMO9476525
371085000,IMO9836919
371128000,IMO9783148
371129000,IMO9574860
371133000,IMO9672222
371140000,IMO9574054
371147000,IMO9339844
371148000,IMO9880013
371153000,IMO9699969
371161000,IMO9296781
371163000,IMO9316658
371172000,IMO9442873
371180000,IMO9518189
371185000,IMO9338890
371186000,IMO9866536
371208000,IMO9293454
371210000,IMO9694866
371215000,IMO9706736
371218000,IMO9401130
371222000,IMO9687203
371225000,IMO9885051
371228000,IMO9290531
371233000,IMO9441001
371243000,IMO9123154
371244000,IMO9780706
371245000,IMO9289116
371265000,IMO9659842
371274000,IMO9502958
371277000,IMO9860659
371282000,IMO9855563
371290000,IMO9691620
371293000,IMO9299109
371313000,IMO9727986
371318000,IMO9294343
371330000,IMO9692727
371355000,IMO9548732
371365000,IMO9846158
371374000,IMO9558218
371377000,IMO9644304
371383000,IMO9840881
371384000,IMO9303170
371389000,IMO9775177
371392000,IMO9873278
371410000,IMO9643958
371416000,IMO9610236
371420000,IMO9729881
371422000,IMO9286621
371427000,IMO9293911
371429000,IMO9347580
371441000,IMO9883091
371443000,IMO9110975
371449000,IMO9416977
371463000,IMO9550199
371466000,IMO9290543
371475000,IMO9295397
371478000,IMO9420265
371507000,IMO9687758
371513000,IMO8221404
371518000,IMO9805324
371519000,IMO9307059
371523000,IMO9317133
371545000,IMO9303510
371559000,IMO9294355
371563000,IMO9777814
371567000,IMO9856309
371570000,IMO9296315
371576000,IMO9768033
371581000,IMO9799707
371582000,IMO9467419
371586000,IMO9875018
371590000,IMO9584906
371598000,IMO9853632
371608000,IMO9392339
371618000,IMO9293595
371626000,IMO9342865
371628000,IMO9316945
371633000,IMO9664897
371638000,IMO9552276
371646000,IMO9732163
371648000,IMO9303182
371651000,IMO9642148
371655000,IMO9692818
371659000,IMO9336074
371662000,IMO9543897
371671000,IMO9355240
371697000,IMO9294367
371701000,IMO9511014
371704000,IMO9350068
371706000,IMO9574080
371707000,IMO9317353
371709000,IMO9459151
371715000,IMO9453298
371716000,IMO9309617
371718000,IMO9881495
371720000,IMO9128116
371752000,IMO9309447
371753000,IMO9461374
371798000,IMO9303194
371799000,IMO9302073
371811000,IMO9866196
371819000,IMO9755672
371836000,IMO9333852
371850000,IMO9633264
371851000,IMO9289128
371860000,IMO9320403
371862000,IMO9519121
371873000,IMO9660097
371878000,IMO9805647
371882000,IMO9860714
371883000,IMO9520792
371885000,IMO9536961
371895000,IMO9616058
371897000,IMO9589803
371908000,IMO9309459
371911000,IMO9456446
371919000,IMO9696436
371929000,IMO9393321
371932000,IMO9460605
371941000,IMO9738947
371951000,IMO9780990
371956000,IMO9708928
371962000,IMO9687655
371964000,IMO9303209
371965000,IMO9553115
371976000,IMO9287182
371977000,IMO9336763
371980000,IMO9337092
371987000,IMO9476769
371991000,IMO9400928
372008000,IMO9309473
372011000,IMO9407483
372031000,IMO9565558
372038000,IMO9302140
372044000,IMO9605994
372050000,IMO9304435
372051000,IMO9299551
372059000,IMO9758387
372084000,IMO9442859
372092000,IMO9863845
372094000,IMO9672234
372097000,IMO9293909
372104000,IMO9302138
372117000,IMO9658915
372123000,IMO9320439
372130000,IMO9370214
372140000,IMO9308895
372148000,IMO9362267
372154000,IMO9587001
372161000,IMO9875006
372164000,IMO9874961
372177000,IMO9744984
372178000,IMO9490600
372191000,IMO9614361
372198000,IMO9836414
372205000,IMO9749958
372213000,IMO9798832
372218000,IMO9312781
372238000,IMO8401781
372260000,IMO9510929
372267000,IMO9330305
372270000,IMO9425760
372280000,IMO9741413
372283000,IMO9303223
372290000,IMO9325788
372308000,IMO9491678
372309000,IMO9385506
372319000,IMO9337688
372321000,IMO9656553
372339000,IMO9542867
372341000,IMO9323508
372346000,IMO9325439
372348000,IMO9701152
372355000,IMO9650626
372361000,IMO9496989
372367000,IMO9302152
372386000,IMO9372626
372390000,IMO9566655
372399000,IMO9325221
372400000,IMO9467421
372424000,IMO9889100
372443000,IMO9105566
372457000,IMO9449510
372487000,IMO8604979
372491000,IMO9237151
372506000,IMO9304370
372512000,IMO9312793
372516000,IMO9325233
372531000,IMO9312808
372548000,IMO9325776
372556000,IMO9471795
372592000,IMO9580273
372610000,IMO9372315
372611000,IMO8203402
372612000,IMO9553141
372613000,IMO9340570
372627000,IMO9446013
372638000,IMO9711901
372665000,IMO9302164
372682000,IMO9616072
372697000,IMO9580261
372707000,IMO9550319
372712000,IMO9317365
372724000,IMO9395159
372734000,IMO9767467
372736000,IMO9336048
372737000,IMO9320453
372747000,IMO9381249
372750000,IMO9851517
372759000,IMO9427005
372771000,IMO9808340
372798000,IMO9104524
372802000,IMO9383431
372812000,IMO9489833
372821000,IMO9914371
372840000,IMO9780146
372843000,IMO9369758
372857000,IMO9339806
372875000,IMO9791975
372878000,IMO9519212
372879000,IMO9403255
372883000,IMO9636371
372884000,IMO9381237
372901000,IMO9502831
372908000,IMO9619775
372914000,IMO9336050
372918000,IMO9435143
372924000,IMO9658795
372934000,IMO9335173
372945000,IMO9372327
372955000,IMO9333838
372967000,IMO9491666
372973000,IMO9339272
372974000,IMO9805714
372981000,IMO9519107
372985000,IMO9863792
372995000,IMO9531715
372997000,IMO9419747
373004000,IMO9467433
373005000,IMO9484467
373012000,IMO9476941
373014000,IMO9758739
373017000,IMO9477189
373021000,IMO8212087
373033000,IMO9603398
373035000,IMO9604940
373044000,IMO9340752
373046000,IMO9782170
373048000,IMO9515216
373054000,IMO9860788
373057000,IMO9620695
373060000,IMO9610195
373061000,IMO9537018
373068000,IMO9465291
373069000,IMO9484481
373071000,IMO9494747
373075000,IMO9604976
373079000,IMO9625827
373085000,IMO9520601
373096000,IMO9433640
373100000,IMO9667899
373102000,IMO9626730
373107000,IMO9514121
373115000,IMO9041215
373119000,IMO9588081
373124000,IMO9463205
373131000,IMO9590072
373132000,IMO9524011
373139000,IMO9495583
373146000,IMO9552886
373153000,IMO9720067
373158000,IMO9527180
373176000,IMO9643192
373183000,IMO9461415
373188000,IMO9590084
373189000,IMO9606974
373190000,IMO9514028
373201000,IMO9567738
373204000,IMO9802085
373209000,IMO9819985
373210000,IMO9626742
373214000,IMO9582996
373223000,IMO9491408
373226000,IMO9909675
373227000,IMO9500687
373228000,IMO9604926
373230000,IMO9610200
373233000,IMO9484429
373240000,IMO9635743
373256000,IMO9593335
373267000,IMO9512343
373277000,IMO9614969
373279000,IMO9616034
373281000,IMO9609237
373285000,IMO9850549
373298000,IMO9524023
373301000,IMO9514107
373309000,IMO9902081
373310000,IMO9650743
373312000,IMO9667758
373317000,IMO9688221
373331000,IMO9591961
373334000,IMO9537020
373355000,IMO9484443
373361000,IMO9732424
373362000,IMO9593347
373363000,IMO9104902
373383000,IMO9642136
373387000,IMO9889289
373398000,IMO9620683
373402000,IMO9527207
373404000,IMO9467445
373412000,IMO9623063
373415000,IMO9562453
373431000,IMO9650494
373449000,IMO9727352
373454000,IMO9607590
373457000,IMO9415727
373459000,IMO9392559
373471000,IMO9527958
373485000,IMO9566382
373494000,IMO9614983
373495000,IMO9591973
373500000,IMO9518103
373505000,IMO9478846
373526000,IMO9498626
373529000,IMO9599755
373553000,IMO9471666
373556000,IMO9609249
373557000,IMO9639464
373569000,IMO9614995
373570000,IMO9520998
373575000,IMO9526162
373582000,IMO9316361
373585000,IMO9624639
373598000,IMO9606338
373605000,IMO9489821
373607000,IMO9767015
373611000,IMO9614385
373622000,IMO9499723
373627000,IMO9512290
373630000,IMO9158276
373636000,IMO9656541
373649000,IMO9588079
373656000,IMO9502843
373662000,IMO9616022
373663000,IMO9668063
373681000,IMO9609512
373694000,IMO9624627
373695000,IMO9260378
373701000,IMO9473690
373712000,IMO9850800
373721000,IMO9595448
373733000,IMO9561942
373744000,IMO9602356
373746000,IMO9610652
373757000,IMO9609299
373765000,IMO9583184
373789000,IMO9591985
373805000,IMO9512044
373810000,IMO9624641
373814000,IMO9604990
373821000,IMO9643946
373835000,IMO9820984
373836000,IMO9709348
373840000,IMO9633202
373841000,IMO9651943
373843000,IMO9624328
373871000,IMO9711925
373874000,IMO9512329
373875000,IMO9625437
373877000,IMO9629976
373879000,IMO9597666
373897000,IMO9821835
373904000,IMO9374002
373908000,IMO9051686
373911000,IMO9706750
373913000,IMO9566423
373917000,IMO9624263
373928000,IMO9622710
373932000,IMO9566394
373943000,IMO9614294
373965000,IMO9771092
373970000,IMO9659191
373981000,IMO9650822
373996000,IMO9368895
373997000,IMO9598127
374018000,IMO9790816
374033000,IMO9742405
374035000,IMO9856268
374042000,IMO9624055
374058000,IMO9727443
374069000,IMO9827255
374077000,IMO9760653
374090000,IMO9760134
374092000,IMO9738818
374101000,IMO9713806
374106000,IMO9757527
374113000,IMO9854583
374119000,IMO9659749
374122000,IMO9748069
374126000,IMO9747948
374134000,IMO9852212
374152000,IMO9873890
374155000,IMO9836713
374158000,IMO9850537
374171000,IMO9725469
374179000,IMO9796561
374182000,IMO9908279
374185000,IMO9737369
374195000,IMO9709001
374208000,IMO9867425
374211000,IMO9038701
374213000,IMO9758753
374217000,IMO9748019
374223000,IMO9855604
374233000,IMO9725445
374243000,IMO9701023
374249000,IMO9757890
374254000,IMO9748045
374267000,IMO9609615
374270000,IMO9701700
374277000,IMO9708930
374291000,IMO9742417
374298000,IMO9708966
374299000,IMO9748435
374318000,IMO9760108
374327000,IMO9911721
374353000,IMO9779927
374356000,IMO9852664
374384000,IMO9773480
374417000,IMO9782259
374423000,IMO9728136
374438000,IMO9728069
374448000,IMO9867372
374450000,IMO9713818
374462000,IMO9881366
374466000,IMO9460588
374475000,IMO9863857
374494000,IMO9726695
374495000,IMO9747467
374508000,IMO9817913
374512000,IMO9758143
374514000,IMO9701712
374518000,IMO9790830
374519000,IMO9719355
374546000,IMO9760110
374547000,IMO9709324
374566000,IMO9875288
374570000,IMO9790933
374577000,IMO9718210
374581000,IMO9755696
374582000,IMO9287443
374590000,IMO9760641
374606000,IMO9713791
374607000,IMO9839284
374637000,IMO9916305
374645000,IMO9708681
374650000,IMO9750311
374654000,IMO9757826
374661000,IMO9567269
374668000,IMO9757785
374677000,IMO9732400
374678000,IMO9728071
374696000,IMO9749855
374706000,IMO9758870
374710000,IMO9731535
374727000,IMO9736353
374767000,IMO9725457
374778000,IMO9860740
374779000,IMO9728849
374785000,IMO9600619
374792000,IMO9755804
374794000,IMO9737357
374799000,IMO9742429
374803000,IMO9755701
374814000,IMO9708332
374815000,IMO9741384
374821000,IMO9728198
374832000,IMO9767479
374839000,IMO9715452
374840000,IMO9758454
374846000,IMO9659737
374854000,IMO9767766
374855000,IMO9316098
374858000,IMO9806043
374875000,IMO9738820
374880000,IMO9767572
374886000,IMO9647461
374910000,IMO9758442
374921000,IMO9715440
374922000,IMO9755749
374935000,IMO9737462
374964000,IMO9718985
374971000,IMO9747041
374983000,IMO9916290
374986000,IMO9369136
403297001,IMO9498482
403519000,IMO9660554
403520001,IMO9620944
403521001,IMO9620956
403526001,IMO9620968
403531001,IMO9626522
403532001,IMO9626534
403533001,IMO9620970
403668001,IMO9826469
403698000,IMO9837133
403789001,IMO9837121
405000242,IMO9793844
405000343,IMO9717060
405000345,IMO9731705
405000348,IMO9454187
405000373,IMO9758741
412032000,IMO9494371
412055000,IMO9223289
412069000,IMO9364758
412343000,IMO9285079
412344000,IMO9617466
412345000,IMO9407859
412346000,IMO9406805
412347000,IMO9407873
412349000,IMO9407861
412478000,IMO9864203
412768000,IMO9523146
412842000,IMO9566942
412859000,IMO9523158
413147000,IMO9310056
413148000,IMO9312561
413149000,IMO9312573
413151000,IMO9312585
413153000,IMO9312597
413159000,IMO9337913
413161000,IMO9334935
413165000,IMO9337925
413171000,IMO9337937
413173000,IMO9337949
413196000,IMO9523184
413198000,IMO9523196
413219590,IMO9277632
413279020,IMO9634880
413289250,IMO9611618
413310040,IMO9915014
413336090,IMO9915026
413349820,IMO9432165
413360000,IMO9488217
413376000,IMO9488475
413390180,IMO9619749
413391360,IMO9975727
413471050,IMO9608922
413489920,IMO9722754
413513640,IMO9742998
413515960,IMO9742974
413518040,IMO9742986
413532040,IMO9742950
413549320,IMO1014204
413686000,IMO9494383
413687000,IMO9494395
413702030,IMO9742962
413896000,IMO9416549
413941000,IMO9432737
413985000,IMO9523201
413996000,IMO9326744
414031000,IMO9628219
414037000,IMO9617272
414053000,IMO9628702
414058000,IMO9595682
414071000,IMO9579274
414145000,IMO9620542
414148000,IMO9591480
414152000,IMO9655822
414174000,IMO9663180
414175000,IMO9663178
414178000,IMO9677337
414189000,IMO9252230
414195000,IMO9326756
414199000,IMO9533050
414224000,IMO9139921
414230000,IMO9742950
414239000,IMO9232113
414246000,IMO9333060
414257000,IMO9252242
414274000,IMO9742974
414329000,IMO9742998
414333000,IMO9280809
414334000,IMO9464699
414348000,IMO9400148
414349000,IMO9400124
414365000,IMO9450947
414366000,IMO9484510
414430000,IMO9439228
414432000,IMO9567403
414477000,IMO9864186
414478000,IMO9864198
414546000,IMO9617478
414599000,IMO9672052
414693000,IMO9450911
414701000,IMO9523213
414706000,IMO9576791
414715000,IMO9576806
414718000,IMO9663702
414725000,IMO9505455
414727000,IMO9505467
414740000,IMO9505481
414742000,IMO9606431
414753000,IMO9505493
414771000,IMO9604287
414772000,IMO9712060
414776000,IMO9604275
414785000,IMO9533062
414786000,IMO9533074
414799000,IMO9928932
416464000,IMO9462732
416465000,IMO9462720
416466000,IMO9462718
416467000,IMO9462706
416468000,IMO9462691
416475000,IMO9595486
416481000,IMO9595527
416481100,IMO9595527
416482000,IMO9604081
416491000,IMO9496599
416495000,IMO9604158
416497000,IMO9629093
416498000,IMO9629108
416509000,IMO9629055
419000160,IMO9561332
419000180,IMO9478200
419001016,IMO9723851
419001168,IMO9706554
419001180,IMO9463308
419001597,IMO9551727
419001672,IMO9455399
428000405,IMO9318163
428002000,IMO9231808
428041000,IMO9471214
428042000,IMO9471202
428403000,IMO9322346
428404000,IMO9322334
428405000,IMO9318163
431003000,IMO9806079
431009000,IMO9875202
431013000,IMO9182277
431014000,IMO9487976
431024000,IMO9531741
431027000,IMO9356701
431042000,IMO9566382
431058000,IMO9293519
431073000,IMO9806081
431079000,IMO9291133
431080000,IMO9741372
431082000,IMO9293521
431113000,IMO9675664
431120000,IMO9475648
431122000,IMO9552393
431139000,IMO9707546
431148000,IMO9488009
431161000,IMO9477191
431172000,IMO9561954
431188000,IMO9899399
431189000,IMO9464455
431190000,IMO9284752
431193000,IMO9960227
431205000,IMO9293571
431221000,IMO9209518
431223000,IMO9498602
431224000,IMO9498597
431225000,IMO9629914
431241000,IMO9689603
431260000,IMO9689615
431262000,IMO9712644
431296000,IMO9321263
431300000,IMO9991197
431312000,IMO9252204
431314000,IMO9174490
431315000,IMO9339662
431323000,IMO9308883
431332000,IMO9629902
431339000,IMO9150341
431349000,IMO9252228
431350000,IMO9588081
431373000,IMO9584059
431374000,IMO9774379
431432000,IMO9392353
431440000,IMO9610432
431449000,IMO9409065
431472000,IMO9588079
431479000,IMO9424912
431491000,IMO9790880
431495000,IMO9344057
431496000,IMO9629914
431497000,IMO9991185
431501000,IMO9482237
431510000,IMO9424924
431522000,IMO9424936
431527000,IMO9209271
431528000,IMO9424900
431534000,IMO9355202
431536000,IMO1046049
431546000,IMO9506710
431550000,IMO9174282
431552000,IMO9741396
431554000,IMO9293650
431556000,IMO9182289
431573000,IMO9544918
431578000,IMO9403279
431585000,IMO9293894
431605000,IMO9610406
431637000,IMO9536818
431647000,IMO9402718
431651000,IMO9757993
431654000,IMO9806067
431655000,IMO9806055
431664000,IMO9820867
431667000,IMO9906984
431688000,IMO9085687
431695000,IMO9100592
431710000,IMO9468308
431718000,IMO9604940
431740000,IMO9554200
431747000,IMO9553115
431761000,IMO9539169
431766000,IMO9477921
431772000,IMO9741449
431777000,IMO9335953
431779000,IMO9363651
431783000,IMO9273909
431792000,IMO9741425
431800000,IMO9759989
431814000,IMO9273894
431823000,IMO9603403
431833000,IMO9888883
431839000,IMO9338620
431842000,IMO9461312
431851000,IMO9861861
431857000,IMO9338632
431858000,IMO9283875
431865000,IMO9759977
431868000,IMO9293662
431881000,IMO9476757
431882000,IMO9658927
431888000,IMO9784776
431912000,IMO9283887
431921000,IMO9338876
431929000,IMO9805477
431934000,IMO9606479
431981000,IMO9805453
431986000,IMO9784788
431989000,IMO9805465
432433000,IMO9272888
432440000,IMO9272890
432624000,IMO9335965
432629000,IMO9339820
432633000,IMO9339832
432651000,IMO9381677
432664000,IMO9355214
432665000,IMO9442885
432666000,IMO9464388
432669000,IMO9355226
432712000,IMO9476733
432716000,IMO9409340
432722000,IMO9426350
432723000,IMO9476745
432729000,IMO9426362
432734000,IMO9426374
432783000,IMO9531739
432803000,IMO9531753
432817000,IMO9539171
432824000,IMO9574107
432839000,IMO9604938
432857000,IMO9615195
432930000,IMO9443073
440009000,IMO9637246
440022000,IMO9395939
440023000,IMO9768928
440032000,IMO9623219
440040000,IMO9471616
440049000,IMO9593323
440057000,IMO8904068
440058000,IMO9203588
440062000,IMO9114177
440073000,IMO9605994
440083000,IMO9336050
440086000,IMO9347425
440093000,IMO9312834
440104000,IMO9477919
440111000,IMO946470400
440112000,IMO9171113
440114000,IMO9176606
440117000,IMO9742170
440141000,IMO9312767
440151000,IMO9312937
440152000,IMO9626376
440161000,IMO9122930
440172000,IMO9638147
440176000,IMO9637234
440189000,IMO9312949
440202000,IMO9254848
440204000,IMO9336074
440209000,IMO9686546
440219000,IMO9767558
440220000,IMO9312779
440245000,IMO9702417
440249000,IMO9775828
440252000,IMO9702429
440253000,IMO9318515
440254000,IMO9702431
440255000,IMO9749568
440257000,IMO9749570
440260000,IMO9749594
440269000,IMO9122942
440292000,IMO9158604
440314000,IMO9782326
440334000,IMO9367592
440338000,IMO9367580
440352000,IMO9731391
440367000,IMO9477830
440371000,IMO9158616
440377000,IMO9860386
440379000,IMO9421257
440390000,IMO9869215
440559000,IMO9347607
440607000,IMO9238820
440657000,IMO9869239
440737000,IMO9597680
440797000,IMO9519145
440880000,IMO9869227
440906000,IMO9706994
440981000,IMO9869186
441005000,IMO9253155
441058000,IMO9869198
441115000,IMO9446001
441120000,IMO9445992
441133000,IMO9674177
441144000,IMO9606041
441151000,IMO9674165
441156000,IMO9674189
441162000,IMO9869174
441168000,IMO9651101
441188000,IMO9651113
441190000,IMO9590591
441200000,IMO9590589
441265000,IMO9392810
441266000,IMO9347449
441301000,IMO9455648
441302000,IMO9451898
441304000,IMO9419759
441310000,IMO9445409
441343000,IMO9323510
441344000,IMO9414876
441357000,IMO9070462
441397000,IMO9707027
441398000,IMO9323522
441399000,IMO9323508
441467000,IMO9445980
441486000,IMO9637260
441487000,IMO9626003
441553000,IMO9470313
441642000,IMO9605724
441688000,IMO9491379
441701000,IMO9312755
441708000,IMO9626015
441722000,IMO9176632
441736000,IMO9347592
441754000,IMO9637258
441866000,IMO9312822
441947000,IMO9203576
441981000,IMO9637222
441992000,IMO9122966
441995000,IMO9203590
447928700,IMO9359038
466214000,IMO9317535
477001100,IMO9619464
477001300,IMO9644524
477001700,IMO9484364
477002200,IMO9708461
477002800,IMO9751315
477003800,IMO9377963
477004700,IMO9484405
477006100,IMO9723514
477006500,IMO9684641
477007300,IMO8414738
477010300,IMO9628324
477013700,IMO9256353
477014600,IMO9227027
477014800,IMO9224300
477014900,IMO9290115
477015100,IMO1039357
477015800,IMO9989340
477018000,IMO9233466
477019300,IMO1038391
477019400,IMO9621895
477019500,IMO1045227
477019600,IMO9304382
477019800,IMO9988346
477020200,IMO9290103
477020700,IMO9290127
477021700,IMO9796999
477023200,IMO9751339
477023400,IMO9755476
477023500,IMO9726176
477023600,IMO9782015
477025400,IMO9949716
477025500,IMO1044508
477027300,IMO9747508
477027400,IMO9747522
477027500,IMO9751365
477027600,IMO9721578
477030700,IMO9516416
477030800,IMO9659189
477035100,IMO9789922
477035200,IMO9731896
477035400,IMO9780603
477035500,IMO9780615
477040800,IMO9272230
477044300,IMO8414726
477045400,IMO9728370
477046800,IMO9335886
477049800,IMO9444924
477050400,IMO9642772
477050700,IMO9609457
477050800,IMO9611931
477051600,IMO9593713
477056400,IMO9334923
477057400,IMO9751341
477058200,IMO9401788
477065200,IMO9472127
477066200,IMO9727285
477066700,IMO9713337
477067800,IMO9477907
477067900,IMO9486087
477070400,IMO9290892
477071700,IMO9385972
477076500,IMO9317406
477077800,IMO9484326
477078100,IMO9712905
477078300,IMO9712216
477078900,IMO9712515
477083800,IMO9525376
477085400,IMO9989352
477090000,IMO9278868
477091500,IMO9568914
477095300,IMO9615561
477096100,IMO9609500
477096900,IMO9542661
477098100,IMO9631474
477100300,IMO9757840
477102200,IMO9380764
477103900,IMO9599119
477105200,IMO9317418
477105300,IMO9301794
477105600,IMO9300790
477106800,IMO9301809
477107200,IMO9355551
477108100,IMO9472141
477108600,IMO9451343
477108700,IMO9438614
477108800,IMO9537006
477111800,IMO9385984
477112100,IMO9731901
477112200,IMO9712462
477112700,IMO9768605
477114300,IMO9377987
477116400,IMO9949728
477116500,IMO9949766
477117300,IMO9591533
477117400,IMO9645877
477117900,IMO9645891
477118400,IMO9502336
477121800,IMO9668922
477123700,IMO9624108
477123800,IMO9624093
477124900,IMO9302891
477127700,IMO9507532
477127900,IMO9685358
477128700,IMO9949778
477128800,IMO9949730
477129300,IMO9708447
477131300,IMO9748370
477131400,IMO9668910
477131700,IMO9734733
477133300,IMO9397858
477133400,IMO9683441
477133500,IMO9638434
477133700,IMO9200823
477133800,IMO9300178
477135600,IMO9472189
477136800,IMO9355563
477137300,IMO9731377
477137800,IMO9751377
477138100,IMO9945899
477138900,IMO9949780
477139500,IMO9731975
477139600,IMO9792876
477140100,IMO9949742
477141200,IMO9386005
477141700,IMO8700242
477142300,IMO9472206
477142900,IMO9767845
477143900,IMO9377999
477145400,IMO1097086
477145900,IMO9945904
477147300,IMO9816567
477147400,IMO9663269
477147800,IMO9722065
477148700,IMO9757864
477148900,IMO9731987
477150300,IMO9740134
477150500,IMO9644835
477150800,IMO9802308
477151500,IMO9502348
477151900,IMO9800623
477153200,IMO9786047
477156100,IMO9949792
477156900,IMO9945916
477157500,IMO9792888
477157600,IMO9767857
477157700,IMO9767998
477157900,IMO9741126
477159100,IMO9778131
477160100,IMO9272216
477162100,IMO9727663
477162800,IMO9740158
477166100,IMO9758492
477166300,IMO9778129
477166600,IMO9757876
477166700,IMO9768007
477166800,IMO9811505
477167100,IMO9595711
477168200,IMO9792890
477168400,IMO9785744
477168600,IMO9543251
477170400,IMO9434905
477172300,IMO9598995
477172600,IMO9840790
477172900,IMO9792905
477173100,IMO9482483
477174600,IMO9525479
477174900,IMO9525388
477176300,IMO9520912
477176800,IMO9361782
477177400,IMO9378008
477177900,IMO8700254
477178200,IMO9334662
477178400,IMO9332511
477181700,IMO9708174
477181800,IMO9760354
477182200,IMO9622588
477182300,IMO9622590
477183100,IMO9811517
477183200,IMO9735842
477183400,IMO9801720
477183500,IMO9792917
477183600,IMO9735830
477183900,IMO9785768
477188500,IMO9619737
477189300,IMO9355575
477191600,IMO9767895
477193700,IMO9703538
477194600,IMO9757888
477194800,IMO9785809
477195100,IMO9235531
477195600,IMO9580039
477195700,IMO9610731
477195800,IMO9610717
477195900,IMO9659892
477196100,IMO9591674
477196900,IMO9539365
477197100,IMO9434917
477197600,IMO9379935
477198000,IMO9144354
477201900,IMO8710182
477202800,IMO9520962
477203100,IMO9622605
477207300,IMO9402627
477207400,IMO9437385
477207600,IMO9443487
477207700,IMO9407134
477209200,IMO9684471
477209500,IMO9675781
477209900,IMO9684469
477211100,IMO9355355
477211700,IMO9584243
477213800,IMO9492713
477214400,IMO9328481
477214700,IMO9300805
477214800,IMO9312664
477219700,IMO9669615
477219900,IMO9516430
477220100,IMO9627980
477220200,IMO9627978
477220600,IMO9302841
477222700,IMO9622617
477222900,IMO9621144
477224600,IMO9591997
477224800,IMO9613874
477230100,IMO9722338
477230200,IMO9721073
477230300,IMO9720976
477230400,IMO9721061
477231100,IMO9710892
477231500,IMO9663271
477232200,IMO9785794
477233300,IMO9785756
477233600,IMO9830068
477234300,IMO9740108
477234900,IMO9782041
477243200,IMO9610729
477244300,IMO9846251
477244400,IMO9767900
477250100,IMO9438638
477252500,IMO9701059
477252600,IMO9400289
477252700,IMO9751298
477257100,IMO9645853
477264900,IMO9473406
477266700,IMO9587178
477266900,IMO9448815
477269200,IMO9848522
477269400,IMO9785811
477271100,IMO9683257
477271300,IMO9645906
477271400,IMO9516466
477271600,IMO9268928
477271700,IMO9715311
477271800,IMO9666053
477271900,IMO9685322
477280900,IMO9284001
477282600,IMO9343481
477283000,IMO9117741
477286200,IMO9785770
477286300,IMO9785782
477286400,IMO9496147
477286800,IMO9830070
477287000,IMO9074078
477288000,IMO9245196
477289300,IMO9707625
477293100,IMO9627992
477293200,IMO9628001
477293400,IMO9611711
477293500,IMO9611709
477293600,IMO9642045
477293900,IMO9645865
477300100,IMO9663855
477300600,IMO9683245
477300800,IMO9470399
477301100,IMO9747558
477301400,IMO9747546
477301500,IMO9738492
477302100,IMO9496214
477302200,IMO9320013
477302500,IMO9439747
477305100,IMO9642186
477305900,IMO9619476
477307300,IMO9465306
477307400,IMO9465318
477307800,IMO9728681
477307900,IMO9739666
477308100,IMO9789623
477308200,IMO9753296
477308400,IMO9320001
477308800,IMO9753272
477311200,IMO9497268
477311400,IMO9603972
477312300,IMO9808651
477312900,IMO9520924
477314200,IMO9718624
477314800,IMO9728332
477318100,IMO9748801
477318400,IMO9196852
477318500,IMO9426336
477318600,IMO9421439
477318700,IMO9197545
477319300,IMO9484376
477319400,IMO9613862
477326100,IMO9830082
477326600,IMO9854337
477327200,IMO9649304
477327700,IMO9748813
477327800,IMO9847205
477328800,IMO9615482
477333100,IMO9734721
477333200,IMO9752424
477333300,IMO9440930
477333600,IMO9726190
477333700,IMO9791963
477335300,IMO9603489
477340200,IMO9584217
477340500,IMO9592434
477346500,IMO9535163
477347400,IMO9704635
477347500,IMO9738090
477348300,IMO9739678
477348500,IMO9244934
477351500,IMO9495076
477351600,IMO9311402
477369100,IMO9860221
477379000,IMO9121297
477387400,IMO9487081
477387500,IMO9418303
477390100,IMO9695224
477390200,IMO9591557
477390300,IMO9630406
477392200,IMO9523299
477392700,IMO9860233
477397800,IMO9472177
477398000,IMO9200421
477399500,IMO8700266
477401700,IMO9614969
477407100,IMO9331907
477407900,IMO9630377
477410100,IMO9537630
477410500,IMO9838448
477410800,IMO9800439
477410900,IMO9847396
477413200,IMO9637430
477423100,IMO9525467
477424800,IMO9493640
477427300,IMO9619842
477427500,IMO9516404
477427600,IMO9610676
477430100,IMO9708459
477434500,IMO9615676
477435600,IMO9336751
477441300,IMO9719903
477441400,IMO9630389
477441500,IMO9638410
477441800,IMO9645889
477444300,IMO9638484
477444500,IMO9613850
477444700,IMO9610664
477454100,IMO9684665
477454300,IMO9431898
477454600,IMO9736286
477454900,IMO9613587
477462400,IMO9535187
477462500,IMO9593725
477462800,IMO9636943
477464100,IMO9655846
477464200,IMO9640671
477464400,IMO9484340
477464500,IMO9484352
477468300,IMO9847401
477468500,IMO9872523
477468600,IMO9872511
477468700,IMO9844992
477468800,IMO9640059
477468900,IMO9840673
477477200,IMO9715191
477477300,IMO9702716
477477500,IMO9712199
477478500,IMO9370147
477478700,IMO9713349
477486300,IMO9658953
477493100,IMO9458224
477493200,IMO9459644
477510600,IMO9244946
477514700,IMO9589229
477518100,IMO9657870
477518300,IMO9657844
477518500,IMO9698599
477519900,IMO9610705
477520600,IMO9263071
477520900,IMO9294202
477521100,IMO9868443
477521600,IMO9736406
477524100,IMO9704609
477524700,IMO9704611
477524900,IMO9738088
477527900,IMO9727651
477528100,IMO9583017
477528400,IMO9468293
477528500,IMO9480552
477534200,IMO9509516
477537900,IMO9775165
477547100,IMO9407146
477548400,IMO9708162
477552200,IMO9294393
477552800,IMO9294381
477554000,IMO9160798
477559900,IMO9457294
477581100,IMO9328493
477581400,IMO9301835
477587000,IMO9160803
477588100,IMO9721554
477588200,IMO9728356
477591300,IMO9853888
477591700,IMO9847413
477594600,IMO9865893
477595900,IMO9548548
477598200,IMO9593751
477598800,IMO9472165
477607600,IMO9343493
477607700,IMO9310238
477607709,IMO9310237
477608600,IMO9670808
477608700,IMO9660152
477615400,IMO9433107
477617600,IMO9417256
477617700,IMO9417244
477620100,IMO9712175
477620800,IMO9740093
477621200,IMO9539743
477622700,IMO9548550
477624100,IMO9447847
477624800,IMO9850551
477625400,IMO9447902
477625500,IMO9853890
477625700,IMO9088237
477625800,IMO9853905
477627300,IMO9407158
477629200,IMO9890628
477629300,IMO9890654
477630100,IMO9850563
477630800,IMO9872470
477631200,IMO9619866
477631300,IMO9619878
477632300,IMO9890604
477632400,IMO9890616
477633300,IMO9317793
477634100,IMO9509528
477634700,IMO9231810
477634900,IMO9434943
477636600,IMO9768954
477636800,IMO9751327
477636900,IMO9718636
477637500,IMO9727077
477637600,IMO9645920
477637700,IMO9719915
477638900,IMO9598177
477639300,IMO9484546
477639500,IMO9484558
477641700,IMO9482471
477648100,IMO9192442
477648700,IMO9190781
477648800,IMO9190755
477652300,IMO9516428
477652700,IMO9610688
477654500,IMO9760598
477654600,IMO9693214
477655900,IMO9407160
477657600,IMO9343510
477664600,IMO9190731
477664800,IMO9874686
477665200,IMO9190767
477665400,IMO9850587
477669100,IMO9721580
477669400,IMO9788629
477669500,IMO9755464
477681400,IMO9705316
477681500,IMO9705287
477681600,IMO9705299
477681700,IMO9705304
477681900,IMO9190743
477684100,IMO9727637
477684200,IMO9244922
477684500,IMO9722431
477684600,IMO9763631
477686200,IMO9284269
477686700,IMO9197002
477686800,IMO9683439
477690600,IMO9301847
477691700,IMO9546899
477692400,IMO9705134
477692500,IMO9749831
477692900,IMO9791951
477694300,IMO9626053
477696200,IMO9909091
477696400,IMO9853917
477696900,IMO9881677
477698600,IMO9516478
477698700,IMO9685334
477698900,IMO9666027
477699600,IMO9630418
477699700,IMO9720328
477699800,IMO9720316
477700500,IMO9317482
477700600,IMO9438626
477706100,IMO9913640
477706300,IMO9909106
477706700,IMO9913652
477706900,IMO9850599
477708100,IMO9675729
477708500,IMO9910894
477708600,IMO9874698
477711300,IMO9446104
477712200,IMO9715323
477713100,IMO9715220
477713200,IMO9702481
477713300,IMO9738105
477713800,IMO9710177
477714100,IMO9461506
477714200,IMO9726009
477714300,IMO9190779
477714400,IMO9726011
477714600,IMO9461491
477716400,IMO9853929
477716500,IMO9566576
477716800,IMO9913664
477716900,IMO9911587
477717300,IMO9913676
477717700,IMO9284556
477717800,IMO9874715
477721800,IMO9605085
477722300,IMO9911599
477722600,IMO9853931
477722800,IMO9919888
477723500,IMO9460394
477723800,IMO9570486
477723900,IMO9682928
477728400,IMO9162215
477730100,IMO9738117
477730900,IMO9728679
477732100,IMO9641780
477732300,IMO9544140
477732800,IMO9913688
477733300,IMO9295153
477735300,IMO9901790
477735800,IMO9930909
477735900,IMO9919357
477737100,IMO9715206
477737600,IMO9704623
477737800,IMO9727871
477738200,IMO9448762
477738500,IMO9417268
477738700,IMO9404869
477739700,IMO9629639
477742600,IMO9291212
477742700,IMO9471240
477745700,IMO9573854
477746600,IMO9276200
477746900,IMO9600839
477748500,IMO9435038
477748600,IMO9432127
477748900,IMO9414905
477752800,IMO9268942
477752900,IMO9610755
477754600,IMO9344681
477759200,IMO9590230
477764600,IMO9472153
477765800,IMO9484261
477767300,IMO9632296
477767900,IMO9610743
477769600,IMO9708435
477770200,IMO9352042
477770300,IMO9352030
477770700,IMO9448774
477776100,IMO9630365
477776200,IMO9516442
477790100,IMO9702704
477790200,IMO9739082
477790500,IMO9630420
477790600,IMO9693197
477792400,IMO9591832
477793600,IMO9928877
477794000,IMO9218313
477798100,IMO9930911
477798500,IMO9913690
477798700,IMO9632985
477802200,IMO9445174
477802700,IMO9531909
477806000,IMO9199268
477809700,IMO9934199
477811300,IMO9913224
477811800,IMO9919383
477813200,IMO9629653
477813300,IMO9584231
477814100,IMO9571272
477815200,IMO9351608
477815300,IMO9418327
477818000,IMO9014066
477829600,IMO9367621
477829700,IMO9310240
477830800,IMO9301859
477832100,IMO9293868
477832300,IMO9484390
477832400,IMO9622629
477832500,IMO9622631
477832600,IMO9619854
477836600,IMO9934175
477842400,IMO9945473
477842500,IMO9945485
477845200,IMO9666041
477845600,IMO9516454
477846600,IMO9934357
477848700,IMO9645918
477849400,IMO9318319
477849700,IMO9712931
477850300,IMO9751303
477850400,IMO9747510
477850900,IMO9791884
477851200,IMO9495064
477851700,IMO9487043
477852800,IMO9423516
477852900,IMO9587154
477854900,IMO9741530
477855500,IMO9733600
477855600,IMO9728394
477855700,IMO9728409
477856300,IMO9948023
477856800,IMO9934369
477857000,IMO9014078
477866100,IMO9459333
477866200,IMO9492696
477866300,IMO9492701
477866600,IMO9539834
477867300,IMO9589798
477867700,IMO9497878
477867800,IMO9934371
477867900,IMO9934383
477871200,IMO9936381
477871300,IMO9936379
477871400,IMO9931109
477871500,IMO9931094
477878000,IMO9117739
477883200,IMO9363637
477884500,IMO9715490
477885500,IMO9674385
477886100,IMO9726229
477886600,IMO9476927
477886700,IMO9615157
477886800,IMO9520596
477886900,IMO9757797
477887100,IMO9615169
477887300,IMO9624641
477887400,IMO9940631
477890100,IMO9931111
477890500,IMO9352016
477891200,IMO9359002
477891500,IMO9931123
477891700,IMO9352004
477893100,IMO9434931
477893200,IMO9352028
477893400,IMO9388340
477893700,IMO9359014
477895200,IMO9388352
477895300,IMO9953286
477895700,IMO9359052
477897700,IMO9371062
477900400,IMO9740079
477900500,IMO9712943
477900700,IMO9712888
477902500,IMO9632284
477902600,IMO9632301
477904300,IMO9200811
477906900,IMO9978743
477907100,IMO9931135
477907200,IMO9952696
477907300,IMO9952684
477907600,IMO9967952
477907700,IMO9964663
477907900,IMO9944792
477909100,IMO9801706
477909200,IMO9967964
477909700,IMO9359026
477913100,IMO9751286
477913300,IMO9768930
477914200,IMO9458420
477914300,IMO9458432
477914600,IMO9613848
477914700,IMO9613836
477915800,IMO9731808
477915900,IMO9721566
477920300,IMO9285005
477921500,IMO9953303
477921600,IMO9932490
477921800,IMO9967976
477921900,IMO9971903
477922100,IMO9359040
477925700,IMO9533361
477928700,IMO9359038
477929100,IMO9932517
477929600,IMO9967990
477929700,IMO9967988
477931100,IMO9605011
477931400,IMO9936422
477931500,IMO9944807
477931600,IMO9952713
477931700,IMO9968009
477933000,IMO9263069
477939700,IMO9738519
477940100,IMO9978779
477940400,IMO9953341
477940500,IMO9932505
477940800,IMO9990832
477941200,IMO9932529
477941300,IMO9953353
477941400,IMO9832652
477941500,IMO9811921
477941800,IMO9952725
477942100,IMO9274460
477945100,IMO9936393
477945200,IMO9968011
477945300,IMO9944819
477945500,IMO9932531
477946000,IMO9251999
477947100,IMO9535204
477947800,IMO9566588
477948600,IMO9722443
477948700,IMO9715218
477948800,IMO9704647
477948900,IMO9738507
477950300,IMO9472139
477950400,IMO9497218
477958900,IMO9164275
477959200,IMO9448798
477961200,IMO9580326
477961400,IMO9482500
477961500,IMO9592886
477965600,IMO9952749
477965700,IMO9968059
477965800,IMO9968023
477965900,IMO9968035
477966100,IMO9968047
477966400,IMO9990856
477967400,IMO9727376
477967800,IMO9695145
477969800,IMO9338541
477973000,IMO9233454
477975000,IMO9285017
477978700,IMO9606534
477982500,IMO9432141
477982600,IMO9515735
477987500,IMO9968085
477999100,IMO9293583
518998507,IMO9352224
525119170,IMO9362322
533130272,IMO9311828
533132134,IMO9206023
533180014,IMO9316921
533180059,IMO9277486
533180090,IMO9082324
536052500,IMO9283198
538001657,IMO9233246
538001682,IMO7609726
538002113,IMO9316165
538002125,IMO9423554
538002179,IMO9261023
538002227,IMO9285043
538002314,IMO9729489
538002316,IMO9490624
538002376,IMO9387358
538002381,IMO9320996
538002459,IMO9286566
538002511,IMO9296808
538002544,IMO9490636
538002548,IMO9296262
538002570,IMO9557123
538002572,IMO9490662
538002633,IMO9361237
538002640,IMO9401491
538002641,IMO9361201
538002659,IMO9284843
538002668,IMO9490698
538002733,IMO9324849
538002743,IMO9490686
538002748,IMO9396206
538002749,IMO9300532
538002750,IMO9396218
538002751,IMO9300520
538002808,IMO9316153
538002823,IMO9359313
538002825,IMO9218337
538002841,IMO9301720
538002875,IMO9406893
538002953,IMO9302566
538002955,IMO9302578
538002961,IMO9403619
538002980,IMO9368871
538003004,IMO9445033
538003015,IMO9511832
538003016,IMO9490832
538003035,IMO9324875
538003057,IMO9454503
538003093,IMO9348900
538003104,IMO9308027
538003180,IMO9478494
538003221,IMO9359325
538003231,IMO9367906
538003242,IMO9546124
538003274,IMO9352406
538003275,IMO9228382
538003298,IMO9445148
538003366,IMO7926148
538003379,IMO9397236
538003407,IMO9352420
538003413,IMO9418729
538003445,IMO9218428
538003477,IMO9478626
538003520,IMO9402110
538003568,IMO9554030
538003580,IMO9440150
538003648,IMO9424900
538003664,IMO9422081
538003692,IMO9482770
538003693,IMO9482782
538003705,IMO9404998
538003710,IMO9441269
538003729,IMO9424912
538003750,IMO9444819
538003767,IMO9519183
538003777,IMO9441271
538003784,IMO9461269
538003794,IMO9418731
538003810,IMO9424924
538003817,IMO9441283
538003818,IMO9441295
538003820,IMO9478511
538003831,IMO9476721
538003878,IMO9514200
538003886,IMO9424936
538003900,IMO9470571
538003904,IMO9564097
538003905,IMO9441312
538003906,IMO9459371
538003908,IMO9555149
538003946,IMO9441324
538003960,IMO9460277
538003972,IMO9441336
538003973,IMO9441350
538003974,IMO9441348
538003990,IMO9505352
538003993,IMO9475612
538004052,IMO9426726
538004053,IMO9426714
538004056,IMO9459383
538004065,IMO9469883
538004096,IMO9525821
538004100,IMO9497086
538004117,IMO9475624
538004123,IMO9568586
538004124,IMO9545508
538004139,IMO9597771
538004151,IMO9444534
538004153,IMO9452543
538004166,IMO9545510
538004177,IMO9486582
538004178,IMO9486594
538004179,IMO9577604
538004181,IMO9577628
538004184,IMO9579743
538004193,IMO9441362
538004202,IMO9475650
538004203,IMO9475636
538004216,IMO9460681
538004217,IMO9469895
538004244,IMO9218404
538004260,IMO9456549
538004269,IMO9602148
538004270,IMO9452555
538004288,IMO9586344
538004295,IMO9625798
538004297,IMO9625815
538004303,IMO9441374
538004305,IMO9613769
538004306,IMO9595383
538004314,IMO9572070
538004326,IMO9594573
538004327,IMO9594597
538004328,IMO9594602
538004329,IMO9594614
538004330,IMO9698795
538004332,IMO9594638
538004333,IMO9621778
538004336,IMO9621792
538004337,IMO9441386
538004340,IMO9441415
538004341,IMO9441427
538004344,IMO9510694
538004352,IMO9595943
538004355,IMO9580120
538004370,IMO9436769
538004382,IMO9595905
538004384,IMO9606821
538004385,IMO9606833
538004387,IMO9610468
538004411,IMO9543756
538004413,IMO9609160
538004415,IMO9469900
538004416,IMO9469912
538004434,IMO9461336
538004443,IMO9449895
538004456,IMO9486398
538004477,IMO9580106
538004481,IMO9604794
538004488,IMO9543706
538004493,IMO9605982
538004494,IMO9495363
538004534,IMO9629938
538004541,IMO9595371
538004542,IMO9608673
538004551,IMO9632818
538004552,IMO9597123
538004555,IMO9373993
538004559,IMO9588495
538004585,IMO9543770
538004586,IMO9640619
538004601,IMO9604811
538004619,IMO9539224
538004639,IMO9486403
538004641,IMO9422809
538004642,IMO9515101
538004652,IMO9512367
538004658,IMO9478755
538004670,IMO9590761
538004676,IMO9552331
538004696,IMO9635391
538004697,IMO9539236
538004710,IMO9580144
538004714,IMO9611802
538004715,IMO9611814
538004721,IMO9626613
538004740,IMO9662370
538004748,IMO9644495
538004749,IMO9658898
538004750,IMO9658903
538004759,IMO9610420
538004771,IMO9513919
538004774,IMO9638642
538004784,IMO9599157
538004785,IMO9635406
538004793,IMO9520613
538004843,IMO9452517
538004844,IMO9613290
538004851,IMO9446582
538004881,IMO9567116
538004890,IMO9546239
538004891,IMO9635626
538004911,IMO9635664
538004912,IMO9635676
538004913,IMO9641223
538004920,IMO9639751
538004921,IMO9639763
538004922,IMO9639775
538004923,IMO9639787
538004940,IMO9528562
538004948,IMO9624093
538004966,IMO9659232
538004978,IMO9624108
538004985,IMO9624926
538004996,IMO9518086
538004997,IMO9613305
538004998,IMO9653795
538004999,IMO9637296
538005001,IMO9617662
538005003,IMO9603154
538005020,IMO9461972
538005026,IMO9286932
538005041,IMO9422938
538005042,IMO9365829
538005056,IMO9638070
538005057,IMO9603594
538005058,IMO9626900
538005067,IMO9624122
538005074,IMO9467615
538005112,IMO9603609
538005113,IMO9640944
538005114,IMO9584877
538005148,IMO9679282
538005152,IMO9552965
538005156,IMO9679385
538005164,IMO9371074
538005169,IMO9646699
538005170,IMO9449871
538005190,IMO9332963
538005193,IMO9544700
538005216,IMO9669330
538005224,IMO9603611
538005231,IMO9310276
538005232,IMO9663295
538005243,IMO9662423
538005251,IMO9303065
538005260,IMO9655212
538005261,IMO9646728
538005262,IMO9646730
538005263,IMO9646704
538005268,IMO9290232
538005284,IMO9422940
538005308,IMO9504607
538005333,IMO9663300
538005349,IMO9607095
538005357,IMO9687100
538005359,IMO9632997
538005366,IMO9310123
538005411,IMO9675559
538005430,IMO9675731
538005436,IMO9700861
538005444,IMO9470507
538005452,IMO9669029
538005453,IMO9651553
538005461,IMO9322762
538005471,IMO9520845
538005488,IMO9214848
538005498,IMO9438042
538005503,IMO9702405
538005507,IMO9392133
538005516,IMO9706827
538005518,IMO9286267
538005521,IMO9669031
538005562,IMO9616838
538005592,IMO9308417
538005594,IMO9707364
538005599,IMO9397731
538005602,IMO9598220
538005604,IMO9547178
538005605,IMO9669342
538005617,IMO9681431
538005619,IMO9474694
538005625,IMO9694531
538005651,IMO9697143
538005657,IMO9441867
538005672,IMO9702429
538005673,IMO9375915
538005692,IMO9709245
538005693,IMO9709257
538005694,IMO9709269
538005695,IMO9711731
538005696,IMO9711743
538005697,IMO9711755
538005698,IMO9711767
538005699,IMO9711779
538005701,IMO9721425
538005702,IMO9721437
538005707,IMO9714771
538005708,IMO9714783
538005709,IMO9714795
538005710,IMO9738674
538005716,IMO9788100
538005723,IMO9630729
538005724,IMO9623647
538005725,IMO9420277
538005732,IMO9698628
538005733,IMO9698630
538005735,IMO9698654
538005747,IMO9694567
538005750,IMO9694593
538005751,IMO9698252
538005754,IMO9691644
538005795,IMO9430818
538005810,IMO9702546
538005853,IMO9336892
538005855,IMO9655224
538005874,IMO9732943
538005878,IMO9355513
538005879,IMO9721932
538005884,IMO9643879
538005888,IMO9302633
538005890,IMO9702728
538005900,IMO9722015
538005903,IMO9311220
538005907,IMO9729831
538005933,IMO9663104
538005936,IMO9550254
538005945,IMO9723942
538005946,IMO9723954
538005958,IMO9686900
538005959,IMO9686912
538005960,IMO9702431
538005964,IMO9702493
538005968,IMO9729477
538005971,IMO9246308
538005974,IMO9552367
538005981,IMO9706994
538005986,IMO9693757
538005997,IMO9712486
538006012,IMO9705328
538006013,IMO9705330
538006041,IMO9742651
538006042,IMO9742663
538006055,IMO9712694
538006056,IMO9712709
538006058,IMO9663116
538006059,IMO9663128
538006061,IMO9700328
538006065,IMO9310630
538006090,IMO9700665
538006091,IMO9700677
538006096,IMO9729348
538006102,IMO9707003
538006106,IMO9643881
538006108,IMO9738026
538006111,IMO9189342
538006140,IMO9714707
538006143,IMO9714719
538006145,IMO9714692
538006146,IMO9712498
538006155,IMO9703813
538006163,IMO9703643
538006167,IMO9707015
538006171,IMO9702508
538006174,IMO9694684
538006175,IMO9717486
538006176,IMO9338565
538006181,IMO9746231
538006206,IMO9712618
538006207,IMO9263320
538006208,IMO9712979
538006212,IMO9712955
538006215,IMO9738959
538006227,IMO9707027
538006234,IMO9693422
538006247,IMO9217656
538006268,IMO9719549
538006273,IMO9711420
538006275,IMO9711444
538006278,IMO9697806
538006286,IMO9728473
538006287,IMO9728461
538006295,IMO9748239
538006297,IMO9744752
538006298,IMO9702510
538006304,IMO9738466
538006305,IMO9723629
538006309,IMO9708992
538006315,IMO9643893
538006326,IMO9712632
538006338,IMO9702778
538006339,IMO9711705
538006340,IMO9711717
538006349,IMO9723617
538006351,IMO9697818
538006353,IMO9715828
538006363,IMO9738806
538006389,IMO9738911
538006396,IMO9405019
538006411,IMO9703588
538006425,IMO9703825
538006427,IMO9743980
538006428,IMO9730842
538006430,IMO9730830
538006431,IMO9730816
538006433,IMO9697844
538006434,IMO9697856
538006435,IMO9702522
538006442,IMO9765718
538006443,IMO9765706
538006451,IMO9490466
538006458,IMO9490442
538006466,IMO9658977
538006467,IMO9658989
538006469,IMO9671060
538006470,IMO9671072
538006473,IMO9671101
538006477,IMO9754082
538006478,IMO9754094
538006494,IMO9700330
538006508,IMO9748459
538006509,IMO9718131
538006519,IMO9718143
538006520,IMO9718155
538006521,IMO9718167
538006523,IMO9310628
538006527,IMO9336610
538006538,IMO9701243
538006548,IMO9719666
538006564,IMO9332858
538006596,IMO9392456
538006597,IMO9737137
538006600,IMO9705366
538006603,IMO9403126
538006605,IMO9332860
538006631,IMO9611943
538006652,IMO9460916
538006654,IMO9589401
538006661,IMO9588512
538006663,IMO9440966
538006680,IMO9748722
538006693,IMO9749568
538006703,IMO9747417
538006704,IMO9747429
538006707,IMO9723136
538006708,IMO9737149
538006717,IMO9749570
538006720,IMO9749245
538006748,IMO9747613
538006751,IMO9748083
538006753,IMO9200419
538006767,IMO9732606
538006774,IMO9748124
538006780,IMO9205885
538006791,IMO9749582
538006798,IMO9749257
538006800,IMO9764001
538006801,IMO9726255
538006811,IMO9500663
538006814,IMO9710517
538006815,IMO9710505
538006823,IMO9719367
538006850,IMO9625607
538006859,IMO9593880
538006862,IMO9563677
538006864,IMO9749269
538006867,IMO9670420
538006871,IMO9737113
538006903,IMO9625592
538006906,IMO9749910
538006933,IMO9743289
538006935,IMO9490820
538006936,IMO9603063
538006937,IMO9603051
538006954,IMO9470820
538006958,IMO9710529
538006962,IMO9718179
538006967,IMO9713947
538006973,IMO9442718
538006982,IMO9737072
538006983,IMO9737084
538006995,IMO9727455
538006997,IMO9729910
538007004,IMO9386392
538007006,IMO9456238
538007011,IMO9720926
538007024,IMO9784362
538007025,IMO9719381
538007029,IMO9764025
538007036,IMO9489041
538007063,IMO9290464
538007065,IMO9710593
538007067,IMO9758399
538007079,IMO9743291
538007082,IMO9611503
538007093,IMO9781956
538007097,IMO9699115
538007100,IMO9721360
538007101,IMO9718181
538007104,IMO9782962
538007118,IMO9300295
538007122,IMO9782986
538007138,IMO9706542
538007144,IMO9445710
538007145,IMO9449259
538007150,IMO9548574
538007158,IMO9425863
538007166,IMO9615078
538007169,IMO9738375
538007170,IMO9762601
538007173,IMO9272943
538007174,IMO9443009
538007176,IMO9780976
538007182,IMO9507960
538007185,IMO9412646
538007190,IMO9575187
538007192,IMO9412634
538007193,IMO9440849
538007194,IMO9575163
538007195,IMO9722041
538007196,IMO9722053
538007198,IMO9519157
538007200,IMO9514066
538007201,IMO9735127
538007203,IMO9746712
538007209,IMO9231494
538007227,IMO9735799
538007237,IMO9434424
538007238,IMO9434436
538007240,IMO9639907
538007249,IMO9780627
538007250,IMO9780639
538007251,IMO9756626
538007258,IMO9725471
538007269,IMO9748409
538007273,IMO9385099
538007280,IMO9311165
538007281,IMO9326275
538007287,IMO9449883
538007298,IMO9760160
538007308,IMO9461063
538007314,IMO9380829
538007317,IMO9588536
538007344,IMO9339466
538007347,IMO9789805
538007348,IMO9791896
538007349,IMO9302918
538007351,IMO9288447
538007355,IMO9457464
538007384,IMO9515632
538007385,IMO9728863
538007387,IMO9605073
538007400,IMO9470404
538007405,IMO9575204
538007406,IMO9575228
538007414,IMO9798387
538007419,IMO9643300
538007422,IMO9801196
538007433,IMO9550163
538007438,IMO9798399
538007439,IMO9798404
538007440,IMO9798416
538007446,IMO9760421
538007449,IMO9575266
538007450,IMO9575151
538007451,IMO9303871
538007452,IMO9735816
538007453,IMO9735828
538007454,IMO9575216
538007455,IMO9747053
538007456,IMO9804590
538007459,IMO9792436
538007473,IMO9693202
538007475,IMO9801275
538007479,IMO9347542
538007480,IMO9347554
538007481,IMO9347566
538007482,IMO9330707
538007483,IMO9330719
538007484,IMO9330721
538007487,IMO9347619
538007490,IMO9704831
538007491,IMO9661211
538007492,IMO9661223
538007493,IMO9600645
538007497,IMO9597848
538007504,IMO9801316
538007505,IMO9575242
538007507,IMO9705988
538007508,IMO9730452
538007509,IMO9575278
538007510,IMO9575230
538007514,IMO9400875
538007515,IMO9594444
538007517,IMO9757981
538007518,IMO9784233
538007549,IMO9444039
538007550,IMO9473834
538007551,IMO9737888
538007556,IMO9458987
538007559,IMO9747297
538007560,IMO9370331
538007569,IMO9811919
538007572,IMO9594456
538007573,IMO9409481
538007580,IMO9406025
538007581,IMO9406075
538007582,IMO9406099
538007588,IMO9515723
538007592,IMO9392339
538007604,IMO9363285
538007611,IMO9325764
538007617,IMO9308015
538007622,IMO9324863
538007623,IMO9595187
538007628,IMO9334143
538007629,IMO9630731
538007630,IMO9587180
538007633,IMO9630743
538007637,IMO9514078
538007638,IMO9514080
538007639,IMO9596179
538007640,IMO9761889
538007641,IMO9423035
538007650,IMO9389930
538007655,IMO9548835
538007656,IMO9548823
538007658,IMO9785134
538007659,IMO9577886
538007661,IMO9634842
538007662,IMO9784245
538007667,IMO9557238
538007668,IMO9463554
538007675,IMO9293777
538007680,IMO9401075
538007681,IMO9453365
538007683,IMO9461623
538007684,IMO9397585
538007685,IMO9423580
538007687,IMO9626962
538007691,IMO9574171
538007708,IMO9476290
538007709,IMO9445069
538007718,IMO9476288
538007722,IMO9705976
538007730,IMO9409132
538007731,IMO9717395
538007732,IMO9743174
538007749,IMO9464780
538007754,IMO9665841
538007757,IMO9722003
538007758,IMO9699282
538007759,IMO9699294
538007760,IMO9721994
538007767,IMO9483786
538007770,IMO9308247
538007779,IMO9700055
538007784,IMO9775828
538007799,IMO9316983
538007823,IMO9811490
538007824,IMO9754991
538007835,IMO9374351
538007842,IMO9425760
538007855,IMO9671838
538007856,IMO9757931
538007861,IMO9423592
538007863,IMO9391828
538007864,IMO9343546
538007893,IMO9498561
538007895,IMO9828869
538007899,IMO9670418
538007905,IMO9742168
538007908,IMO9317547
538007909,IMO9478470
538007921,IMO9473705
538007926,IMO9750828
538007938,IMO9294159
538007954,IMO9478913
538007970,IMO9474266
538007972,IMO9474230
538007974,IMO9474278
538007975,IMO9474280
538007976,IMO9474228
538007979,IMO9559705
538007980,IMO9597989
538007981,IMO9729922
538007994,IMO9473274
538008000,IMO9544736
538008003,IMO9707704
538008004,IMO9815977
538008007,IMO9805271
538008010,IMO9370422
538008017,IMO9633197
538008020,IMO9473597
538008021,IMO9577410
538008024,IMO9400904
538008044,IMO9835068
538008050,IMO9470387
538008051,IMO9401362
538008053,IMO9470375
538008060,IMO9738349
538008075,IMO9336775
538008080,IMO9448578
538008087,IMO9575137
538008106,IMO9213753
538008110,IMO9553062
538008114,IMO9550412
538008122,IMO9500091
538008132,IMO9717204
538008133,IMO9717228
538008140,IMO9835070
538008143,IMO9624378
538008144,IMO9758129
538008164,IMO9698587
538008170,IMO9478779
538008171,IMO9713715
538008172,IMO9848132
538008174,IMO9848144
538008175,IMO9848118
538008187,IMO9494187
538008201,IMO9497165
538008204,IMO9827334
538008207,IMO9386407
538008208,IMO9720017
538008210,IMO9425928
538008213,IMO9604809
538008222,IMO9522099
538008236,IMO9425942
538008246,IMO9423528
538008251,IMO9340063
538008252,IMO9423475
538008253,IMO9423499
538008273,IMO9700134
538008274,IMO9839791
538008276,IMO9846263
538008278,IMO9851359
538008296,IMO9839844
538008304,IMO9825013
538008307,IMO9263112
538008317,IMO9850769
538008318,IMO9850771
538008339,IMO9831775
538008340,IMO9831787
538008341,IMO9831799
538008342,IMO9842736
538008344,IMO9842827
538008346,IMO9699440
538008347,IMO9834844
538008362,IMO9494814
538008371,IMO9666522
538008378,IMO9859791
538008385,IMO9452139
538008393,IMO9842487
538008398,IMO9483542
538008404,IMO9838462
538008408,IMO9379674
538008434,IMO9852690
538008439,IMO9775153
538008453,IMO9788681
538008454,IMO9470856
538008465,IMO9839052
538008466,IMO9502362
538008468,IMO9842499
538008485,IMO9566447
538008492,IMO9878345
538008493,IMO9878357
538008494,IMO9878369
538008495,IMO9878371
538008508,IMO9867152
538008511,IMO9539341
538008519,IMO9852779
538008524,IMO9859296
538008537,IMO9849502
538008539,IMO9391969
538008542,IMO9463310
538008552,IMO9514030
538008553,IMO9849784
538008559,IMO9621405
538008569,IMO9460813
538008572,IMO9730256
538008573,IMO9730232
538008575,IMO9875604
538008578,IMO9747156
538008584,IMO9788679
538008586,IMO9866639
538008587,IMO9852729
538008588,IMO9860661
538008589,IMO9845817
538008590,IMO9845805
538008591,IMO9845829
538008593,IMO9295414
538008595,IMO9860037
538008596,IMO9478585
538008597,IMO9230921
538008602,IMO9424089
538008607,IMO9842504
538008610,IMO9852224
538008612,IMO9699359
538008625,IMO9800427
538008629,IMO9699373
538008631,IMO9699323
538008636,IMO9641821
538008639,IMO9478896
538008641,IMO9699347
538008647,IMO9459149
538008651,IMO9406063
538008654,IMO9527996
538008657,IMO9860506
538008659,IMO9528017
538008667,IMO9852884
538008673,IMO9424132
538008678,IMO9350094
538008682,IMO9403085
538008684,IMO9602186
538008687,IMO9860520
538008689,IMO9598282
538008690,IMO9598294
538008694,IMO9673824
538008695,IMO9855848
538008696,IMO9855862
538008697,IMO9855850
538008700,IMO9743590
538008701,IMO9743588
538008712,IMO9491587
538008734,IMO9581784
538008738,IMO9522958
538008748,IMO9624055
538008749,IMO9865348
538008750,IMO9860673
538008751,IMO9758363
538008752,IMO9370006
538008753,IMO9866615
538008755,IMO9450571
538008756,IMO9443580
538008758,IMO9866550
538008769,IMO9595254
538008771,IMO9855367
538008777,IMO9836995
538008779,IMO9522946
538008791,IMO9514054
538008842,IMO9852535
538008845,IMO9464687
538008850,IMO9796195
538008863,IMO9559688
538008865,IMO9584889
538008889,IMO9885049
538008891,IMO9842528
538008892,IMO9836579
538008907,IMO9638496
538008920,IMO9875616
538008921,IMO9875628
538008924,IMO9758301
538008925,IMO9680255
538008933,IMO9880489
538008934,IMO9880491
538008936,IMO9858620
538008940,IMO9875094
538008954,IMO9522922
538008955,IMO9522910
538008958,IMO9854313
538008969,IMO9597630
538008970,IMO9452505
538008971,IMO9756250
538008974,IMO9889655
538008975,IMO9615327
538008977,IMO9852092
538008981,IMO9860271
538008993,IMO9883754
538008994,IMO9883766
538008995,IMO9880233
538008996,IMO9541887
538009005,IMO9607447
538009015,IMO9492907
538009018,IMO9858345
538009034,IMO9883053
538009043,IMO9872080
538009053,IMO9883065
538009057,IMO9580091
538009063,IMO9849899
538009071,IMO9890862
538009081,IMO9512630
538009090,IMO9660621
538009095,IMO9901831
538009101,IMO9663817
538009106,IMO9614971
538009115,IMO9849904
538009118,IMO9419008
538009119,IMO9758868
538009120,IMO9789893
538009121,IMO9755866
538009124,IMO9597642
538009125,IMO9215311
538009126,IMO9211494
538009130,IMO9714680
538009131,IMO9714678
538009143,IMO9211482
538009144,IMO9215323
538009145,IMO9866732
538009146,IMO9714745
538009148,IMO9479888
538009149,IMO9498298
538009160,IMO9872121
538009163,IMO9800635
538009166,IMO9880245
538009168,IMO9404431
538009176,IMO9574004
538009179,IMO9862475
538009191,IMO9243409
538009210,IMO9894806
538009216,IMO9243394
538009218,IMO9760067
538009219,IMO9760079
538009229,IMO9529463
538009245,IMO9866744
538009257,IMO9460514
538009258,IMO9704855
538009271,IMO9860295
538009278,IMO9660619
538009284,IMO9563407
538009286,IMO9909039
538009292,IMO9404429
538009293,IMO9860116
538009294,IMO9860128
538009295,IMO9902299
538009296,IMO9782651
538009297,IMO9687239
538009298,IMO9727120
538009299,IMO9727118
538009300,IMO9687227
538009301,IMO9346330
538009308,IMO9544384
538009309,IMO9442380
538009312,IMO9674218
538009316,IMO9596167
538009320,IMO9363675
538009326,IMO9884966
538009327,IMO9884978
538009328,IMO9502790
538009329,IMO9860348
538009334,IMO9669378
538009336,IMO9340544
538009339,IMO9893503
538009340,IMO9877834
538009349,IMO9620621
538009352,IMO9919010
538009354,IMO9927304
538009356,IMO9919022
538009359,IMO9581370
538009369,IMO9700964
538009370,IMO9539468
538009372,IMO9907835
538009375,IMO9440825
538009377,IMO9442407
538009386,IMO9338539
538009387,IMO9757539
538009388,IMO9320142
538009389,IMO9492440
538009390,IMO9377559
538009392,IMO9254848
538009397,IMO9908358
538009398,IMO9585663
538009402,IMO9471264
538009403,IMO9617739
538009407,IMO9894818
538009408,IMO9514224
538009411,IMO9866756
538009418,IMO9250701
538009419,IMO9300219
538009420,IMO9300207
538009421,IMO9617741
538009422,IMO9522881
538009423,IMO9522908
538009426,IMO9897913
538009428,IMO9582843
538009429,IMO9877858
538009430,IMO9470296
538009432,IMO9597331
538009433,IMO9877846
538009437,IMO9330496
538009438,IMO9707699
538009442,IMO9575149
538009444,IMO9377561
538009445,IMO9473327
538009446,IMO9728629
538009448,IMO9582477
538009451,IMO9667112
538009455,IMO9828857
538009462,IMO9405071
538009469,IMO9650810
538009477,IMO9553024
538009480,IMO9895795
538009481,IMO9895800
538009486,IMO9747235
538009488,IMO9907847
538009492,IMO9203291
538009496,IMO9502752
538009497,IMO9502740
538009498,IMO9502726
538009519,IMO9651280
538009520,IMO9757541
538009521,IMO9725419
538009523,IMO9312432
538009528,IMO9748423
538009529,IMO9542685
538009536,IMO9536856
538009538,IMO9637210
538009539,IMO9687708
538009547,IMO9725407
538009555,IMO9911769
538009558,IMO9527283
538009559,IMO9869681
538009563,IMO9869693
538009564,IMO9869667
538009565,IMO9063653
538009568,IMO9461233
538009572,IMO9877860
538009575,IMO9063665
538009576,IMO9179402
538009581,IMO9314090
538009583,IMO9913327
538009587,IMO9725392
538009588,IMO9725380
538009603,IMO9699036
538009606,IMO9539444
538009609,IMO9699311
538009620,IMO9370408
538009621,IMO9525869
538009627,IMO9691400
538009633,IMO9913339
538009635,IMO9464390
538009652,IMO9926726
538009654,IMO9455911
538009655,IMO9455923
538009656,IMO9508847
538009657,IMO9587221
538009658,IMO9667447
538009659,IMO9587233
538009660,IMO9594535
538009664,IMO9864887
538009667,IMO9416458
538009669,IMO9576727
538009674,IMO9500041
538009677,IMO9392729
538009678,IMO9523263
538009691,IMO9473688
538009692,IMO9573115
538009699,IMO9400693
538009702,IMO9447990
538009707,IMO9406752
538009709,IMO9604847
538009714,IMO9489974
538009716,IMO9643623
538009721,IMO9398876
538009723,IMO9481049
538009724,IMO9407677
538009726,IMO9481051
538009728,IMO9673018
538009729,IMO9481075
538009731,IMO9514999
538009733,IMO9318462
538009734,IMO9515008
538009740,IMO9634854
538009748,IMO9463580
538009751,IMO9923334
538009775,IMO9100073
538009782,IMO9791937
538009785,IMO9580027
538009787,IMO9526710
538009793,IMO9553713
538009798,IMO9864899
538009812,IMO9899208
538009829,IMO9583706
538009830,IMO9321029
538009831,IMO9321031
538009837,IMO9763708
538009838,IMO9805661
538009853,IMO9262534
538009858,IMO9553725
538009861,IMO9932426
538009863,IMO9604770
538009864,IMO9497426
538009867,IMO9490818
538009870,IMO9877896
538009884,IMO9344552
538009900,IMO9877901
538009904,IMO9545077
538009917,IMO9877913
538009919,IMO9948425
538009920,IMO9541837
538009922,IMO9763693
538009931,IMO9778997
538009947,IMO9657868
538009948,IMO9928736
538009953,IMO9770634
538009954,IMO9188817
538009958,IMO9510333
538009967,IMO9767493
538009992,IMO9427342
538010007,IMO9602693
538010010,IMO9345805
538010011,IMO9549451
538010015,IMO9932971
538010017,IMO9461271
538010027,IMO9543689
538010028,IMO9301859
538010031,IMO9301122
538010035,IMO9933418
538010041,IMO9502817
538010053,IMO9574028
538010081,IMO9932799
538010083,IMO9932804
538010084,IMO9673525
538010087,IMO9474204
538010092,IMO9419656
538010093,IMO9762546
538010094,IMO9544152
538010106,IMO9955612
538010107,IMO9786061
538010108,IMO9635690
538010119,IMO9963528
538010121,IMO9963516
538010124,IMO9932933
538010136,IMO9967627
538010139,IMO9438377
538010157,IMO9967639
538010159,IMO9943578
538010162,IMO9080297
538010189,IMO9746023
538010196,IMO9509619
538010198,IMO9951977
538010199,IMO9860611
538010200,IMO9544138
538010202,IMO9950313
538010203,IMO9958432
538010230,IMO9749972
538010242,IMO9747405
538010246,IMO9748069
538010248,IMO9485904
538010258,IMO9201645
538010260,IMO9949182
538010263,IMO9943580
538010275,IMO9938793
538010279,IMO9938808
538010283,IMO9509633
538010297,IMO9715452
538010307,IMO9235983
538010308,IMO9919515
538010309,IMO9764013
538010311,IMO9231145
538010315,IMO9948839
538010327,IMO9491678
538010328,IMO9714721
538010334,IMO9571430
538010340,IMO9614311
538010348,IMO9790842
538010349,IMO9606053
538010366,IMO9721061
538010367,IMO9721073
538010369,IMO9427940
538010377,IMO9820960
538010381,IMO9786073
538010382,IMO9948255
538010386,IMO9949352
538010389,IMO9720964
538010390,IMO9722338
538010391,IMO9725744
538010392,IMO9612296
538010394,IMO9675781
538010400,IMO9472206
538010415,IMO929828400
538010426,IMO9955624
538010428,IMO9583146
538010430,IMO9950428
538010432,IMO9959072
538010438,IMO9494486
538010441,IMO9952232
538010446,IMO9826445
538010447,IMO9856232
538010451,IMO9336012
538010474,IMO9511466
538010481,IMO9950624
538010497,IMO9494060
538010499,IMO9950703
538010507,IMO9703459
538010508,IMO9954955
538010512,IMO9955636
538010518,IMO9948267
538010520,IMO9959084
538010526,IMO9964106
538010527,IMO9606120
538010528,IMO9376373
538010539,IMO9949663
538010540,IMO9528005
538010541,IMO9969120
538010542,IMO9960186
538010565,IMO9775141
538010575,IMO9725885
538010588,IMO9612131
538010599,IMO9950715
538010600,IMO9960174
538010605,IMO9708916
538010606,IMO9964118
538010607,IMO9715438
538010610,IMO9594509
538010616,IMO9969144
538010620,IMO9948279
538010641,IMO9359727
538010647,IMO9700926
538010656,IMO9688855
538010677,IMO9715440
538010680,IMO9973420
538010683,IMO9846110
538010690,IMO9951721
538010693,IMO9951733
538010694,IMO9982055
538010700,IMO9461805
538010701,IMO9239800
538010703,IMO9960459
538010707,IMO9672040
538010711,IMO9955595
538010712,IMO9955583
538010720,IMO9660152
538010731,IMO9958339
538010732,IMO9965851
538010737,IMO9663233
538010740,IMO9953834
538010741,IMO9960784
538010747,IMO9414448
538010754,IMO9960461
538010759,IMO9739032
538010764,IMO9606003
538010765,IMO9476953
538010773,IMO9860221
538010777,IMO9975375
538010787,IMO9944338
538010794,IMO9322334
538010802,IMO9698329
538010803,IMO9700081
538010805,IMO9975387
538010807,IMO9985784
538010819,IMO9670731
538010820,IMO9670743
538010821,IMO9670755
538010829,IMO9731406
538010834,IMO9958341
538010854,IMO9490674
538010856,IMO9700782
538010859,IMO9967122
538010868,IMO9318474
538010871,IMO9633202
538010873,IMO9642162
538010877,IMO9983657
538010879,IMO9782156
538010909,IMO9668398
538010910,IMO9987251
538010918,IMO9846108
538010919,IMO9969182
538010926,IMO9657404
538010927,IMO9414759
538010944,IMO9509671
538010957,IMO9965655
538010965,IMO9953779
538010969,IMO1029479
538010983,IMO9857444
538010985,IMO9414761
538010987,IMO9548328
538011001,IMO9578787
538011010,IMO9477816
538011011,IMO9674787
538011012,IMO9965863
538011017,IMO9972892
538011019,IMO9972995
538011020,IMO9972983
538011021,IMO9973004
538011022,IMO9987249
538011025,IMO9725902
538011026,IMO9725897
538011036,IMO1014424
538011062,IMO9659189
538011064,IMO9985796
538011082,IMO9595149
538011084,IMO9668972
538011092,IMO9863807
538011105,IMO9623764
538011106,IMO9497579
538011108,IMO9986972
538011112,IMO9977153
538011116,IMO9414474
538011122,IMO9420320
538011123,IMO9622837
538011127,IMO9865233
538011128,IMO9755921
538011130,IMO9973535
538011145,IMO1044065
538011158,IMO9668984
538011163,IMO9975416
538011164,IMO9974008
538011173,IMO9738727
538011184,IMO9749843
538011185,IMO9979230
538011186,IMO9343625
538011187,IMO9517549
538011202,IMO9401843
538011205,IMO9681871
538011207,IMO9937543
538011210,IMO9977165
538011221,IMO9330616
538011223,IMO9983475
538011248,IMO9965538
538011259,IMO9976032
538011260,IMO9597678
538011271,IMO9767065
538011286,IMO9580247
538011295,IMO9749996
538011302,IMO9652507
538011303,IMO9464780
538011323,IMO9365831
538011325,IMO9972529
538011350,IMO9779018
538011352,IMO9623740
538011356,IMO9552991
538011357,IMO1035997
538011369,IMO9711937
538011392,IMO9668556
538011395,IMO9416446
538011401,IMO9449340
538011430,IMO1060746
538011449,IMO9693771
538011480,IMO9426104
538011490,IMO1042146
538011494,IMO1015741
538011497,IMO1051410
538011511,IMO9993511
538011553,IMO9421257
538011562,IMO9880283
538011567,IMO1037658
538011576,IMO9796561
538011651,IMO9834856
538011706,IMO9625463
538011711,IMO9738894
538011714,IMO9954175
538011724,IMO1026582
538011725,IMO9767443
538011832,IMO9811517
538011860,IMO9509528
538011871,IMO9603154
538011963,IMO9827310
538090070,IMO9231092
538090538,IMO9827310
538090542,IMO9830769
538090551,IMO9834856
538090555,IMO9634438
538090556,IMO9827322
538090560,IMO9262560
538090564,IMO9225249
538090565,IMO9225251
538090572,IMO9412622
538090573,IMO9379650
538090581,IMO9663738
538090583,IMO9459436
538090584,IMO9456953
538090604,IMO9253155
538090606,IMO9765586
538090614,IMO9709233
538090638,IMO9650755
538090640,IMO9707742
538090642,IMO9526722
538090644,IMO9427952
538090649,IMO9717345
538090660,IMO9741736
538090663,IMO9830123
538090667,IMO9566590
538090668,IMO9393632
538090673,IMO9393620
548263500,IMO9327592
548533000,IMO9855446
548652000,IMO9254501
548694000,IMO9867578
548704000,IMO7920962
548743000,IMO9934814
548758000,IMO9989285
548862000,IMO9932141
548899000,IMO9700005
548910000,IMO9700029
548913000,IMO9700031
548922000,IMO9743215
548928000,IMO9703423
548932000,IMO9717345
548937000,IMO9747247
548940000,IMO9743227
548946000,IMO9761231
548950000,IMO9756925
548954000,IMO9771482
548961000,IMO9808663
548962000,IMO9989314
548965000,IMO9989364
548966000,IMO9808675
548973000,IMO9831488
548976000,IMO9831490
548977000,IMO9831505
548980000,IMO9855410
548984000,IMO9855525
548986000,IMO9855422
548987000,IMO9855549
548989000,IMO9846093
548990000,IMO9856232
548991000,IMO9838498
548993000,IMO9856244
548995000,IMO9855460
548996000,IMO9846108
548997000,IMO9856256
548998000,IMO9838503
563000400,IMO9289922
563000500,IMO9289958
563000600,IMO9308649
563000700,IMO9299927
563000800,IMO9289946
563000900,IMO9289934
563001700,IMO9726671
563001900,IMO9686338
563002100,IMO9725718
563002700,IMO9736080
563004200,IMO9697428
563004900,IMO9300441
563005500,IMO9782326
563005600,IMO9626302
563006200,IMO9782261
563006800,IMO9726669
563006900,IMO9703590
563007100,IMO9703605
563008300,IMO9752199
563008500,IMO9782168
563008700,IMO9663312
563012100,IMO9317559
563012500,IMO9727182
563014400,IMO9772864
563015400,IMO9806770
563015800,IMO9782027
563016600,IMO9725005
563016700,IMO9725017
563018500,IMO9766920
563020100,IMO9726449
563020400,IMO9737474
563020500,IMO9796949
563023500,IMO9796951
563024600,IMO9743473
563024700,IMO9743485
563024800,IMO9743497
563024900,IMO9743502
563025500,IMO9725029
563025600,IMO9312810
563025800,IMO9799771
563027200,IMO9407524
563027400,IMO9744520
563028400,IMO9811555
563029200,IMO9403023
563029900,IMO9737498
563032700,IMO9303534
563032800,IMO9303522
563032900,IMO9306550
563033000,IMO9629110
563033400,IMO9781073
563033500,IMO9817559
563034800,IMO9786724
563038600,IMO9755921
563039400,IMO9440978
563040700,IMO9781085
563041400,IMO9736949
563048400,IMO9312987
563049700,IMO9626388
563049900,IMO9699189
563050100,IMO9273923
563050400,IMO9348065
563050500,IMO9786774
563050600,IMO9283227
563051200,IMO9283186
563051300,IMO9283203
563051400,IMO9283215
563051500,IMO9786786
563051700,IMO9348053
563051800,IMO9283239
563052100,IMO9357949
563052400,IMO9348077
563052500,IMO9283198
563052700,IMO9484572
563052800,IMO9699206
563053200,IMO9782649
563053600,IMO9440928
563053900,IMO9551674
563056500,IMO9403140
563056700,IMO9256391
563057700,IMO9767443
563059100,IMO9837286
563060500,IMO9700146
563061300,IMO9313008
563061900,IMO9802267
563062200,IMO9725706
563062300,IMO9697416
563062600,IMO9525950
563062700,IMO9525948
563065800,IMO9841938
563066900,IMO9786750
563070300,IMO9490674
563070700,IMO9790866
563073100,IMO9841940
563073500,IMO9757216
563073700,IMO9348651
563073800,IMO9193240
563076200,IMO9235543
563076300,IMO9235555
563076400,IMO9701164
563076900,IMO9820673
563077000,IMO9367580
563077400,IMO9235579
563077800,IMO9300427
563079000,IMO9416989
563079400,IMO9836464
563080300,IMO9859313
563081200,IMO9836438
563081600,IMO9858527
563081700,IMO9633147
563084400,IMO9219800
563084800,IMO9300439
563088600,IMO9731212
563089500,IMO9870874
563090200,IMO9398436
563090300,IMO9501239
563090400,IMO9502910
563090500,IMO9502867
563093300,IMO9860738
563094500,IMO9767481
563094600,IMO9528665
563096200,IMO9866641
563096500,IMO9697026
563096700,IMO9300465
563098300,IMO9858539
563098700,IMO9836373
563098900,IMO9443360
563099500,IMO9861160
563101600,IMO9632480
563102000,IMO9394870
563102400,IMO9300477
563103200,IMO9786762
563103900,IMO9443358
563104800,IMO9871206
563105100,IMO9874272
563106200,IMO9882994
563107300,IMO9865556
563107400,IMO9880362
563107500,IMO9853060
563107600,IMO9881378
563107900,IMO9883120
563108700,IMO9884370
563108800,IMO9785976
563108900,IMO9882982
563109100,IMO9644536
563109300,IMO9870460
563109600,IMO9573751
563109700,IMO9877327
563112400,IMO9597343
563112700,IMO9536844
563113900,IMO9731391
563114800,IMO9888209
563115200,IMO9860269
563115700,IMO9739032
563116200,IMO9888869
563118100,IMO9875355
563119000,IMO9387449
563119200,IMO9866720
563119800,IMO9876919
563121400,IMO9317690
563121900,IMO9833383
563122700,IMO9860283
563122800,IMO9714812
563123500,IMO9400186
563124100,IMO9767584
563124400,IMO9817353
563126500,IMO9440784
563126700,IMO9307035
563127900,IMO9398424
563128100,IMO9892951
563128400,IMO9890240
563129600,IMO9470739
563129700,IMO9881873
563130100,IMO9622019
563130400,IMO9398242
563130600,IMO9348663
563131100,IMO9906300
563131400,IMO9908499
563131500,IMO9706748
563131600,IMO9433066
563131700,IMO9744685
563131800,IMO9400198
563132000,IMO9728203
563133400,IMO9322308
563134200,IMO9917048
563134700,IMO9626912
563135300,IMO9298997
563135500,IMO9521837
563138300,IMO9917050
563138500,IMO9922005
563138700,IMO9908310
563139400,IMO9861172
563140400,IMO9909223
563140700,IMO9682887
563140800,IMO9893802
563140900,IMO9926130
563141100,IMO9743277
563141200,IMO9789972
563141900,IMO9929390
563142100,IMO9300453
563142500,IMO9305697
563142600,IMO9584190
563142700,IMO9401867
563142800,IMO9398254
563143000,IMO9629031
563143800,IMO9926996
563144500,IMO9412816
563144600,IMO9384899
563144900,IMO9893814
563145100,IMO9419668
563145400,IMO9913523
563145700,IMO9933224
563146500,IMO9193264
563146600,IMO9367188
563146800,IMO9473676
563148100,IMO9459632
563148200,IMO9362401
563148300,IMO9391660
563148700,IMO9847891
563148800,IMO9767065
563149600,IMO9425667
563150200,IMO9521851
563150400,IMO9916977
563150500,IMO9916965
563150600,IMO9805673
563153100,IMO9927005
563154600,IMO9917749
563154700,IMO9929699
563155200,IMO9789996
563155600,IMO9640592
563155700,IMO9640607
563156300,IMO9562049
563157200,IMO9641869
563157500,IMO9791078
563158800,IMO9348900
563159900,IMO9512630
563160100,IMO9850563
563160200,IMO9850599
563160300,IMO9942811
563160600,IMO9697155
563161200,IMO9850551
563162300,IMO9941350
563163400,IMO9850587
563163900,IMO9806768
563164100,IMO9370147
563164400,IMO9950296
563165200,IMO9466984
563165500,IMO9553763
563167500,IMO9292149
563168900,IMO9723057
563169100,IMO9949297
563169400,IMO9399806
563170300,IMO9555096
563170400,IMO9933030
563170500,IMO9555228
563170600,IMO9553995
563171800,IMO9930375
563172600,IMO9942031
563172700,IMO9555101
563173600,IMO9554054
563174100,IMO9930387
563174700,IMO9949302
563175100,IMO9939929
563176300,IMO9942158
563176800,IMO9554078
563177600,IMO9746035
563177700,IMO9758480
563178600,IMO9950648
563179300,IMO9726231
563179500,IMO9758492
563180800,IMO9554080
563181300,IMO9774458
563181400,IMO9935088
563181600,IMO9930399
563182200,IMO9555113
563182300,IMO9957476
563182400,IMO9554092
563183900,IMO9875381
563185000,IMO9159517
563185500,IMO9940083
563185800,IMO9939931
563186600,IMO9288394
563187400,IMO9555125
563187500,IMO9554688
563187700,IMO9957488
563187900,IMO9935090
563188100,IMO9721425
563188800,IMO9936276
563189200,IMO9605023
563190300,IMO9930404
563190500,IMO9935208
563191300,IMO9290115
563192100,IMO9709245
563192300,IMO9554808
563193100,IMO9939943
563193800,IMO9966300
563194900,IMO9935105
563196300,IMO9941128
563196400,IMO9969209
563196800,IMO9966312
563197200,IMO9496989
563197300,IMO9615743
563197400,IMO9615729
563197500,IMO9622849
563197600,IMO9615767
563197900,IMO9967433
563198300,IMO9969390
563198500,IMO9967421
563199600,IMO9935210
563201600,IMO9935117
563202100,IMO9964821
563203200,IMO9296274
563204900,IMO9941130
563207100,IMO9583237
563207300,IMO9964845
563207600,IMO9943073
563208400,IMO9608386
563209700,IMO9979046
563210400,IMO9608398
563210600,IMO9935129
563211200,IMO9968360
563211900,IMO9719329
563214600,IMO9675822
563215700,IMO9977921
563217000,IMO9690901
563217600,IMO9941142
563218100,IMO9974981
563218900,IMO9425954
563219100,IMO9935222
563219700,IMO9943097
563220000,IMO9722314
563221500,IMO1014163
563221600,IMO9977933
563222300,IMO9943102
563223300,IMO9941154
563223500,IMO9738674
563224200,IMO9973080
563224500,IMO9935234
563226100,IMO9820908
563226200,IMO9757228
563226700,IMO9935246
563226800,IMO9943114
563228100,IMO9569956
563228400,IMO9582465
563228800,IMO9478157
563228900,IMO9533335
563229100,IMO9569968
563229200,IMO9968516
563229400,IMO9935260
563230500,IMO9415727
563231100,IMO9969077
563231800,IMO9946233
563231900,IMO9946245
563232300,IMO9878503
563232400,IMO9991472
563233800,IMO9699115
563234300,IMO9968528
563234500,IMO1020772
563235500,IMO9970246
563236400,IMO1013688
563236500,IMO9832468
563237800,IMO9935272
563238300,IMO9706750
563238500,IMO9700031
563239400,IMO9811048
563239900,IMO9935284
563241600,IMO9736353
563244800,IMO9302152
563245200,IMO9935296
563245300,IMO9935337
563245900,IMO1024522
563246400,IMO9878515
563246500,IMO9970210
563246700,IMO9477608
563247000,IMO9632038
563247300,IMO1041934
563248000,IMO9185463
563248700,IMO9880013
563249700,IMO1027017
563249900,IMO9935351
563250500,IMO9302164
563251800,IMO9935363
563252300,IMO9975650
563253700,IMO1042897
563256100,IMO9968530
563262000,IMO9176565
563262700,IMO9935375
563263200,IMO9976173
563265600,IMO9935387
563265700,IMO1032000
563268300,IMO9935399
563268700,IMO9935428
563270600,IMO1047122
563274100,IMO9935430
563277100,IMO9407146
563277200,IMO9472139
563277400,IMO9472177
563277900,IMO9448762
563278200,IMO9448798
563278300,IMO9448815
563279900,IMO9407158
563280100,IMO9407160
563280400,IMO9224300
563280900,IMO9301847
563281100,IMO9301809
563282200,IMO9704635
563282800,IMO9668934
563284100,IMO9926594
563284200,IMO9845984
563284300,IMO9836907
563284700,IMO9836919
563285500,IMO9630365
563286500,IMO9472165
563286700,IMO9472153
563286800,IMO9684665
563287900,IMO9386005
563288700,IMO9385972
563288800,IMO9385984
563289100,IMO9472141
563291500,IMO9967952
563291700,IMO9967964
563291800,IMO9968047
563291900,IMO9967976
563292300,IMO9931111
563292400,IMO9931123
563292500,IMO9932529
563292600,IMO9931109
563292700,IMO9932517
563292800,IMO9932490
563292900,IMO9932505
563293100,IMO9931135
563293200,IMO9932531
563293300,IMO9967988
563293400,IMO9967990
563293600,IMO9931094
563293800,IMO9968035
563298100,IMO9447847
563302200,IMO9641780
563302400,IMO9675729
563302700,IMO9726176
563307800,IMO9484546
563307900,IMO9535163
563308200,IMO9535187
563308300,IMO9619476
563308400,IMO9535204
563313000,IMO9224506
563377000,IMO9665592
563394000,IMO9528029
563403000,IMO9694402
563417000,IMO9694414
563433000,IMO9222118
563458000,IMO9215907
563460000,IMO9215878
563471000,IMO9665671
563479000,IMO9665669
563485000,IMO9248681
563487000,IMO9665683
563509000,IMO9558270
563513000,IMO9238155
563545000,IMO9694426
563549000,IMO9694438
563579000,IMO9224518
563584000,IMO9224520
563610000,IMO9367592
563642000,IMO9648075
563656000,IMO9682837
563706000,IMO9566564
563710000,IMO9372810
563758000,IMO9416991
563804000,IMO9774355
563812000,IMO9294862
563862000,IMO9569267
563905000,IMO9465174
563907000,IMO9751224
563930000,IMO9757802
563933000,IMO9726164
563935000,IMO9648087
563945000,IMO9736066
563947000,IMO9648099
563982000,IMO9604134
564096000,IMO9739018
564118000,IMO9675779
564180000,IMO9475727
564204000,IMO9682863
564220000,IMO9300221
564254000,IMO9460887
564260000,IMO9690913
564280000,IMO9265926
564345000,IMO9629067
564360000,IMO9525302
564411000,IMO9331220
564415000,IMO9303041
564440000,IMO9238167
564511000,IMO9669392
564538000,IMO9722039
564548000,IMO9403035
564561000,IMO9213806
564575000,IMO9665633
564576000,IMO9693355
564585000,IMO9714226
564614000,IMO9176577
564633000,IMO9747962
564724000,IMO9238466
564726000,IMO9694579
564731000,IMO9222510
564753000,IMO9138525
564756000,IMO9291391
564768000,IMO9237084
564794000,IMO9291389
564798000,IMO9303924
564822000,IMO9411379
564837000,IMO9411381
564853000,IMO9424613
564879000,IMO9485021
564881000,IMO9648104
564895000,IMO9748033
564902000,IMO9283863
564979000,IMO9411367
565003000,IMO9691577
565004000,IMO9294874
565032000,IMO9248693
565043500,IMO9779020
565080000,IMO9336787
565100000,IMO9308704
565132000,IMO9248708
565138000,IMO9700940
565142000,IMO9748758
565155000,IMO9424601
565213000,IMO9301926
565220000,IMO9302695
565222000,IMO9301938
565227000,IMO9431460
565234000,IMO9330616
565259000,IMO9691589
565285000,IMO9689897
565286000,IMO9689902
565302000,IMO9714238
565376000,IMO9676709
565380000,IMO9676711
565382000,IMO9676723
565402000,IMO9340764
565414000,IMO9303003
565425000,IMO9342700
565435000,IMO9482108
565440000,IMO9720043
565448000,IMO9315226
565449000,IMO9315214
565451000,IMO9315238
565464000,IMO9336000
565473000,IMO9215919
565475000,IMO9215880
565482000,IMO9315240
565485000,IMO9315252
565503000,IMO9284740
565533000,IMO9408956
565535000,IMO9681900
565536000,IMO9326407
565562000,IMO9714252
565565000,IMO9321017
565567000,IMO9326419
565570000,IMO9342499
565577000,IMO9701009
565607000,IMO9723708
565613000,IMO9723710
565653000,IMO9326421
565655000,IMO9732149
565661000,IMO9342504
565671000,IMO9610640
565694000,IMO9528005
565747000,IMO9342516
565762000,IMO9334674
565778000,IMO9401996
565792000,IMO9732151
565819000,IMO9342528
565825000,IMO9334686
565831000,IMO9690884
565835000,IMO9338888
565929000,IMO9424857
565947000,IMO9367578
565955000,IMO9713404
565971000,IMO9392925
566006000,IMO9350989
566014000,IMO9727041
566028000,IMO9438482
566029000,IMO9350991
566039000,IMO9578775
566041000,IMO9438509
566044000,IMO9722302
566046000,IMO9732955
566049000,IMO9438511
566055000,IMO9525314
566082000,IMO9464003
566085000,IMO9515395
566086000,IMO9515412
566087000,IMO9605798
566088000,IMO9122655
566095000,IMO9700550
566097000,IMO9611278
566098000,IMO9611280
566113000,IMO9446099
566167000,IMO9722027
566184000,IMO9179725
566204000,IMO9431472
566207000,IMO9731365
566222000,IMO9453781
566238000,IMO9578787
566262000,IMO9593294
566264000,IMO9713777
566267000,IMO9727429
566274000,IMO9222493
566288000,IMO9690896
566318000,IMO9461867
566377000,IMO9464027
566399000,IMO9569255
566407000,IMO9461881
566409000,IMO9462017
566410000,IMO9462029
566464000,IMO9598945
566482000,IMO9462031
566483000,IMO9462043
566490000,IMO9561497
566492000,IMO9525390
566493000,IMO9525405
566510000,IMO9455296
566584000,IMO9474668
566603000,IMO9598957
566607000,IMO9675834
566619000,IMO9529504
566626000,IMO9615212
566636000,IMO9298533
566637000,IMO9638616
566642000,IMO9457622
566645000,IMO9726437
566646000,IMO9753387
566654000,IMO9138513
566673000,IMO9595474
566675000,IMO9613422
566699000,IMO9464039
566704000,IMO9601302
566705000,IMO9601314
566706000,IMO9563938
566707000,IMO9613446
566715000,IMO9638836
566716000,IMO9474797
566730000,IMO9457634
566732000,IMO9595498
566756000,IMO9529255
566779000,IMO9348170
566781000,IMO9348156
566794000,IMO9595503
566797000,IMO9597472
566798000,IMO9638501
566817000,IMO9626120
566828000,IMO9457646
566829000,IMO9714264
566831000,IMO9617674
566837000,IMO9366122
566846000,IMO9638630
566853000,IMO9595515
566857000,IMO9593048
566877000,IMO9533440
566878000,IMO9612296
566886000,IMO9457658
566923000,IMO9552977
566942000,IMO9457660
566949000,IMO9604093
566950000,IMO9597496
566951000,IMO9597501
566953000,IMO9597525
566958000,IMO9597551
566959000,IMO9597563
566961000,IMO9632210
566969000,IMO9317341
566970000,IMO9604110
566971000,IMO9728851
566977000,IMO9558268
566985000,IMO9474802
566996000,IMO9660085
566998000,IMO9393319
566999000,IMO9385025
567015000,IMO9354739
567017000,IMO9726413
567019000,IMO9732199
567049000,IMO9496941
567053000,IMO9302906
567097000,IMO9354741
567105000,IMO9343417
567109000,IMO9726425
567111000,IMO9751248
567274000,IMO9353668
567278000,IMO9732187
567279000,IMO9434723
567438000,IMO9434735
567444000,IMO9296303
567445000,IMO9296274
567461000,IMO9323649
567556000,IMO9326146
567607000,IMO9649861
567608000,IMO9649885
567609000,IMO9936513
567614000,IMO9936525
567638000,IMO9703423
576327000,IMO9355537
577149000,IMO9758765
577168000,IMO9668271
577238000,IMO9799757
577278000,IMO9700885
577346000,IMO9638678
577364000,IMO9553127
583010107,IMO9786061
601027720,IMO9573787
601684700,IMO9339959
622121409,IMO9460746
622121414,IMO9460760
622121422,IMO9460734
622121429,IMO9897999
636010697,IMO9251315
636011072,IMO9195298
636011285,IMO9251327
636011527,IMO9228370
636011638,IMO9254903
636012807,IMO9302619
636012808,IMO9302621
636012871,IMO9309655
636012905,IMO9311763
636013095,IMO9330654
636013143,IMO9318187
636013144,IMO9322322
636013146,IMO9019652
636013437,IMO9278117
636013470,IMO9360025
636013521,IMO9350018
636013522,IMO9350020
636013564,IMO9343871
636013644,IMO9278105
636013646,IMO9394765
636013689,IMO9337444
636013690,IMO9337456
636013691,IMO9337468
636013692,IMO9337470
636013693,IMO9337482
636013698,IMO9353280
636013699,IMO9353292
636013892,IMO9450868
636013898,IMO9231482
636014059,IMO9386471
636014168,IMO9386483
636014169,IMO9397602
636014199,IMO9386495
636014200,IMO9397614
636014219,IMO9398400
636014220,IMO9398448
636014221,IMO9398412
636014222,IMO9398450
636014224,IMO9398462
636014242,IMO9515694
636014366,IMO9446403
636014441,IMO9469546
636014455,IMO9278545
636014459,IMO9554676
636014472,IMO9494905
636014524,IMO9331713
636014525,IMO9478523
636014557,IMO9438523
636014558,IMO9438535
636014568,IMO9476666
636014569,IMO9476678
636014571,IMO9484687
636014573,IMO9261449
636014577,IMO9419931
636014590,IMO9247560
636014610,IMO9450727
636014626,IMO9583330
636014629,IMO9420124
636014630,IMO9469625
636014632,IMO9492218
636014633,IMO9492220
636014644,IMO9222302
636014672,IMO9497476
636014693,IMO9598153
636014705,IMO9592733
636014706,IMO9592745
636014708,IMO9453054
636014709,IMO9453066
636014720,IMO9453509
636014741,IMO9303780
636014783,IMO9450739
636014788,IMO9382736
636014797,IMO9450753
636014798,IMO9450765
636014799,IMO9450777
636014800,IMO9564384
636014812,IMO9523500
636014817,IMO9571416
636014862,IMO9456367
636014865,IMO9332016
636014878,IMO9587477
636014887,IMO9453523
636014894,IMO9426128
636014899,IMO9453535
636014908,IMO9468229
636014922,IMO9494034
636014926,IMO9494022
636014927,IMO9522934
636014945,IMO9494058
636014955,IMO9403413
636014964,IMO9497488
636014968,IMO9236535
636014996,IMO9455870
636014997,IMO9457737
636015002,IMO9472103
636015019,IMO9484936
636015020,IMO9484948
636015032,IMO9505900
636015033,IMO9493896
636015034,IMO9502635
636015035,IMO9613056
636015094,IMO9498432
636015110,IMO9468217
636015124,IMO9487627
636015131,IMO9464247
636015170,IMO9593476
636015171,IMO9593488
636015173,IMO9509401
636015182,IMO9484998
636015183,IMO9485007
636015197,IMO9485899
636015227,IMO9568237
636015233,IMO9275397
636015278,IMO9521863
636015279,IMO9521875
636015284,IMO9634969
636015288,IMO9502623
636015289,IMO9598165
636015295,IMO9590620
636015296,IMO9497517
636015333,IMO9635999
636015335,IMO9558490
636015353,IMO9540481
636015357,IMO9442574
636015358,IMO9499462
636015386,IMO9468231
636015404,IMO9256755
636015435,IMO9484699
636015455,IMO9539248
636015458,IMO9500675
636015467,IMO9484534
636015481,IMO9626560
636015496,IMO9231779
636015498,IMO9611905
636015503,IMO9484522
636015506,IMO9465265
636015514,IMO9473731
636015516,IMO9475674
636015524,IMO9227273
636015536,IMO9548237
636015547,IMO9497529
636015548,IMO9601338
636015549,IMO9601340
636015557,IMO9610418
636015598,IMO9615107
636015600,IMO9196307
636015604,IMO9465277
636015607,IMO9475703
636015629,IMO9594509
636015637,IMO9548213
636015657,IMO9604914
636015658,IMO9326330
636015659,IMO9644990
636015660,IMO9649835
636015664,IMO9619426
636015666,IMO9619440
636015671,IMO9663623
636015672,IMO9663635
636015676,IMO9286956
636015708,IMO9615042
636015710,IMO9647277
636015725,IMO9624445
636015743,IMO9315379
636015750,IMO9300855
636015751,IMO9300831
636015754,IMO9385611
636015758,IMO9641340
636015759,IMO9641352
636015760,IMO9641364
636015771,IMO9544920
636015773,IMO9479333
636015777,IMO9483279
636015790,IMO9642356
636015806,IMO9625528
636015819,IMO9624237
636015837,IMO9588249
636015857,IMO9563689
636015872,IMO9677026
636015873,IMO9233844
636015874,IMO9520625
636015884,IMO9530979
636015892,IMO9666431
636015897,IMO9238777
636015902,IMO9460318
636015907,IMO9632947
636015949,IMO9355185
636015950,IMO9625542
636015952,IMO9260914
636015956,IMO9675391
636015957,IMO9675406
636015975,IMO9349605
636015980,IMO9627899
636015986,IMO9642382
636015990,IMO9650999
636015992,IMO9308807
636015993,IMO9308792
636015994,IMO9325180
636016043,IMO9333711
636016044,IMO9667423
636016066,IMO9074042
636016069,IMO9626651
636016070,IMO9626663
636016074,IMO9629380
636016096,IMO9539212
636016100,IMO9595278
636016106,IMO9247546
636016125,IMO9627904
636016126,IMO9629445
636016151,IMO9597381
636016177,IMO9627916
636016179,IMO9706281
636016185,IMO9629457
636016197,IMO9707584
636016198,IMO9261970
636016199,IMO9332872
636016200,IMO9332884
636016201,IMO9393307
636016203,IMO9322358
636016204,IMO9280861
636016205,IMO9289908
636016206,IMO9432892
636016231,IMO9629469
636016242,IMO9664885
636016243,IMO9596650
636016248,IMO9432907
636016262,IMO9626675
636016277,IMO9477787
636016288,IMO9684225
636016295,IMO9591088
636016305,IMO9695016
636016306,IMO9695028
636016321,IMO9627928
636016338,IMO9516703
636016351,IMO9678824
636016353,IMO9692650
636016396,IMO9661558
636016415,IMO9210086
636016417,IMO9210062
636016420,IMO9355197
636016421,IMO9233430
636016423,IMO9297876
636016424,IMO9297864
636016429,IMO9238741
636016430,IMO9227338
636016431,IMO9227340
636016432,IMO9244881
636016434,IMO9227297
636016435,IMO9227302
636016436,IMO9227314
636016437,IMO9227326
636016445,IMO9713882
636016450,IMO9481489
636016475,IMO9218052
636016476,IMO9141297
636016480,IMO9328675
636016487,IMO9323637
636016492,IMO9147071
636016497,IMO9689172
636016498,IMO9696515
636016499,IMO9696527
636016502,IMO9733820
636016520,IMO9506514
636016529,IMO9310290
636016530,IMO9736157
636016531,IMO9736169
636016580,IMO9751016
636016600,IMO9670901
636016601,IMO9670925
636016606,IMO9701140
636016647,IMO9344679
636016649,IMO9347255
636016650,IMO9347279
636016656,IMO9358395
636016657,IMO9617430
636016672,IMO9267649
636016673,IMO9267637
636016678,IMO9717589
636016688,IMO9316191
636016697,IMO9497622
636016703,IMO9496604
636016705,IMO9496628
636016707,IMO9718909
636016708,IMO9718911
636016742,IMO9184859
636016769,IMO9725548
636016770,IMO9315824
636016774,IMO9663740
636016791,IMO9713416
636016795,IMO9624043
636016805,IMO9149328
636016827,IMO9675705
636016834,IMO9723186
636016847,IMO9724740
636016848,IMO9724752
636016851,IMO9275036
636016852,IMO9309277
636016853,IMO9289556
636016891,IMO9670743
636016895,IMO9303754
636016900,IMO9708318
636016901,IMO9588380
636016909,IMO9509671
636016911,IMO9509712
636016912,IMO9509695
636016922,IMO9559676
636016926,IMO9554066
636016971,IMO9729556
636016972,IMO9729568
636016973,IMO9408774
636016978,IMO9189366
636016979,IMO9189354
636016980,IMO9189500
636016983,IMO9710220
636016985,IMO9710232
636016999,IMO9293179
636017000,IMO9293167
636017002,IMO9597800
636017006,IMO9038907
636017008,IMO9762871
636017022,IMO9224049
636017030,IMO9537915
636017033,IMO9762883
636017034,IMO9762895
636017036,IMO9762912
636017045,IMO9301457
636017052,IMO9467952
636017062,IMO9363950
636017065,IMO9718698
636017070,IMO9708033
636017071,IMO9708045
636017072,IMO9708057
636017073,IMO9708069
636017074,IMO9727493
636017075,IMO9727508
636017076,IMO9727510
636017077,IMO9727522
636017090,IMO9590046
636017102,IMO9732591
636017103,IMO9740457
636017104,IMO9728253
636017112,IMO9339583
636017150,IMO9723045
636017153,IMO9383261
636017155,IMO9383247
636017156,IMO9590785
636017171,IMO9718002
636017173,IMO9229300
636017184,IMO9426245
636017196,IMO9696448
636017197,IMO9696450
636017229,IMO9426154
636017242,IMO9728150
636017271,IMO9478468
636017294,IMO9229403
636017305,IMO9748382
636017306,IMO9229312
636017309,IMO9246310
636017329,IMO9707754
636017330,IMO9736391
636017334,IMO9747871
636017344,IMO9670781
636017356,IMO9718014
636017360,IMO9399741
636017368,IMO9774472
636017370,IMO9774484
636017371,IMO9774496
636017376,IMO9789817
636017377,IMO9789831
636017382,IMO9705342
636017386,IMO9719551
636017392,IMO9741138
636017393,IMO9741152
636017405,IMO9138305
636017408,IMO9647473
636017419,IMO9740809
636017430,IMO9728162
636017435,IMO9755957
636017469,IMO9718026
636017488,IMO9767560
636017489,IMO9782340
636017493,IMO9737709
636017495,IMO9524683
636017496,IMO9513907
636017503,IMO9600657
636017505,IMO9330501
636017506,IMO9762326
636017509,IMO9740811
636017514,IMO9426817
636017515,IMO9426805
636017516,IMO9762338
636017519,IMO9735103
636017520,IMO9275048
636017521,IMO9302786
636017522,IMO9757838
636017523,IMO9426049
636017531,IMO9627758
636017537,IMO9606326
636017539,IMO9762534
636017540,IMO9841017
636017550,IMO9566813
636017555,IMO9363314
636017559,IMO9696826
636017560,IMO9696838
636017569,IMO9754953
636017571,IMO9759678
636017572,IMO9759680
636017577,IMO9754965
636017581,IMO9169122
636017582,IMO9116369
636017583,IMO9757955
636017607,IMO9589712
636017611,IMO9621003
636017617,IMO9514377
636017637,IMO9748760
636017643,IMO9085522
636017649,IMO9748837
636017659,IMO9364356
636017670,IMO9349497
636017683,IMO9430868
636017685,IMO9767388
636017686,IMO9767390
636017692,IMO9313307
636017700,IMO9364344
636017713,IMO9448035
636017720,IMO9448023
636017730,IMO9357080
636017731,IMO9357119
636017745,IMO9519066
636017746,IMO9507893
636017751,IMO9483217
636017767,IMO9748289
636017780,IMO9453248
636017781,IMO9646663
636017782,IMO9646675
636017802,IMO9509140
636017803,IMO9509152
636017846,IMO9275323
636017854,IMO9737606
636017867,IMO9762340
636017870,IMO9748291
636017887,IMO9641792
636017895,IMO9574200
636017896,IMO9812482
636017897,IMO9812494
636017898,IMO9595175
636017903,IMO9757034
636017916,IMO9502908
636017918,IMO9489986
636017921,IMO9503732
636017923,IMO9553804
636017929,IMO9275024
636017944,IMO9186390
636017962,IMO9804564
636017973,IMO9347425
636017981,IMO9485045
636017982,IMO9465162
636017984,IMO9615377
636017989,IMO9650872
636017992,IMO9551698
636017993,IMO9419773
636017994,IMO9419785
636018018,IMO9290476
636018024,IMO9747687
636018028,IMO9408865
636018034,IMO9268916
636018035,IMO9399753
636018037,IMO9406738
636018038,IMO9408877
636018042,IMO9594432
636018051,IMO9729893
636018053,IMO9514315
636018055,IMO9575254
636018057,IMO9461465
636018058,IMO9461477
636018059,IMO9461489
636018062,IMO9465368
636018067,IMO9804942
636018068,IMO9756729
636018069,IMO9408853
636018070,IMO9408841
636018075,IMO9304447
636018077,IMO9712668
636018079,IMO9304459
636018086,IMO9467976
636018097,IMO9401051
636018102,IMO9318060
636018105,IMO9477309
636018106,IMO9756731
636018124,IMO9406934
636018128,IMO9785122
636018135,IMO9498341
636018137,IMO9498353
636018138,IMO9498365
636018141,IMO9498389
636018143,IMO9498444
636018144,IMO9498456
636018145,IMO9498470
636018146,IMO9498482
636018189,IMO9337676
636018211,IMO9273791
636018220,IMO9811957
636018221,IMO9820958
636018222,IMO9337652
636018225,IMO9356696
636018226,IMO9273806
636018230,IMO9163207
636018238,IMO9329473
636018242,IMO9231262
636018248,IMO9765598
636018250,IMO9479008
636018254,IMO9346366
636018268,IMO9135638
636018270,IMO9804954
636018271,IMO9800398
636018276,IMO9770763
636018289,IMO9375927
636018304,IMO9841029
636018316,IMO9311050
636018320,IMO9181675
636018330,IMO9467627
636018331,IMO9467562
636018340,IMO9254692
636018346,IMO9797187
636018347,IMO9782089
636018362,IMO9514327
636018363,IMO9478860
636018364,IMO9345960
636018365,IMO9599016
636018377,IMO9516387
636018385,IMO9463035
636018392,IMO9467586
636018396,IMO9792448
636018455,IMO9801342
636018470,IMO9520651
636018471,IMO9395953
636018475,IMO9316828
636018481,IMO9830161
636018482,IMO9832652
636018488,IMO9247405
636018494,IMO9782091
636018505,IMO9726774
636018508,IMO9481960
636018517,IMO9811531
636018518,IMO9815939
636018523,IMO9797199
636018535,IMO9792450
636018541,IMO9679907
636018551,IMO9577757
636018553,IMO9565338
636018560,IMO9383259
636018563,IMO9431707
636018571,IMO9463047
636018572,IMO9463059
636018574,IMO9802205
636018581,IMO9667588
636018585,IMO9729312
636018590,IMO9488633
636018636,IMO9787974
636018637,IMO9796535
636018643,IMO9805790
636018654,IMO9862841
636018655,IMO9862853
636018656,IMO9838553
636018657,IMO9853113
636018658,IMO9290842
636018659,IMO9398228
636018660,IMO9398216
636018664,IMO9490765
636018669,IMO9583225
636018674,IMO9614892
636018675,IMO9473315
636018693,IMO9315874
636018700,IMO9667150
636018701,IMO9667186
636018702,IMO9667162
636018703,IMO9667174
636018713,IMO9509607
636018714,IMO9509621
636018729,IMO9374571
636018732,IMO9326823
636018800,IMO9085558
636018807,IMO9445576
636018820,IMO9862970
636018821,IMO9862982
636018826,IMO9778985
636018846,IMO9516777
636018854,IMO9820702
636018868,IMO9838072
636018869,IMO9838084
636018871,IMO9862621
636018886,IMO9642021
636018910,IMO9385063
636018912,IMO9085546
636018931,IMO9810915
636018933,IMO9085534
636018938,IMO9350800
636018939,IMO9477866
636018964,IMO9196838
636018969,IMO9844605
636018971,IMO9849320
636018973,IMO9849758
636018990,IMO9854521
636018991,IMO9854533
636018993,IMO9854557
636019013,IMO9578543
636019016,IMO9837303
636019021,IMO9770749
636019032,IMO9699177
636019033,IMO9774446
636019034,IMO9774434
636019035,IMO9699165
636019061,IMO9395927
636019065,IMO9304461
636019068,IMO9846548
636019085,IMO9312755
636019086,IMO9312937
636019087,IMO9312779
636019088,IMO9312949
636019108,IMO9779018
636019110,IMO9845269
636019139,IMO9846275
636019143,IMO9616606
636019144,IMO9420265
636019146,IMO9747314
636019161,IMO9865001
636019162,IMO9503184
636019169,IMO9544762
636019170,IMO9860817
636019184,IMO9855642
636019190,IMO9888467
636019193,IMO9582831
636019197,IMO9509126
636019206,IMO9842061
636019207,IMO9842073
636019213,IMO9842085
636019214,IMO9842102
636019215,IMO9842097
636019245,IMO9347956
636019249,IMO9464510
636019264,IMO9838539
636019265,IMO9838541
636019291,IMO9728801
636019306,IMO9846067
636019319,IMO9880283
636019320,IMO9880295
636019322,IMO9880300
636019325,IMO9849057
636019326,IMO9849069
636019331,IMO9256470
636019332,IMO9285471
636019342,IMO9285677
636019347,IMO9832925
636019355,IMO9196840
636019356,IMO9853125
636019388,IMO9855927
636019394,IMO9860518
636019395,IMO9232890
636019396,IMO9567166
636019398,IMO9566849
636019400,IMO9693290
636019407,IMO9256482
636019409,IMO9866548
636019411,IMO9703265
636019413,IMO9301483
636019421,IMO9866029
636019425,IMO9306471
636019434,IMO9477610
636019440,IMO9843405
636019441,IMO9843417
636019443,IMO9240873
636019445,IMO9442536
636019448,IMO9746009
636019449,IMO9325350
636019454,IMO9499424
636019478,IMO9456147
636019493,IMO9285653
636019498,IMO9891866
636019499,IMO9891878
636019502,IMO9767510
636019523,IMO9418652
636019536,IMO9285689
636019538,IMO9865362
636019542,IMO9700043
636019543,IMO9723992
636019555,IMO9853606
636019560,IMO9883376
636019566,IMO9870563
636019581,IMO9780952
636019582,IMO9619452
636019587,IMO9589619
636019592,IMO9860594
636019610,IMO9533335
636019611,IMO9533347
636019622,IMO9478157
636019623,IMO9569968
636019624,IMO9533323
636019625,IMO9683128
636019648,IMO9860702
636019662,IMO9284295
636019668,IMO9479890
636019673,IMO9229348
636019682,IMO9370197
636019684,IMO9870575
636019690,IMO9860697
636019704,IMO9475715
636019715,IMO9676113
636019716,IMO9406180
636019717,IMO9430777
636019733,IMO9520883
636019753,IMO9866524
636019756,IMO9805805
636019759,IMO9229336
636019760,IMO9229324
636019789,IMO9890642
636019794,IMO9631125
636019797,IMO9866627
636019803,IMO9566837
636019819,IMO9853436
636019820,IMO9860415
636019822,IMO9882279
636019823,IMO9884605
636019824,IMO9708904
636019825,IMO9222285
636019829,IMO9652583
636019832,IMO9784374
636019840,IMO9378838
636019847,IMO9757010
636019849,IMO9837119
636019868,IMO9222297
636019876,IMO9619749
636019915,IMO9861316
636019924,IMO9883352
636019931,IMO9509138
636019948,IMO9496331
636019952,IMO9802231
636019967,IMO9866184
636019968,IMO9880221
636019969,IMO9897822
636019971,IMO9863089
636019972,IMO9863091
636019974,IMO9867566
636019976,IMO9791042
636019984,IMO9860922
636019985,IMO9860934
636019986,IMO9860946
636019997,IMO9780964
636019998,IMO9832482
636020019,IMO9861328
636020065,IMO9520766
636020074,IMO9419230
636020075,IMO9419242
636020076,IMO9423566
636020077,IMO9419254
636020106,IMO9502776
636020107,IMO9502764
636020111,IMO9311476
636020122,IMO9757022
636020125,IMO9771030
636020142,IMO9801287
636020148,IMO9897573
636020150,IMO9502611
636020157,IMO9231157
636020168,IMO9344693
636020170,IMO9344681
636020177,IMO9715842
636020185,IMO9791054
636020187,IMO9425930
636020192,IMO9344643
636020198,IMO9403396
636020202,IMO9307279
636020204,IMO9597094
636020205,IMO9883675
636020206,IMO9509645
636020207,IMO9509683
636020212,IMO9470492
636020215,IMO9215672
636020222,IMO9748497
636020226,IMO9347267
636020235,IMO9650781
636020241,IMO9403451
636020244,IMO9697870
636020245,IMO9536909
636020252,IMO9348675
636020257,IMO9348687
636020258,IMO9348699
636020266,IMO9216987
636020267,IMO9727479
636020269,IMO9783978
636020283,IMO9692698
636020285,IMO9692686
636020296,IMO9902251
636020304,IMO9497359
636020307,IMO9338278
636020315,IMO9791066
636020317,IMO9500754
636020326,IMO9450387
636020327,IMO9450375
636020328,IMO9590955
636020334,IMO9293442
636020337,IMO9650157
636020339,IMO9582946
636020342,IMO9496185
636020344,IMO9594913
636020347,IMO9358888
636020349,IMO9162227
636020350,IMO9153862
636020351,IMO9218650
636020352,IMO9399789
636020353,IMO9399739
636020354,IMO9399765
636020360,IMO9203538
636020371,IMO9850862
636020374,IMO9727467
636020375,IMO9574028
636020397,IMO9395214
636020402,IMO9615028
636020411,IMO9883077
636020416,IMO9585596
636020433,IMO9684469
636020450,IMO9902550
636020456,IMO9850874
636020457,IMO9486257
636020461,IMO9481702
636020463,IMO9673795
636020467,IMO9644251
636020468,IMO9295165
636020475,IMO9262728
636020476,IMO9262716
636020478,IMO9403528
636020479,IMO9750830
636020483,IMO9280811
636020485,IMO9922237
636020486,IMO9922249
636020488,IMO9922263
636020489,IMO9922251
636020494,IMO9318058
636020495,IMO9305489
636020497,IMO9318046
636020498,IMO9285665
636020499,IMO9285691
636020501,IMO9305477
636020518,IMO9347889
636020519,IMO9557135
636020524,IMO9307047
636020525,IMO9317145
636020528,IMO9397248
636020536,IMO9850886
636020537,IMO9477282
636020550,IMO9551351
636020563,IMO9552381
636020573,IMO9383857
636020583,IMO9302097
636020584,IMO9899806
636020590,IMO9484792
636020592,IMO9456537
636020594,IMO9591959
636020597,IMO9892676
636020601,IMO9554183
636020609,IMO9307009
636020647,IMO9909194
636020648,IMO9431719
636020651,IMO9512317
636020656,IMO9881885
636020659,IMO9400112
636020664,IMO9340556
636020666,IMO9275115
636020671,IMO9881897
636020673,IMO9926001
636020675,IMO9704829
636020676,IMO9704843
636020677,IMO9721982
636020684,IMO9850898
636020692,IMO9466881
636020697,IMO9931563
636020702,IMO9270828
636020723,IMO9565118
636020727,IMO9585651
636020728,IMO9146479
636020729,IMO9166780
636020730,IMO9166778
636020732,IMO9902275
636020763,IMO9917488
636020768,IMO9892688
636020769,IMO9222974
636020770,IMO9222986
636020772,IMO9214214
636020773,IMO9213583
636020775,IMO9231236
636020782,IMO9471238
636020783,IMO9315915
636020787,IMO9436484
636020791,IMO9929302
636020793,IMO9929326
636020794,IMO9908281
636020802,IMO9897925
636020824,IMO9440813
636020826,IMO9929003
636020827,IMO9929015
636020828,IMO9929027
636020830,IMO9929041
636020846,IMO9435246
636020853,IMO9647875
636020854,IMO9330642
636020857,IMO9626601
636020858,IMO9894791
636020868,IMO9261451
636020869,IMO9221839
636020870,IMO9260902
636020873,IMO9589255
636020874,IMO9589267
636020875,IMO9664275
636020879,IMO9908243
636020883,IMO9400954
636020884,IMO9669976
636020886,IMO9233856
636020898,IMO9301328
636020905,IMO9460899
636020908,IMO9767534
636020909,IMO9911630
636020918,IMO9302085
636020935,IMO9580209
636020936,IMO9369734
636020937,IMO9344564
636020939,IMO9243198
636020941,IMO9243174
636020948,IMO9573828
636020952,IMO9434462
636020960,IMO9235490
636020966,IMO9622423
636020967,IMO9499450
636020973,IMO9707687
636020974,IMO9561813
636020977,IMO9537628
636020979,IMO9305506
636020983,IMO9407885
636020984,IMO9437050
636020985,IMO9437062
636020986,IMO9437048
636020994,IMO9850836
636021002,IMO9354167
636021004,IMO9330525
636021005,IMO9338084
636021012,IMO9785445
636021013,IMO9635688
636021018,IMO9750440
636021019,IMO9595967
636021020,IMO9455894
636021024,IMO9672040
636021026,IMO9791080
636021033,IMO9742390
636021034,IMO9699957
636021035,IMO9665607
636021036,IMO9665621
636021040,IMO9679555
636021044,IMO9552836
636021055,IMO9243186
636021058,IMO9652492
636021059,IMO9597654
636021061,IMO9307839
636021068,IMO9908255
636021073,IMO9611577
636021081,IMO9608697
636021082,IMO9425758
636021101,IMO9307023
636021111,IMO9674933
636021112,IMO9674921
636021122,IMO9785457
636021123,IMO9785483
636021124,IMO9643790
636021126,IMO9478597
636021127,IMO9701061
636021128,IMO9471226
636021147,IMO9497880
636021148,IMO9669380
636021151,IMO9294989
636021153,IMO9236224
636021155,IMO9294991
636021160,IMO9231822
636021161,IMO9231810
636021170,IMO9941570
636021171,IMO9943243
636021177,IMO9908449
636021190,IMO9850848
636021192,IMO9478951
636021197,IMO9669407
636021198,IMO9700251
636021203,IMO9454199
636021204,IMO9563380
636021215,IMO9919321
636021217,IMO9595929
636021218,IMO9464508
636021220,IMO9461104
636021227,IMO9684134
636021230,IMO9405100
636021241,IMO9524669
636021242,IMO9519298
636021244,IMO9789984
636021251,IMO9706310
636021252,IMO9241475
636021264,IMO9610248
636021266,IMO9719862
636021270,IMO9454280
636021274,IMO9450844
636021278,IMO9514389
636021280,IMO9936240
636021288,IMO9936252
636021304,IMO9464417
636021306,IMO9415844
636021318,IMO9932361
636021319,IMO9912438
636021320,IMO9348663
636021321,IMO9320685
636021323,IMO9292151
636021329,IMO9302566
636021335,IMO9932658
636021348,IMO9628817
636021362,IMO9440837
636021364,IMO9785471
636021365,IMO9908047
636021387,IMO9850850
636021393,IMO9286231
636021394,IMO9525900
636021399,IMO9738210
636021403,IMO9738208
636021408,IMO9120853
636021423,IMO9469558
636021426,IMO9454175
636021427,IMO9374454
636021428,IMO9649873
636021429,IMO9358022
636021431,IMO9363546
636021434,IMO9469780
636021440,IMO9294513
636021443,IMO9558907
636021445,IMO9302748
636021448,IMO9327803
636021449,IMO9327798
636021456,IMO9884277
636021457,IMO9884265
636021462,IMO9850903
636021466,IMO9912440
636021470,IMO9932892
636021472,IMO9440801
636021476,IMO9946233
636021487,IMO9728368
636021508,IMO9950600
636021513,IMO9781982
636021527,IMO9332224
636021528,IMO9617351
636021529,IMO9301990
636021532,IMO9583160
636021536,IMO9953119
636021537,IMO9946063
636021539,IMO9946087
636021540,IMO9946099
636021548,IMO9922029
636021563,IMO9926477
636021565,IMO9932098
636021578,IMO9792682
636021579,IMO9894715
636021585,IMO9950430
636021602,IMO9539286
636021611,IMO9621041
636021617,IMO9946245
636021622,IMO9780316
636021625,IMO9928384
636021626,IMO9928396
636021630,IMO9338137
636021641,IMO9581708
636021642,IMO9606766
636021643,IMO9581681
636021647,IMO9455533
636021648,IMO9455545
636021649,IMO9629914
636021663,IMO9930935
636021664,IMO9464716
636021665,IMO9930947
636021666,IMO9930959
636021667,IMO9930961
636021671,IMO9976410
636021674,IMO9597111
636021690,IMO9792618
636021693,IMO9792694
636021710,IMO9481441
636021715,IMO9657026
636021716,IMO9553206
636021719,IMO9709221
636021722,IMO9432153
636021739,IMO9389382
636021741,IMO9569229
636021760,IMO9317925
636021765,IMO9277486
636021768,IMO9927251
636021770,IMO9927263
636021771,IMO9927275
636021777,IMO9261750
636021779,IMO9943231
636021785,IMO9293583
636021786,IMO9293909
636021817,IMO9510345
636021831,IMO9571313
636021837,IMO9621039
636021851,IMO9602992
636021852,IMO9602978
636021855,IMO6287772
636021857,IMO9318151
636021862,IMO9642502
636021864,IMO9673513
636021866,IMO9600633
636021897,IMO9714769
636021905,IMO9691577
636021914,IMO9256315
636021920,IMO9839818
636021935,IMO9926271
636021972,IMO9738882
636021992,IMO9200677
636021993,IMO9200689
636021994,IMO9196864
636021995,IMO9197545
636022007,IMO9230311
636022008,IMO9552329
636022022,IMO9141285
636022027,IMO9792709
636022035,IMO9932646
636022083,IMO9303390
636022085,IMO9612284
636022091,IMO9919917
636022111,IMO9244946
636022112,IMO9244934
636022113,IMO9244922
636022116,IMO9196852
636022127,IMO9980186
636022128,IMO9728186
636022132,IMO9687150
636022134,IMO9781968
636022138,IMO9692662
636022149,IMO9877925
636022168,IMO9692674
636022173,IMO9951135
636022174,IMO9951147
636022175,IMO9951159
636022178,IMO9951185
636022181,IMO9961441
636022183,IMO9961465
636022187,IMO9805685
636022194,IMO9942093
636022204,IMO9363015
636022208,IMO9951654
636022219,IMO9272345
636022222,IMO9483231
636022261,IMO9477359
636022285,IMO9325099
636022308,IMO9363039
636022309,IMO9480526
636022332,IMO9925368
636022333,IMO9925370
636022334,IMO9933987
636022335,IMO9933999
636022337,IMO9357212
636022349,IMO9983451
636022355,IMO9571272
636022371,IMO9493016
636022374,IMO9363041
636022422,IMO9713404
636022431,IMO9527415
636022441,IMO9927287
636022442,IMO9927299
636022443,IMO9932036
636022448,IMO9932050
636022449,IMO9932062
636022450,IMO9540065
636022451,IMO9540077
636022462,IMO9729910
636022463,IMO9512630
636022464,IMO9723057
636022465,IMO9660035
636022491,IMO9460655
636022519,IMO9228174
636022520,IMO9248526
636022536,IMO9612375
636022551,IMO9683116
636022552,IMO9703813
636022554,IMO9936264
636022571,IMO9539377
636022586,IMO9408085
636022595,IMO9838448
636022635,IMO9311787
636022638,IMO9967677
636022639,IMO9967689
636022645,IMO9720976
636022662,IMO9571442
636022687,IMO9982483
636022691,IMO9953810
636022693,IMO9964302
636022699,IMO9808352
636022702,IMO9771262
636022706,IMO9728136
636022717,IMO9701243
636022720,IMO9954735
636022721,IMO9954747
636022722,IMO9954759
636022723,IMO9954761
636022724,IMO9437311
636022753,IMO9174282
636022754,IMO9174490
636022757,IMO9941788
636022758,IMO9941790
636022769,IMO9951886
636022773,IMO9971953
636022780,IMO9954967
636022782,IMO9955014
636022784,IMO9647887
636022795,IMO9290488
636022811,IMO9700330
636022814,IMO9972127
636022830,IMO9852028
636022831,IMO9852030
636022832,IMO9839820
636022837,IMO9994802
636022839,IMO9994838
636022841,IMO9403281
636022850,IMO9304162
636022875,IMO9618317
636022882,IMO9968956
636022903,IMO9967407
636022913,IMO9609706
636022924,IMO9649706
636022926,IMO9817511
636022941,IMO9330068
636022946,IMO9666649
636022953,IMO9963217
636022955,IMO9963229
636022956,IMO9963231
636022964,IMO9683130
636022973,IMO9970947
636022974,IMO9970959
636022984,IMO9168843
636022985,IMO9168831
636022986,IMO9479046
636022996,IMO9955040
636023001,IMO9500821
636023004,IMO9272230
636023023,IMO9967263
636023028,IMO9967316
636023029,IMO9727417
636023031,IMO9567453
636023032,IMO9965837
636023057,IMO9959319
636023058,IMO9260445
636023059,IMO9260433
636023060,IMO9260457
636023061,IMO9260421
636023062,IMO9260469
636023063,IMO9260419
636023065,IMO9248148
636023071,IMO9932672
636023072,IMO9563392
636023105,IMO9672507
636023145,IMO9252541
636023175,IMO9960502
636023186,IMO9442469
636023198,IMO9976408
636023218,IMO9763693
636023225,IMO9960215
636023226,IMO9253026
636023227,IMO9241190
636023240,IMO9481788
636023247,IMO9747302
636023250,IMO9757230
636023252,IMO9757228
636023259,IMO9497842
636023265,IMO9947146
636023266,IMO9946867
636023268,IMO9947134
636023269,IMO9946879
636023293,IMO9969089
636023296,IMO9658915
636023309,IMO9260378
636023312,IMO9955789
636023318,IMO9799939
636023322,IMO9826457
636023334,IMO9690509
636023342,IMO9979254
636023343,IMO9979266
636023361,IMO9723954
636023364,IMO9605645
636023366,IMO9979058
636023371,IMO9969625
636023378,IMO9962586
636023379,IMO9962598
636023381,IMO9698305
636023395,IMO9855848
636023398,IMO9946726
636023414,IMO9965540
636023440,IMO9177428
636023448,IMO9620126
636023454,IMO9971472
636023456,IMO9971496
636023458,IMO9979515
636023470,IMO9981295
636023493,IMO9991305
636023494,IMO9991513
636023535,IMO9224520
636023542,IMO9298545
636023545,IMO9690901
636023581,IMO9820910
636023582,IMO9757216
636023584,IMO9984479
636023590,IMO9994113
636023592,IMO1024869
636023601,IMO9286798
636023645,IMO9864215
636023650,IMO9944455
636023671,IMO9715476
636023679,IMO9964194
636023725,IMO9271925
636023726,IMO9272228
636023731,IMO1014955
636023735,IMO9971874
636023742,IMO9604782
636023747,IMO9960552
636023748,IMO9663350
636023757,IMO9946893
636023758,IMO9946881
636023766,IMO9747053
636023772,IMO9414149
636023784,IMO9983774
636023789,IMO9731389
636023799,IMO9437385
636023801,IMO9320398
636023802,IMO9984405
636023805,IMO1048346
636023829,IMO9710505
636023849,IMO9944467
636023862,IMO9289312
636023863,IMO9290153
636023891,IMO9944479
636023897,IMO1015325
636023909,IMO9014078
636023917,IMO9723148
636023920,IMO9596727
636023937,IMO9536428
636023971,IMO9944481
636023972,IMO9944493
636023987,IMO9715206
636023994,IMO9984730
636024021,IMO9537276
636024024,IMO9158288
636024038,IMO9955258
636024040,IMO9467005
636024048,IMO9987184
636024051,IMO9718442
636024066,IMO9370408
636024071,IMO9993468
636024072,IMO9993482
636024086,IMO1021881
636024096,IMO9977385
636024099,IMO9473327
636024100,IMO9985605
636024109,IMO9984326
636024110,IMO9984338
636024111,IMO9984340
636024119,IMO9955246
636024124,IMO9977359
636024125,IMO9977361
636024128,IMO9399105
636024130,IMO9782003
636024131,IMO9755816
636024132,IMO9755804
636024187,IMO9962615
636024188,IMO9483229
636024190,IMO9409077
636024192,IMO9702508
636024193,IMO9983669
636024194,IMO9983671
636024201,IMO9960514
636024212,IMO9521849
636024217,IMO9955260
636024228,IMO9715438
636024229,IMO9542491
636024233,IMO9441427
636024239,IMO9441415
636024251,IMO9764051
636024252,IMO9764063
636024253,IMO9663104
636024272,IMO9968279
636024273,IMO9603116
636024277,IMO9494747
636024283,IMO9418731
636024286,IMO9788100
636024288,IMO9699373
636024289,IMO9960526
636024299,IMO9944508
636024325,IMO1051109
636024330,IMO9955284
636024335,IMO9699359
636024353,IMO9960538
636024380,IMO9575204
636024387,IMO9964390
636024390,IMO9975557
636024395,IMO9682863
636024421,IMO9964235
636024432,IMO1043841
636024445,IMO9592537
636024449,IMO9603154
636024462,IMO1014967
636024481,IMO9955272
636024483,IMO9434943
636024484,IMO9446104
636024506,IMO9974474
636024507,IMO9975569
636024514,IMO9987287
636024548,IMO9571399
636024562,IMO9345984
636024583,IMO9999967
636024584,IMO9760134
636024590,IMO9496977
636024600,IMO9470387
636024624,IMO9542544
636024625,IMO9660061
636024633,IMO9181560
636024635,IMO9999979
636024637,IMO9860386
636024641,IMO9542817
636024642,IMO9974539
636024644,IMO9834387
636024649,IMO9553218
636024654,IMO9960540
636024666,IMO9964405
636024673,IMO9955296
636024675,IMO9621780
636024686,IMO9401922
636024736,IMO9975571
636024748,IMO9763980
636024760,IMO9801744
636024823,IMO9964417
636024824,IMO9604811
636024862,IMO9623659
636024876,IMO9301471
636024895,IMO9975583
636024900,IMO9985681
636024902,IMO9715828
636024942,IMO9748069
636024944,IMO9758442
636024945,IMO9983140
636024985,IMO9450337
636024993,IMO9301495
636024996,IMO9071557
636025012,IMO9946738
636025014,IMO9978937
636025032,IMO8007793
636025034,IMO9575228
636025038,IMO9569932
636025043,IMO9753296
636025061,IMO9461506
636025080,IMO1030856
636025124,IMO9312432
636025133,IMO1036020
636025148,IMO9492713
636025149,IMO9492701
636025206,IMO9345764
636025233,IMO1050789
636025250,IMO9811505
636025252,IMO9974565
636025299,IMO9512367
636025300,IMO9668271
636025329,IMO9975600
636025335,IMO9754991
636025351,IMO9963580
636025365,IMO9700677
636025414,IMO9712656
636025432,IMO9522817
636025440,IMO9618276
636025463,IMO9981752
636025523,IMO9983152
636025754,IMO9764037
636025802,IMO9580106
636025844,IMO9502740
636090799,IMO9253026
636090856,IMO9246695
636090862,IMO9297840
636090863,IMO9297852
636090899,IMO9253038
636090902,IMO9241190
636090967,IMO9314961
636091030,IMO9333371
636091116,IMO9295361
636091125,IMO9283708
636091130,IMO9283693
636091202,IMO9423530
636091203,IMO9423542
636091232,IMO9314985
636091270,IMO9369734
636091273,IMO9326706
636091308,IMO9333046
636091328,IMO9295373
636091346,IMO9353228
636091400,IMO9373486
636091448,IMO9345984
636091473,IMO9349801
636091486,IMO9219379
636091487,IMO9334521
636091527,IMO9405033
636091656,IMO9516387
636091690,IMO9477347
636091783,IMO9353230
636091784,IMO9391787
636091788,IMO9468102
636091832,IMO9450313
636091833,IMO9450325
636091848,IMO9150212
636091883,IMO9456977
636091888,IMO9415246
636091916,IMO9481520
636091959,IMO9460356
636091985,IMO9483231
636092028,IMO9537898
636092036,IMO9453793
636092041,IMO9570838
636092044,IMO9404443
636092084,IMO9570864
636092140,IMO9307841
636092151,IMO9507790
636092152,IMO9483229
636092155,IMO9540869
636092156,IMO9540871
636092181,IMO9481532
636092183,IMO9574042
636092188,IMO9461441
636092195,IMO9459955
636092212,IMO9480174
636092247,IMO9475258
636092253,IMO9459967
636092268,IMO9484431
636092269,IMO9480186
636092271,IMO9484455
636092275,IMO9480215
636092311,IMO9277280
636092312,IMO9267754
636092313,IMO9267742
636092314,IMO9277292
636092330,IMO9467017
636092331,IMO9363546
636092391,IMO9349796
636092392,IMO9290945
636092424,IMO9539688
636092477,IMO9535101
636092500,IMO9495777
636092574,IMO9401661
636092597,IMO9717515
636092602,IMO9464950
636092666,IMO9731717
636092675,IMO9602679
636092677,IMO9682930
636092678,IMO9612870
636092679,IMO9295957
636092680,IMO9612882
636092681,IMO9306196
636092697,IMO9495765
636092705,IMO9689562
636092706,IMO9689574
636092708,IMO9690092
636092711,IMO9690107
636092712,IMO9756092
636092713,IMO9756107
636092721,IMO9589621
636092722,IMO9589633
636092728,IMO9766346
636092729,IMO9766358
636092730,IMO9767546
636092733,IMO9777711
636092734,IMO9777723
636092738,IMO9667576
636092742,IMO9622916
636092743,IMO9484704
636092744,IMO9498846
636092750,IMO9462366
636092764,IMO9502960
636092765,IMO9401063
636092778,IMO9290440
636092780,IMO9447897
636092781,IMO9447859
636092782,IMO9447914
636092783,IMO9447873
636092784,IMO9569970
636092786,IMO9687552
636092792,IMO9687538
636092793,IMO9687540
636092798,IMO9687564
636092799,IMO9687576
636092804,IMO9465253
636092811,IMO9468114
636092814,IMO9687588
636092815,IMO9374454
636092816,IMO9463633
636092817,IMO9463671
636092818,IMO9463669
636092819,IMO9463657
636092823,IMO9410301
636092824,IMO9410284
636092825,IMO9410260
636092826,IMO9387463
636092828,IMO9830123
636092848,IMO9400083
636092849,IMO9464675
636092850,IMO9464596
636092851,IMO9464663
636092855,IMO9351218
636092860,IMO9312418
636092863,IMO9294537
636092864,IMO9294549
636092866,IMO9444417
636092874,IMO9830135
636092878,IMO9623673
636092879,IMO9623661
636092880,IMO9162679
636092881,IMO9865245
636092882,IMO9832509
636092883,IMO9286255
636092887,IMO9222273
636092888,IMO9200677
636092889,IMO9388912
636092890,IMO9388900
636092892,IMO9388895
636092895,IMO9718947
636092896,IMO9683867
636092898,IMO9718935
636092901,IMO9834375
636092909,IMO9869710
636092910,IMO9225615
636092911,IMO9302102
636092914,IMO9334818
636092919,IMO9401283
636092927,IMO9286243
636092929,IMO9286231
636092930,IMO9306158
636092932,IMO9225641
636092940,IMO9602174
636092950,IMO9493999
636092952,IMO9493987
636092953,IMO9200706
636092960,IMO9874648
636092962,IMO9762900
636092963,IMO9696840
636092972,IMO9548586
636092976,IMO9225653
636092978,IMO9598567
636092979,IMO9535242
636092982,IMO9357999
636092983,IMO9301990
636092984,IMO9349875
636092985,IMO9753260
636092993,IMO9839832
636092995,IMO9339595
636093002,IMO9609706
636093013,IMO9687124
636093017,IMO9633082
636093018,IMO9665645
636093019,IMO9537276
636093022,IMO9711913
636093027,IMO9303766
636093030,IMO9333058
636093031,IMO9439498
636093037,IMO9616735
636093041,IMO9293818
636093042,IMO9293789
636093043,IMO9469778
636093046,IMO9237498
636093051,IMO9320427
636093054,IMO9308390
636093055,IMO9335812
636093060,IMO9741140
636093061,IMO9599171
636093065,IMO9626364
636093069,IMO9442172
636093079,IMO9468126
636093082,IMO9332872
636093086,IMO9347279
636093089,IMO9932127
636093091,IMO9947768
636093092,IMO9947770
636093093,IMO9293791
636093094,IMO9293820
636093095,IMO9449833
636093096,IMO9478573
636093100,IMO9332858
636093110,IMO9594482
636093115,IMO9552329
636093121,IMO9193288
636093122,IMO9337224
636093123,IMO9488035
636093127,IMO9488047
636093131,IMO9193305
636093133,IMO9626601
636093138,IMO9488061
636093139,IMO9349540
636093140,IMO9349538
636093143,IMO9440825
636093145,IMO9193290
636093146,IMO9295256
636093148,IMO9525900
636093149,IMO9525924
636093154,IMO9229843
636093155,IMO9229829
636093156,IMO9343728
636093160,IMO9349497
636093161,IMO9229831
636093164,IMO9525912
636093167,IMO9295244
636093170,IMO9229855
636093172,IMO9525883
636093173,IMO9728174
636093174,IMO9525936
636093175,IMO9525895
636093176,IMO9525871
636093177,IMO9320702
636093178,IMO9320697
636093180,IMO9618666
636093182,IMO9525869
636093185,IMO9696527
636093186,IMO9525857
636093193,IMO9450430
636093194,IMO9450416
636093207,IMO9965588
636093210,IMO9813826
636093211,IMO9700251
636093213,IMO9825403
636093219,IMO9450428
636093220,IMO9332860
636093229,IMO9965590
636093230,IMO9972488
636093231,IMO9972490
636093239,IMO9941609
636093241,IMO9910351
636093242,IMO9910363
636093249,IMO9983229
636093258,IMO9992256
636093270,IMO9399753
636093273,IMO9450442
636093279,IMO9348687
636093280,IMO9348699
636093286,IMO9450404
636093288,IMO9910105
636093289,IMO9941623
636093290,IMO9955923
636093292,IMO9408865
636093293,IMO9406738
636093294,IMO9408841
636093300,IMO1023968
636093302,IMO9509607
636093305,IMO9290464
636093306,IMO9302645
636093309,IMO9450399
636093311,IMO9693290
636093331,IMO9707754
636093350,IMO9461051
636093355,IMO9613020
636093356,IMO9613006
636093366,IMO9501370
636093367,IMO9501368
636093368,IMO9501332
636093372,IMO1030806
636093384,IMO1030818
636093387,IMO9952646
