mmsi,imo,ship_type_detailed,gross_tonnage,ship_type_group
102810,IMO0004711,,,Other Cargo
205087000,IMO9713478,Bulk Carrier,34810.0,Bulk Carrier
205118000,IMO9434931,Container Ship (Fully Cellular),26836.0,Container Ship
205125000,IMO9703411,Bulk Carrier,25442.0,Bulk Carrier
205221000,IMO9700005,Bulk Carrier,24868.0,Bulk Carrier
205410000,IMO9955571,Bulk Carrier,49508.0,Bulk Carrier
205544000,IMO9683271,Bulk Carrier,94528.0,Bulk Carrier
205700000,IMO9748368,Bulk Carrier,34830.0,Bulk Carrier
205717000,IMO9748485,Bulk Carrier,34773.0,Bulk Carrier
205728000,IMO9607576,General Cargo Ship (Open Hatch),29218.0,Other Cargo
205776000,IMO9846079,Bulk Carrier,35194.0,Bulk Carrier
205783000,IMO9575668,Bulk Carrier,91971.0,Bulk Carrier
205789000,IMO9846081,Bulk Carrier,35194.0,Bulk Carrier
205790000,IMO9715816,Bulk Carrier,34349.0,Bulk Carrier
207138000,IMO9553983,General Cargo Ship,11627.0,Other Cargo
209004000,IMO9689835,Bulk Carrier,43291.0,Bulk Carrier
209008000,IMO9415222,Bulk Carrier,19814.0,Bulk Carrier
209012000,IMO9401960,Bulk Carrier,42931.0,Bulk Carrier
209017000,IMO9416719,General Cargo Ship (Open Hatch),24140.0,Other Cargo
209026000,IMO9256884,Bulk Carrier,40002.0,Bulk Carrier
209087000,IMO9719874,Container Ship (Fully Cellular),70704.0,Container Ship
209109000,IMO9426881,General Cargo Ship (Open Hatch),21018.0,Other Cargo
209156000,IMO9287340,General Cargo Ship (Open Hatch),19748.0,Other Cargo
209172000,IMO9438676,Bulk Carrier,51130.0,Bulk Carrier
209182000,IMO9459979,Bulk Carrier,19814.0,Bulk Carrier
209184000,IMO9612325,Bulk Carrier,22746.0,Bulk Carrier
209191000,IMO9592123,Bulk Carrier,44323.0,Bulk Carrier
209218000,IMO9236078,General Cargo Ship (Open Hatch),19746.0,Other Cargo
209251000,IMO9307229,Container Ship (Fully Cellular),108069.0,Container Ship
209289000,IMO9220976,General Cargo Ship (Open Hatch),19743.0,Other Cargo
209316000,IMO9220988,General Cargo Ship (Open Hatch),19743.0,Other Cargo
209317000,IMO9309485,Bulk Carrier,46982.0,Bulk Carrier
209355000,IMO9432153,General Cargo Ship,24221.0,Other Cargo
209384000,IMO9402287,Bulk Carrier,93712.0,Bulk Carrier
209393000,IMO9236080,General Cargo Ship (Open Hatch),19746.0,Other Cargo
209423000,IMO9247754,Container Ship (Fully Cellular),75484.0,Container Ship
209425000,IMO9509803,Container Ship (Fully Cellular),17068.0,Container Ship
209430000,IMO9453406,Bulk Carrier,47984.0,Bulk Carrier
209438000,IMO9309497,Bulk Carrier,46982.0,Bulk Carrier
209443000,IMO9638173,Bulk Carrier,40329.0,Bulk Carrier
209444000,IMO9507714,Container Ship (Fully Cellular),9909.0,Container Ship
209451000,IMO9594494,General Cargo Ship,22863.0,Other Cargo
209470000,IMO9247742,Container Ship (Fully Cellular),75484.0,Container Ship
209497000,IMO9302762,Bulk Carrier,39738.0,Bulk Carrier
209504000,IMO9517422,Container Ship (Fully Cellular),16137.0,Container Ship
209520000,IMO9317925,Container Ship (Fully Cellular),53481.0,Container Ship
209550000,IMO9285990,Container Ship (Fully Cellular),90645.0,Container Ship
209559000,IMO9247730,Container Ship (Fully Cellular),75484.0,Container Ship
209565000,IMO9697143,Bulk Carrier,25515.0,Bulk Carrier
209566000,IMO9959149,Bulk Carrier,43613.0,Bulk Carrier
209596000,IMO9518919,Bulk Carrier,93960.0,Bulk Carrier
209607000,IMO9852810,Bulk Carrier,43497.0,Bulk Carrier
209613000,IMO9266542,Container Ship (Fully Cellular),9990.0,Container Ship
209615000,IMO9247766,Container Ship (Fully Cellular),75484.0,Container Ship
209631000,IMO9382097,Vehicles Carrier,40619.0,Other Cargo
209641000,IMO9167980,General Cargo Ship,2039.0,Other Cargo
209652000,IMO9975466,Bulk Carrier,43543.0,Bulk Carrier
209677000,IMO9516399,Bulk Carrier,39737.0,Bulk Carrier
209697000,IMO9403451,Container Ship (Fully Cellular),9957.0,Container Ship
209699000,IMO9406934,Container Ship (Fully Cellular),9957.0,Container Ship
209705000,IMO9364356,Container Ship (Fully Cellular),9940.0,Container Ship
209716000,IMO9262704,Container Ship (Fully Cellular),75484.0,Container Ship
209721000,IMO9595266,Bulk Carrier,44289.0,Bulk Carrier
209722000,IMO9453377,Bulk Carrier,47984.0,Bulk Carrier
209729000,IMO9274264,General Cargo Ship,2978.0,Other Cargo
209761000,IMO9460904,Bulk Carrier,43152.0,Bulk Carrier
209766000,IMO9650169,Bulk Carrier,33084.0,Bulk Carrier
209783000,IMO9698226,Bulk Carrier,45229.0,Bulk Carrier
209786000,IMO9604952,Bulk Carrier,50647.0,Bulk Carrier
209795000,IMO9450595,Container Ship (Fully Cellular),40030.0,Container Ship
209798000,IMO9450583,Container Ship (Fully Cellular),40030.0,Container Ship
209831000,IMO9975478,Bulk Carrier,43543.0,Bulk Carrier
209850000,IMO9355422,Container Ship (Fully Cellular),8273.0,Container Ship
209854000,IMO9381524,Bulk Carrier,44146.0,Bulk Carrier
209862000,IMO9395032,Container Ship (Fully Cellular),15375.0,Container Ship
209877000,IMO9875135,Bulk Carrier,45229.0,Bulk Carrier
209882000,IMO9181156,Refrigerated Cargo Ship,9859.0,Other Cargo
209888000,IMO9848730,Container Ship (Fully Cellular),31622.0,Container Ship
209889000,IMO9317834,Bulk Carrier,47051.0,Bulk Carrier
209891000,IMO9961439,Bulk Carrier,43543.0,Bulk Carrier
209919000,IMO9453391,Bulk Carrier,47984.0,Bulk Carrier
209920000,IMO9299630,Container Ship (Fully Cellular),91410.0,Container Ship
209933000,IMO9426867,General Cargo Ship (Open Hatch),21018.0,Other Cargo
209941000,IMO9591600,Bulk Carrier,50647.0,Bulk Carrier
209964000,IMO9843766,Bulk Carrier,44095.0,Bulk Carrier
209979000,IMO9307243,Container Ship (Fully Cellular),108069.0,Container Ship
210007000,IMO9478810,Bulk Carrier,31759.0,Bulk Carrier
210014000,IMO9278430,Bulk Carrier,39802.0,Bulk Carrier
210028000,IMO9866249,Container Ship (Fully Cellular),17982.0,Container Ship
210059000,IMO9255050,General Cargo Ship (Open Hatch),19746.0,Other Cargo
210065000,IMO9333369,Container Ship (Fully Cellular),17360.0,Container Ship
210069000,IMO9510694,Bulk Carrier,45999.0,Bulk Carrier
210070000,IMO9848742,Container Ship (Fully Cellular),31622.0,Container Ship
210073000,IMO9296626,Bulk Carrier,43151.0,Bulk Carrier
210083000,IMO9454905,Bulk Carrier,47984.0,Bulk Carrier
210085000,IMO9843443,Bulk Carrier,43993.0,Bulk Carrier
210136000,IMO9454917,Bulk Carrier,47984.0,Bulk Carrier
210146000,IMO9227376,,,Other Cargo
210159000,IMO9395070,Container Ship (Fully Cellular),15375.0,Container Ship
210185000,IMO9620994,Bulk Carrier,24196.0,Bulk Carrier
210188000,IMO9542491,Bulk Carrier,40325.0,Bulk Carrier
210195000,IMO9866251,Container Ship (Fully Cellular),17982.0,Container Ship
210208000,IMO9337224,General Cargo Ship,9620.0,Other Cargo
210210000,IMO9857432,Container Ship (Fully Cellular),31622.0,Container Ship
210232000,IMO9958755,General Cargo Ship,25784.0,Other Cargo
210234000,IMO9380805,General Cargo Ship (Open Hatch),19748.0,Other Cargo
210247000,IMO9491599,Container Ship (Fully Cellular),9999.0,Container Ship
210261000,IMO9609691,Bulk Carrier,22668.0,Bulk Carrier
210266000,IMO9639684,Bulk Carrier,41963.0,Bulk Carrier
210296000,IMO9430090,Container Ship (Fully Cellular),7242.0,Container Ship
210308000,IMO7713125,,,Other Cargo
210355000,IMO9544750,Bulk Carrier,22683.0,Bulk Carrier
210358000,IMO9326536,Bulk Carrier,39738.0,Bulk Carrier
210361000,IMO9449699,Container Ship (Fully Cellular),9996.0,Container Ship
210367000,IMO9319595,Container Ship (Fully Cellular),9981.0,Container Ship
210427000,IMO9447005,Bulk Carrier,94232.0,Bulk Carrier
210464000,IMO9239812,Bulk Carrier,18311.0,Bulk Carrier
210469000,IMO9337092,Bulk Carrier,39659.0,Bulk Carrier
210470000,IMO9932737,Bulk Carrier,48233.0,Bulk Carrier
210499000,IMO9113202,General Cargo Ship,4015.0,Other Cargo
210503000,IMO9359935,General Cargo Ship,9938.0,Other Cargo
210505000,IMO9932749,Bulk Carrier,48233.0,Bulk Carrier
210509000,IMO9609720,Bulk Carrier,22668.0,Bulk Carrier
210514000,IMO9664275,Container Ship (Fully Cellular),9932.0,Container Ship
210517000,IMO9374973,General Cargo Ship,8999.0,Other Cargo
210558000,IMO9558696,Bulk Carrier,33338.0,Bulk Carrier
210589000,IMO9698862,Bulk Carrier,43229.0,Bulk Carrier
210602000,IMO9316971,Bulk Carrier,9865.0,Bulk Carrier
210604000,IMO9313931,Container Ship (Fully Cellular),48788.0,Container Ship
210610000,IMO9302619,Container Ship (Fully Cellular),90922.0,Container Ship
210614000,IMO9602435,Bulk Carrier,43089.0,Bulk Carrier
210638000,IMO9731389,General Cargo Ship,24778.0,Other Cargo
210653000,IMO9337444,Container Ship (Fully Cellular),90507.0,Container Ship
210655000,IMO9729350,Bulk Carrier,34345.0,Bulk Carrier
210702000,IMO9675676,Bulk Carrier,92726.0,Bulk Carrier
210737000,IMO9292618,Bulk Carrier,41059.0,Bulk Carrier
210740000,IMO9347750,Container Ship (Fully Cellular),9981.0,Container Ship
210749000,IMO9406922,Container Ship (Fully Cellular),9957.0,Container Ship
210764000,IMO9637131,Bulk Carrier,23433.0,Bulk Carrier
210777000,IMO9255062,General Cargo Ship (Open Hatch),19746.0,Other Cargo
210786000,IMO9300752,General Cargo Ship (Open Hatch),24140.0,Other Cargo
210815000,IMO9393589,General Cargo Ship,19128.0,Other Cargo
210843000,IMO9393553,General Cargo Ship,19128.0,Other Cargo
210858000,IMO9546784,Bulk Carrier,20535.0,Bulk Carrier
210875000,IMO9438121,Bulk Carrier,51130.0,Bulk Carrier
210885000,IMO9313929,Container Ship (Fully Cellular),48788.0,Container Ship
210905000,IMO9395123,Container Ship (Fully Cellular),15375.0,Container Ship
210925000,IMO9313204,Container Ship (Fully Cellular),16324.0,Container Ship
210930000,IMO9700859,Bulk Carrier,35812.0,Bulk Carrier
210950000,IMO9395044,Container Ship (Fully Cellular),15375.0,Container Ship
210953000,IMO9688843,Bulk Carrier,23433.0,Bulk Carrier
210959000,IMO9330941,General Cargo Ship,2978.0,Other Cargo
210969000,IMO9718454,Bulk Carrier,24198.0,Bulk Carrier
210970000,IMO9323912,Bulk Carrier,46982.0,Bulk Carrier
210990000,IMO9976642,Bulk Carrier,36434.0,Bulk Carrier
210998000,IMO9393539,General Cargo Ship,19128.0,Other Cargo
210999999,IMO9999999,,,Other Cargo
211256150,IMO9336189,Container Ship (Fully Cellular),26368.0,Container Ship
211311970,IMO9193288,Container Ship (Fully Cellular),54437.0,Container Ship
211327410,IMO9193290,Container Ship (Fully Cellular),54465.0,Container Ship
211331640,IMO9193305,Container Ship (Fully Cellular),54465.0,Container Ship
211335760,IMO9193317,Container Ship (Fully Cellular),54465.0,Container Ship
211549000,IMO9501344,Container Ship (Fully Cellular),143262.0,Container Ship
211577000,IMO9458901,Heavy Load Carrier,15026.0,Other Cargo
211578000,IMO9613020,Container Ship (Fully Cellular),143262.0,Container Ship
211779000,IMO9252565,Container Ship (Fully Cellular),75590.0,Container Ship
211839000,IMO9295268,Container Ship (Fully Cellular),93811.0,Container Ship
212040000,IMO9416721,General Cargo Ship (Open Hatch),24140.0,Other Cargo
212054000,IMO9277711,Bulk Carrier,88249.0,Bulk Carrier
212091000,IMO9436460,Bulk Carrier,63993.0,Bulk Carrier
212093000,IMO9409742,Bulk Carrier,19814.0,Bulk Carrier
212122000,IMO9750036,Bulk Carrier,36394.0,Bulk Carrier
212125000,IMO9376000,General Cargo Ship (Open Hatch),19748.0,Other Cargo
212138000,IMO9668881,Bulk Carrier,43007.0,Bulk Carrier
212139000,IMO9468786,Bulk Carrier,50617.0,Bulk Carrier
212175000,IMO9285988,Container Ship (Fully Cellular),90645.0,Container Ship
212205000,IMO9652519,General Cargo Ship,20992.0,Other Cargo
212210000,IMO9692703,Bulk Carrier,31538.0,Bulk Carrier
212215000,IMO9459981,Bulk Carrier,19814.0,Bulk Carrier
212250000,IMO9667368,Bulk Carrier,40951.0,Bulk Carrier
212258000,IMO9467550,Bulk Carrier,23426.0,Bulk Carrier
212275000,IMO9426879,General Cargo Ship (Open Hatch),21018.0,Other Cargo
212276000,IMO9360910,Container Ship (Fully Cellular),40030.0,Container Ship
212282000,IMO9675602,Bulk Carrier,40872.0,Bulk Carrier
212287000,IMO9393577,General Cargo Ship,19128.0,Other Cargo
212300000,IMO9697961,Bulk Carrier,23433.0,Bulk Carrier
212301000,IMO9697973,Bulk Carrier,23433.0,Bulk Carrier
212303000,IMO9539365,General Cargo Ship,14859.0,Other Cargo
212314000,IMO9393565,General Cargo Ship,19128.0,Other Cargo
212321000,IMO9317468,Bulk Carrier,40017.0,Bulk Carrier
212337000,IMO9393149,Bulk Carrier,19814.0,Bulk Carrier
212340000,IMO9413913,Bulk Carrier,19814.0,Bulk Carrier
212344000,IMO9181118,Bulk Carrier,86210.0,Bulk Carrier
212347000,IMO9305673,Container Ship (Fully Cellular),74651.0,Container Ship
212348000,IMO9305661,Container Ship (Fully Cellular),74651.0,Container Ship
212350000,IMO9305659,Container Ship (Fully Cellular),74651.0,Container Ship
212351000,IMO9305685,Container Ship (Fully Cellular),74651.0,Container Ship
212352000,IMO9334349,Container Ship (Fully Cellular),35824.0,Container Ship
212353000,IMO9305647,Container Ship (Fully Cellular),74651.0,Container Ship
212366000,IMO9643453,Bulk Carrier,23163.0,Bulk Carrier
212370000,IMO9189574,General Cargo Ship,2988.0,Other Cargo
212372000,IMO9393151,Bulk Carrier,19814.0,Bulk Carrier
212426000,IMO9736157,Bulk Carrier,35812.0,Bulk Carrier
212438000,IMO9738040,Bulk Carrier,44127.0,Bulk Carrier
212439000,IMO9300764,General Cargo Ship (Open Hatch),24140.0,Other Cargo
212451000,IMO9650157,Bulk Carrier,33084.0,Bulk Carrier
212460000,IMO9717436,Bulk Carrier,41759.0,Bulk Carrier
212482000,IMO9698850,Bulk Carrier,43429.0,Bulk Carrier
212539000,IMO9730268,Bulk Carrier,34206.0,Bulk Carrier
212555000,IMO9411537,Bulk Carrier,46982.0,Bulk Carrier
212557000,IMO9360257,Container Ship (Fully Cellular),28007.0,Container Ship
212566000,IMO9461192,Bulk Carrier,43012.0,Bulk Carrier
212582000,IMO9713387,Bulk Carrier,36394.0,Bulk Carrier
212583000,IMO9750048,Bulk Carrier,36394.0,Bulk Carrier
212587000,IMO9734159,Container Ship (Fully Cellular),25090.0,Container Ship
212589000,IMO9741293,Bulk Carrier,41747.0,Bulk Carrier
212642000,IMO9309459,Container Ship (Fully Cellular),94489.0,Container Ship
212659000,IMO9724958,Container Ship (Fully Cellular),28316.0,Container Ship
212669000,IMO9393541,General Cargo Ship,19128.0,Other Cargo
212671000,IMO9302578,Container Ship (Fully Cellular),54586.0,Container Ship
212679000,IMO9465734,Bulk Carrier,40170.0,Bulk Carrier
212684000,IMO9323053,Bulk Carrier,43151.0,Bulk Carrier
212700000,IMO9290426,Container Ship (Fully Cellular),54809.0,Container Ship
212712000,IMO9595357,Bulk Carrier,22413.0,Bulk Carrier
212715000,IMO9710189,General Cargo Ship,24778.0,Other Cargo
212719000,IMO9698238,Bulk Carrier,45229.0,Bulk Carrier
212745000,IMO9591167,Bulk Carrier,45955.0,Bulk Carrier
212746000,IMO9294991,Container Ship (Fully Cellular),94483.0,Container Ship
212773000,IMO9180358,Bulk Carrier,21387.0,Bulk Carrier
212775000,IMO9500584,Bulk Carrier,31784.0,Bulk Carrier
212790000,IMO9194440,Bulk Carrier,8486.0,Bulk Carrier
212814000,IMO9802487,Container Ship (Fully Cellular),28433.0,Container Ship
212836000,IMO9180372,Bulk Carrier,21387.0,Bulk Carrier
212891000,IMO9180384,Bulk Carrier,21387.0,Bulk Carrier
212917000,IMO9395082,Container Ship (Fully Cellular),15375.0,Container Ship
212921000,IMO9510319,Bulk Carrier,43024.0,Bulk Carrier
212934000,IMO9180396,Bulk Carrier,21387.0,Bulk Carrier
212960000,IMO9318929,Container Ship (Fully Cellular),6701.0,Container Ship
215002000,IMO9817901,Container Ship (Fully Cellular),19035.0,Container Ship
215025000,IMO9579315,Bulk Carrier,23204.0,Bulk Carrier
215031000,IMO956795800,,,Other Cargo
215035000,IMO8219334,,,Other Cargo
215060000,IMO9519169,Bulk Carrier,22400.0,Bulk Carrier
215125000,IMO9780859,Container Ship (Fully Cellular),141950.0,Container Ship
215126000,IMO9780861,Container Ship (Fully Cellular),141950.0,Container Ship
215131000,IMO9410806,Container Ship (Fully Cellular),131332.0,Container Ship
215137000,IMO9780897,Container Ship (Fully Cellular),141950.0,Container Ship
215141000,IMO8114429,,,Other Cargo
215144000,IMO9586447,Bulk Carrier,5235.0,Bulk Carrier
215146000,IMO9360154,Container Ship (Fully Cellular),17594.0,Container Ship
215154000,IMO9454400,Container Ship (Fully Cellular),151446.0,Container Ship
215157000,IMO9362437,Container Ship (Fully Cellular),17594.0,Container Ship
215158000,IMO9454424,Container Ship (Fully Cellular),151446.0,Container Ship
215159000,IMO9331000,Container Ship (Fully Cellular),54309.0,Container Ship
215164000,IMO9410727,Container Ship (Fully Cellular),131332.0,Container Ship
215165000,IMO9351139,Container Ship (Fully Cellular),54309.0,Container Ship
215169000,IMO9046265,,,Other Cargo
215175000,IMO9317963,Container Ship (Fully Cellular),54309.0,Container Ship
215181000,IMO9780885,Container Ship (Fully Cellular),141950.0,Container Ship
215183000,IMO9351141,Container Ship (Fully Cellular),54309.0,Container Ship
215185000,IMO9409194,Container Ship (Fully Cellular),73779.0,Container Ship
215187000,IMO9331012,Container Ship (Fully Cellular),54309.0,Container Ship
215189000,IMO9348704,Container Ship (Fully Cellular),54309.0,Container Ship
215192000,IMO9410753,Container Ship (Fully Cellular),131332.0,Container Ship
215196000,IMO9410765,Container Ship (Fully Cellular),131332.0,Container Ship
215197000,IMO9780847,Container Ship (Fully Cellular),141950.0,Container Ship
215215000,IMO9409209,Container Ship (Fully Cellular),73779.0,Container Ship
215219000,IMO9454448,Container Ship (Fully Cellular),176546.0,Container Ship
215223000,IMO9231676,Bulk Carrier,17697.0,Bulk Carrier
215225000,IMO9410777,Container Ship (Fully Cellular),131332.0,Container Ship
215226000,IMO9588342,Bulk Carrier,22223.0,Bulk Carrier
215228000,IMO9588354,Bulk Carrier,22223.0,Bulk Carrier
215230000,IMO9317975,Container Ship (Fully Cellular),54309.0,Container Ship
215240000,IMO9351127,Container Ship (Fully Cellular),54309.0,Container Ship
215249000,IMO9410789,Container Ship (Fully Cellular),131332.0,Container Ship
215250000,IMO9607681,Bulk Carrier,93153.0,Bulk Carrier
215277000,IMO9460643,Bulk Carrier,94934.0,Bulk Carrier
215284000,IMO9603283,Bulk Carrier,45310.0,Bulk Carrier
215293000,IMO9450612,Container Ship (Fully Cellular),90931.0,Container Ship
215312000,IMO9835769,Bulk Carrier,29076.0,Bulk Carrier
215331000,IMO9839909,Container Ship (Fully Cellular),149314.0,Container Ship
215346000,IMO9839935,Container Ship (Fully Cellular),149314.0,Container Ship
215347000,IMO9839923,Container Ship (Fully Cellular),149314.0,Container Ship
215352000,IMO9860245,Container Ship (Fully Cellular),149314.0,Container Ship
215354000,IMO9839911,Container Ship (Fully Cellular),149314.0,Container Ship
215378000,IMO9835771,Bulk Carrier,29076.0,Bulk Carrier
215390000,IMO9480473,Bulk Carrier,34422.0,Bulk Carrier
215434000,IMO9758375,Bulk Carrier,43232.0,Bulk Carrier
215465000,IMO9865374,Bulk Carrier,34508.0,Bulk Carrier
215475000,IMO9835783,Bulk Carrier,29076.0,Bulk Carrier
215485000,IMO9433793,Container Ship (Fully Cellular),91498.0,Container Ship
215489000,IMO9738789,Bulk Carrier,40937.0,Bulk Carrier
215517000,IMO9588366,Bulk Carrier,22223.0,Bulk Carrier
215521000,IMO9595785,Bulk Carrier,22223.0,Bulk Carrier
215522000,IMO9588378,Bulk Carrier,22223.0,Bulk Carrier
215536000,IMO9590618,Bulk Carrier,24196.0,Bulk Carrier
215538000,IMO9589097,Bulk Carrier,24196.0,Bulk Carrier
215539000,IMO9158159,Bulk Carrier,25065.0,Bulk Carrier
215558000,IMO9461893,Container Ship (Fully Cellular),113735.0,Container Ship
215560000,IMO9632040,Container Ship (Fully Cellular),152350.0,Container Ship
215561000,IMO9430765,Container Ship (Fully Cellular),41225.0,Container Ship
215564000,IMO9586710,Bulk Carrier,22137.0,Bulk Carrier
215593000,IMO9626687,Bulk Carrier,44601.0,Bulk Carrier
215594000,IMO8005111,,,Other Cargo
215622000,IMO9331919,Bulk Carrier,31236.0,Bulk Carrier
215639000,IMO9414888,Bulk Carrier,58113.0,Bulk Carrier
215654000,IMO9605786,Vehicles Carrier,61106.0,Other Cargo
215657000,IMO9356294,Container Ship (Fully Cellular),128600.0,Container Ship
215662000,IMO9841653,Bulk Carrier,29041.0,Bulk Carrier
215672000,IMO9835795,Bulk Carrier,29076.0,Bulk Carrier
215673000,IMO9841641,Bulk Carrier,29041.0,Bulk Carrier
215676000,IMO9584047,Bulk Carrier,44635.0,Bulk Carrier
215677000,IMO9584035,Bulk Carrier,44635.0,Bulk Carrier
215678000,IMO9595034,Bulk Carrier,44635.0,Bulk Carrier
215679000,IMO9595046,Bulk Carrier,44635.0,Bulk Carrier
215700000,IMO8612158,,,Other Cargo
215706000,IMO9461283,Bulk Carrier,89441.0,Bulk Carrier
215713000,IMO9288344,Bulk Carrier,30936.0,Bulk Carrier
215714000,IMO9288332,Bulk Carrier,30936.0,Bulk Carrier
215721000,IMO9469041,Bulk Carrier,47984.0,Bulk Carrier
215765000,IMO9859117,Container Ship (Fully Cellular),150844.0,Container Ship
215767000,IMO9180786,Bulk Carrier,38372.0,Bulk Carrier
215796000,IMO8308874,,,Other Cargo
215800000,IMO9670597,Container/Ro-Ro Cargo Ship,100430.0,Other Cargo
215801000,IMO9670614,Container/Ro-Ro Cargo Ship,100430.0,Other Cargo
215804000,IMO9670602,Container/Ro-Ro Cargo Ship,100430.0,Other Cargo
215809000,IMO9670585,Container/Ro-Ro Cargo Ship,100430.0,Other Cargo
215850000,IMO9299604,Bulk Carrier,40636.0,Bulk Carrier
215853000,IMO9228174,Bulk Carrier,87063.0,Bulk Carrier
215868000,IMO9714733,,,Other Cargo
215869000,IMO9462768,Bulk Carrier,22939.0,Bulk Carrier
215873000,IMO9324629,Bulk Carrier,30046.0,Bulk Carrier
215874000,IMO9324617,Bulk Carrier,30046.0,Bulk Carrier
215876000,IMO9434321,Vehicles Carrier,43810.0,Other Cargo
215879000,IMO9299812,Container Ship (Fully Cellular),107711.0,Container Ship
215881000,IMO9675597,Bulk Carrier,40939.0,Bulk Carrier
215882000,IMO9479034,Bulk Carrier,31250.0,Bulk Carrier
215887000,IMO9607289,Bulk Carrier,33042.0,Bulk Carrier
215891000,IMO9302956,Container Ship (Fully Cellular),26671.0,Container Ship
215895000,IMO9439606,Bulk Carrier,94710.0,Bulk Carrier
215896000,IMO9113446,Container Ship (Fully Cellular),14473.0,Container Ship
215930000,IMO9454412,Container Ship (Fully Cellular),151446.0,Container Ship
215938000,IMO9088249,Vehicles Carrier,44219.0,Other Cargo
215940000,IMO9279812,Vehicles Carrier,44408.0,Other Cargo
215965000,IMO9453559,Container Ship (Fully Cellular),151446.0,Container Ship
215992000,IMO8312631,,,Other Cargo
218158000,IMO9343728,Container Ship (Fully Cellular),93750.0,Container Ship
218170000,IMO9393242,General Cargo Ship,13058.0,Other Cargo
218284000,IMO9343730,Container Ship (Fully Cellular),93811.0,Container Ship
218350000,IMO9450428,Container Ship (Fully Cellular),93750.0,Container Ship
218352000,IMO9450430,Container Ship (Fully Cellular),93750.0,Container Ship
218355000,IMO9450416,Container Ship (Fully Cellular),93750.0,Container Ship
218364000,IMO9450442,Container Ship (Fully Cellular),93750.0,Container Ship
218400000,IMO9461403,Container Ship (Fully Cellular),153733.0,Container Ship
218412000,IMO9376490,General Cargo Ship,12950.0,Other Cargo
218426000,IMO9501356,Container Ship (Fully Cellular),143262.0,Container Ship
218427000,IMO9501368,Container Ship (Fully Cellular),143262.0,Container Ship
218433000,IMO9508407,General Cargo Ship,8255.0,Other Cargo
218441000,IMO9461427,Container Ship (Fully Cellular),153733.0,Container Ship
218474000,IMO9501370,Container Ship (Fully Cellular),143262.0,Container Ship
218509000,IMO9508419,General Cargo Ship,8255.0,Other Cargo
218522000,IMO9266566,General Cargo Ship,8383.0,Other Cargo
218566000,IMO9613018,Container Ship (Fully Cellular),143262.0,Container Ship
218629000,IMO9433315,General Cargo Ship,6967.0,Other Cargo
218643000,IMO9290567,Container Ship (Fully Cellular),107849.0,Container Ship
218650000,IMO9290555,Container Ship (Fully Cellular),107849.0,Container Ship
218705000,IMO9376505,General Cargo Ship,13058.0,Other Cargo
218774000,IMO9461051,Container Ship (Fully Cellular),142295.0,Container Ship
218776000,IMO9501332,Container Ship (Fully Cellular),143262.0,Container Ship
218791000,IMO9612997,Container Ship (Fully Cellular),143262.0,Container Ship
218819000,IMO9461386,Container Ship (Fully Cellular),153733.0,Container Ship
218826000,IMO9516753,Container Ship (Fully Cellular),18358.0,Container Ship
218834000,IMO9349887,Container Ship (Fully Cellular),27968.0,Container Ship
218843000,IMO9365790,Container Ship (Fully Cellular),111249.0,Container Ship
218844000,IMO9365805,Container Ship (Fully Cellular),111249.0,Container Ship
218845000,IMO9364992,Container Ship (Fully Cellular),111249.0,Container Ship
218846000,IMO9365788,Container Ship (Fully Cellular),111249.0,Container Ship
218847000,IMO9480203,Container Ship (Fully Cellular),61870.0,Container Ship
218853000,IMO9480227,Container Ship (Fully Cellular),61870.0,Container Ship
219024344,IMO9718117,Container Ship (Fully Cellular),94730.0,Container Ship
219027000,IMO9456771,Container Ship (Fully Cellular),141716.0,Container Ship
219027133,IMO9544152,General Cargo Ship (Open Hatch),23950.0,Other Cargo
219028012,IMO9826469,Bulk Carrier,36210.0,Bulk Carrier
219028014,IMO9826433,Bulk Carrier,35332.0,Bulk Carrier
219028015,IMO9826457,Bulk Carrier,36256.0,Bulk Carrier
219028042,IMO9826445,Bulk Carrier,35332.0,Bulk Carrier
219029762,IMO9330068,Container Ship (Fully Cellular),94322.0,Container Ship
219030432,IMO9520780,Bulk Carrier,32315.0,Bulk Carrier
219031000,IMO9458092,Container Ship (Fully Cellular),141716.0,Container Ship
219031114,IMO9855422,Bulk Carrier,25189.0,Bulk Carrier
219031231,IMO9855434,Bulk Carrier,25189.0,Bulk Carrier
219031305,IMO9721413,Bulk Carrier,25546.0,Bulk Carrier
219031309,IMO9782962,Bulk Carrier,23242.0,Bulk Carrier
219031372,IMO9736420,General Cargo Ship (Open Hatch),22426.0,Other Cargo
219031430,IMO9791925,Bulk Carrier,23232.0,Bulk Carrier
219031760,IMO9537848,Bulk Carrier,93795.0,Bulk Carrier
219032189,IMO9950117,Container Ship (Fully Cellular),26914.0,Container Ship
219032229,IMO9950129,Container Ship (Fully Cellular),26914.0,Container Ship
219032707,IMO9969857,Container Ship (Fully Cellular),26914.0,Container Ship
219032844,IMO9950131,Container Ship (Fully Cellular),26914.0,Container Ship
219033000,IMO9456757,Container Ship (Fully Cellular),141716.0,Container Ship
219056000,IMO9456769,Container Ship (Fully Cellular),141716.0,Container Ship
219071000,IMO9430387,Container Ship (Fully Cellular),86601.0,Container Ship
219072000,IMO9444730,Container Ship (Fully Cellular),85676.0,Container Ship
219086000,IMO9430363,Container Ship (Fully Cellular),85676.0,Container Ship
219117000,IMO9313955,Container Ship (Fully Cellular),48788.0,Container Ship
219130000,IMO9457000,Container Ship (Fully Cellular),50855.0,Container Ship
219155000,IMO9458080,Container Ship (Fully Cellular),141716.0,Container Ship
219192000,IMO9006215,General Cargo Ship,1964.0,Other Cargo
219196000,IMO9313917,Container Ship (Fully Cellular),48788.0,Container Ship
219198000,IMO9458078,Container Ship (Fully Cellular),141716.0,Container Ship
219199000,IMO9458030,Container Ship (Fully Cellular),141716.0,Container Ship
219204000,IMO9313929,Container Ship (Fully Cellular),48788.0,Container Ship
219210000,IMO9456783,Container Ship (Fully Cellular),141716.0,Container Ship
219212000,IMO8919817,,,Other Cargo
219216000,IMO9313905,Container Ship (Fully Cellular),48788.0,Container Ship
219229000,IMO9352016,Container Ship (Fully Cellular),92293.0,Container Ship
219258000,IMO9447861,Container Ship (Fully Cellular),141328.0,Container Ship
219359000,IMO9708538,General Cargo Ship (Open Hatch),22285.0,Other Cargo
219469000,IMO9727065,Bulk Carrier,43810.0,Bulk Carrier
219471000,IMO9687186,Bulk Carrier,43810.0,Bulk Carrier
219510000,IMO9526904,Container Ship (Fully Cellular),89097.0,Container Ship
219526000,IMO9526875,Container Ship (Fully Cellular),89174.0,Container Ship
219534000,IMO9526928,Container Ship (Fully Cellular),89687.0,Container Ship
219550000,IMO9738739,Bulk Carrier,23281.0,Bulk Carrier
219551000,IMO9609952,Ro-Ro Cargo Ship,33313.0,Other Cargo
219696000,IMO9318943,General Cargo Ship,7002.0,Other Cargo
219840000,IMO9198575,Container Ship (Fully Cellular),92198.0,Container Ship
220000001,IMO9948774,Container Ship (Fully Cellular),172093.0,Container Ship
220061000,IMO9245756,Container Ship (Fully Cellular),91921.0,Container Ship
220129000,IMO9245768,Container Ship (Fully Cellular),91921.0,Container Ship
220164000,IMO9245770,Container Ship (Fully Cellular),91921.0,Container Ship
220187000,IMO9260419,Container Ship (Fully Cellular),93496.0,Container Ship
220198000,IMO9251614,Container Ship (Fully Cellular),34202.0,Container Ship
220206000,IMO9260433,Container Ship (Fully Cellular),93496.0,Container Ship
220207000,IMO9251626,Container Ship (Fully Cellular),34202.0,Container Ship
220216000,IMO9251638,Container Ship (Fully Cellular),34202.0,Container Ship
220221000,IMO9260445,Container Ship (Fully Cellular),93496.0,Container Ship
220245000,IMO9260457,Container Ship (Fully Cellular),93496.0,Container Ship
220263000,IMO9260469,Container Ship (Fully Cellular),93496.0,Container Ship
220291000,IMO9294379,Container Ship (Fully Cellular),50624.0,Container Ship
220379000,IMO9302877,Container Ship (Fully Cellular),98648.0,Container Ship
220397000,IMO9302889,Container Ship (Fully Cellular),98648.0,Container Ship
220413000,IMO9302891,Container Ship (Fully Cellular),98648.0,Container Ship
220414000,IMO9320233,Container Ship (Fully Cellular),98648.0,Container Ship
220415000,IMO9320245,Container Ship (Fully Cellular),98648.0,Container Ship
220416000,IMO9320257,Container Ship (Fully Cellular),98648.0,Container Ship
220589000,IMO9388649,Anchor Handling Tug Supply,4678.0,Other Cargo
220593000,IMO9359002,Container Ship (Fully Cellular),99002.0,Container Ship
220594000,IMO9359014,Container Ship (Fully Cellular),99002.0,Container Ship
220595000,IMO9359026,Container Ship (Fully Cellular),99002.0,Container Ship
220596000,IMO9359038,Container Ship (Fully Cellular),99002.0,Container Ship
220597000,IMO9359040,Container Ship (Fully Cellular),99002.0,Container Ship
220598000,IMO9359052,Container Ship (Fully Cellular),99002.0,Container Ship
226324000,IMO9362334,Container Ship (Fully Cellular),17567.0,Container Ship
227278000,IMO9112466,Ro-Ro Cargo Ship,9125.0,Other Cargo
228057000,IMO9207390,Ro-Ro Cargo Ship,9141.0,Other Cargo
228335900,IMO9299783,Container Ship (Fully Cellular),91410.0,Container Ship
228337900,IMO9450624,Container Ship (Fully Cellular),90931.0,Container Ship
228339600,IMO9450648,Container Ship (Fully Cellular),90931.0,Container Ship
228340900,IMO9299795,Container Ship (Fully Cellular),91410.0,Container Ship
228342900,IMO9299800,Container Ship (Fully Cellular),107711.0,Container Ship
228353600,IMO9299628,Container Ship (Fully Cellular),91410.0,Container Ship
228354600,IMO9299654,Container Ship (Fully Cellular),107711.0,Container Ship
228409800,IMO9894961,Container Ship (Fully Cellular),153907.0,Container Ship
228409900,IMO9894973,Container Ship (Fully Cellular),153907.0,Container Ship
228410700,IMO9894997,Container Ship (Fully Cellular),153907.0,Container Ship
228411900,IMO9329928,Cable Layer,7683.0,Other Cargo
228439900,IMO9982938,General Cargo Ship,1672.0,Other Cargo
228451700,IMO9802504,Container Ship (Fully Cellular),28433.0,Container Ship
228468900,IMO9966764,Container Ship (Fully Cellular),73133.0,Container Ship
228469700,IMO9966776,Container Ship (Fully Cellular),73133.0,Container Ship
228472900,IMO1021829,Ro-Ro Cargo Ship,13278.0,Other Cargo
228477600,IMO9977701,Container Ship (Fully Cellular),74739.0,Container Ship
228478900,IMO9977713,Container Ship (Fully Cellular),74739.0,Container Ship
228479700,IMO9977737,Container Ship (Fully Cellular),74739.0,Container Ship
228479800,IMO9977751,Container Ship (Fully Cellular),74739.0,Container Ship
228479900,IMO9977749,Container Ship (Fully Cellular),74739.0,Container Ship
229012000,IMO9621883,Bulk Carrier,24167.0,Bulk Carrier
229014000,IMO9607502,Bulk Carrier,44343.0,Bulk Carrier
229032000,IMO9512305,Bulk Carrier,43013.0,Bulk Carrier
229033000,IMO9486477,Bulk Carrier,23322.0,Bulk Carrier
229054000,IMO9389409,Container Ship (Fully Cellular),40466.0,Container Ship
229081000,IMO9558244,Bulk Carrier,32376.0,Bulk Carrier
229125000,IMO9597238,Bulk Carrier,43721.0,Bulk Carrier
229141000,IMO9468138,Bulk Carrier,31617.0,Bulk Carrier
229158000,IMO9644172,Bulk Carrier,35812.0,Bulk Carrier
229159000,IMO9644184,Bulk Carrier,35812.0,Bulk Carrier
229161000,IMO9429431,Bulk Carrier,47984.0,Bulk Carrier
229164000,IMO9625449,Bulk Carrier,23638.0,Bulk Carrier
229177000,IMO9597032,Bulk Carrier,44229.0,Bulk Carrier
229190000,IMO9454450,Container Ship (Fully Cellular),176435.0,Container Ship
229199000,IMO9649122,Bulk Carrier,22709.0,Bulk Carrier
229200000,IMO9649110,Bulk Carrier,22709.0,Bulk Carrier
229201000,IMO9649108,Bulk Carrier,22709.0,Bulk Carrier
229202000,IMO9649093,Bulk Carrier,22709.0,Bulk Carrier
229203000,IMO9649081,Bulk Carrier,22709.0,Bulk Carrier
229204000,IMO9649079,Bulk Carrier,22709.0,Bulk Carrier
229215000,IMO9625451,Bulk Carrier,23638.0,Bulk Carrier
229219000,IMO9644201,Bulk Carrier,35812.0,Bulk Carrier
229220000,IMO9657777,Bulk Carrier,35812.0,Bulk Carrier
229221000,IMO9644196,Bulk Carrier,35812.0,Bulk Carrier
229243000,IMO9605499,Bulk Carrier,91374.0,Bulk Carrier
229255000,IMO9905708,Bulk Carrier,20848.0,Bulk Carrier
229262000,IMO9225005,,,Other Cargo
229264000,IMO9644500,Bulk Carrier,58592.0,Bulk Carrier
229266000,IMO9608702,Bulk Carrier,20928.0,Bulk Carrier
229281000,IMO9595981,Bulk Carrier,24195.0,Bulk Carrier
229283000,IMO9609122,Bulk Carrier,44025.0,Bulk Carrier
229284000,IMO9633408,Bulk Carrier,43990.0,Bulk Carrier
229287000,IMO9585601,Bulk Carrier,91994.0,Bulk Carrier
229321000,IMO9882487,Container Ship (Fully Cellular),154995.0,Container Ship
229326000,IMO9897755,Container Ship (Fully Cellular),150783.0,Container Ship
229331000,IMO9318101,Container Ship (Fully Cellular),91649.0,Container Ship
229340000,IMO9301433,Container Ship (Fully Cellular),26836.0,Container Ship
229347000,IMO9512331,Bulk Carrier,43013.0,Bulk Carrier
229373000,IMO9616905,Bulk Carrier,42527.0,Bulk Carrier
229375000,IMO9400174,Container Ship (Fully Cellular),42609.0,Container Ship
229382000,IMO9479204,Bulk Carrier,93190.0,Bulk Carrier
229384000,IMO9320398,Container Ship (Fully Cellular),62702.0,Container Ship
229389000,IMO9897767,Container Ship (Fully Cellular),150783.0,Container Ship
229393000,IMO9867827,Container Ship (Fully Cellular),150844.0,Container Ship
229395000,IMO9490777,Bulk Carrier,32839.0,Bulk Carrier
229402000,IMO9087245,,,Other Cargo
229410000,IMO9662332,Bulk Carrier,24086.0,Bulk Carrier
229439000,IMO9529516,Bulk Carrier,31543.0,Bulk Carrier
229454000,IMO9882499,Container Ship (Fully Cellular),154995.0,Container Ship
229458000,IMO9628154,Container Ship (Fully Cellular),95390.0,Container Ship
229462000,IMO9323900,Bulk Carrier,31532.0,Bulk Carrier
229463000,IMO9897779,Container Ship (Fully Cellular),150783.0,Container Ship
229464000,IMO9897781,Container Ship (Fully Cellular),150783.0,Container Ship
229465000,IMO9130339,,,Other Cargo
229467000,IMO9628166,Container Ship (Fully Cellular),95390.0,Container Ship
229479000,IMO9418377,Container Ship (Fully Cellular),36087.0,Container Ship
229486000,IMO9643910,Bulk Carrier,32983.0,Bulk Carrier
229528000,IMO9106479,Container Ship (Fully Cellular),10917.0,Container Ship
229548000,IMO9628180,Container Ship (Fully Cellular),95390.0,Container Ship
229550000,IMO9632832,Container Ship (Fully Cellular),52467.0,Container Ship
229554000,IMO9684213,Bulk Carrier,35812.0,Bulk Carrier
229556000,IMO9477799,Container Ship (Fully Cellular),48338.0,Container Ship
229572000,IMO9620619,Container Ship (Fully Cellular),42564.0,Container Ship
229584000,IMO9625920,Container Ship (Fully Cellular),20239.0,Container Ship
229585000,IMO9177624,General Cargo Ship,18597.0,Other Cargo
229587000,IMO9718686,Bulk Carrier,44127.0,Bulk Carrier
229592000,IMO9882504,Container Ship (Fully Cellular),154995.0,Container Ship
229594000,IMO9622758,General Cargo Ship,7370.0,Other Cargo
229602000,IMO9576961,Bulk Carrier,36353.0,Bulk Carrier
229603000,IMO9576973,Bulk Carrier,36353.0,Bulk Carrier
229606000,IMO9440772,Container Ship (Fully Cellular),41358.0,Container Ship
229609000,IMO9286592,Bulk Carrier,42887.0,Bulk Carrier
229613000,IMO9659787,Bulk Carrier,24199.0,Bulk Carrier
229615000,IMO9674361,Bulk Carrier,24199.0,Bulk Carrier
229620000,IMO9605255,Container Ship (Fully Cellular),95014.0,Container Ship
229622000,IMO9484479,Container Ship (Fully Cellular),143521.0,Container Ship
229625000,IMO9605267,Container Ship (Fully Cellular),95014.0,Container Ship
229626000,IMO9605279,Container Ship (Fully Cellular),95014.0,Container Ship
229635000,IMO9246683,Container Ship (Fully Cellular),35881.0,Container Ship
229648000,IMO9618587,Container Ship (Fully Cellular),48338.0,Container Ship
229654000,IMO9905722,Bulk Carrier,20848.0,Bulk Carrier
229656000,IMO9905734,Bulk Carrier,20848.0,Bulk Carrier
229659000,IMO9476525,Bulk Carrier,51265.0,Bulk Carrier
229665000,IMO9210074,Container Ship (Fully Cellular),37113.0,Container Ship
229685000,IMO9882516,Container Ship (Fully Cellular),154995.0,Container Ship
229695000,IMO9920722,Bulk Carrier,34628.0,Bulk Carrier
229698000,IMO9700421,Bulk Carrier,35873.0,Bulk Carrier
229705000,IMO9322463,Container Ship (Fully Cellular),54152.0,Container Ship
229708000,IMO9395214,Bulk Carrier,31094.0,Bulk Carrier
229710000,IMO9702455,Vehicles Carrier,75283.0,Other Cargo
229711000,IMO9702443,Vehicles Carrier,75283.0,Other Cargo
229712000,IMO9656175,Bulk Carrier,48014.0,Bulk Carrier
229718000,IMO9401922,General Cargo Ship (Open Hatch),30488.0,Other Cargo
229725000,IMO9401934,General Cargo Ship (Open Hatch),30488.0,Other Cargo
229726000,IMO9674517,Container Ship (Fully Cellular),96253.0,Container Ship
229732000,IMO9401910,General Cargo Ship (Open Hatch),30488.0,Other Cargo
229736000,IMO9450600,Container Ship (Fully Cellular),90931.0,Container Ship
229738000,IMO9064839,Livestock Carrier,10203.0,Other Cargo
229752000,IMO9684469,Bulk Carrier,34612.0,Bulk Carrier
229760000,IMO9638135,Bulk Carrier,25303.0,Bulk Carrier
229778000,IMO9867841,Container Ship (Fully Cellular),150844.0,Container Ship
229779000,IMO9867839,Container Ship (Fully Cellular),150844.0,Container Ship
229786000,IMO9491628,Container Ship (Fully Cellular),18321.0,Container Ship
229788000,IMO9653185,Bulk Carrier,36353.0,Bulk Carrier
229808000,IMO9299642,Container Ship (Fully Cellular),107898.0,Container Ship
229814000,IMO9733272,Bulk Carrier,24725.0,Bulk Carrier
229815000,IMO9188908,Bulk Carrier,25312.0,Bulk Carrier
229821000,IMO9337597,Container Ship (Fully Cellular),18480.0,Container Ship
229824000,IMO9306483,Container Ship (Fully Cellular),25406.0,Container Ship
229846000,IMO9363417,Container Ship (Fully Cellular),27104.0,Container Ship
229902000,IMO9688635,Bulk Carrier,35884.0,Bulk Carrier
229911000,IMO9688647,Bulk Carrier,35884.0,Bulk Carrier
229912000,IMO9426087,Bulk Carrier,51255.0,Bulk Carrier
229921000,IMO9322487,Container Ship (Fully Cellular),54152.0,Container Ship
229934000,IMO9674529,Container Ship (Fully Cellular),96253.0,Container Ship
229945000,IMO9293753,Container Ship (Fully Cellular),90449.0,Container Ship
229947000,IMO9674531,Container Ship (Fully Cellular),96253.0,Container Ship
229955000,IMO9290098,Container Ship (Fully Cellular),39941.0,Container Ship
229956000,IMO9374442,Container Ship (Fully Cellular),26936.0,Container Ship
229960000,IMO9701372,Bulk Carrier,36353.0,Bulk Carrier
229969000,IMO9665700,Bulk Carrier,23883.0,Bulk Carrier
229988000,IMO9674555,Container Ship (Fully Cellular),96253.0,Container Ship
229989000,IMO9674543,Container Ship (Fully Cellular),96253.0,Container Ship
229997000,IMO9194270,General Cargo Ship,2451.0,Other Cargo
230186000,IMO9002659,Ro-Ro Cargo Ship,5873.0,Other Cargo
230624000,IMO9590797,Bulk Carrier,33958.0,Bulk Carrier
230625000,IMO9590802,Bulk Carrier,33958.0,Bulk Carrier
230917000,IMO9181077,Ro-Ro Cargo Ship,18205.0,Other Cargo
232004359,IMO9253856,General Cargo Ship (Open Hatch),38910.0,Other Cargo
232008128,IMO9806299,Bulk Carrier,23232.0,Bulk Carrier
232010350,IMO9781621,General Cargo Ship (Open Hatch),23858.0,Other Cargo
232012242,IMO9801718,Bulk Carrier,35606.0,Bulk Carrier
232012490,IMO9816593,Bulk Carrier,23232.0,Bulk Carrier
232012585,IMO9660578,Bulk Carrier,44013.0,Bulk Carrier
232012746,IMO9803352,Bulk Carrier,43066.0,Bulk Carrier
232013516,IMO9360752,Container Ship (Fully Cellular),41483.0,Container Ship
232013521,IMO9362413,,,Other Cargo
232014080,IMO9436513,Bulk Carrier,94710.0,Bulk Carrier
232014452,IMO9451044,Bulk Carrier,63940.0,Bulk Carrier
232015389,IMO9448059,Bulk Carrier,64977.0,Bulk Carrier
232016910,IMO9738868,Bulk Carrier,92732.0,Bulk Carrier
232017152,IMO9802322,Bulk Carrier,35606.0,Bulk Carrier
232017938,IMO9520833,Bulk Carrier,52259.0,Bulk Carrier
232018037,IMO9463566,General Cargo Ship,9530.0,Other Cargo
232018048,IMO9753284,Bulk Carrier,25569.0,Bulk Carrier
232018697,IMO9558294,Bulk Carrier,92475.0,Bulk Carrier
232018783,IMO9827061,Bulk Carrier,43067.0,Bulk Carrier
232018900,IMO9725158,Container Ship (Fully Cellular),110632.0,Container Ship
232018901,IMO9725160,Container Ship (Fully Cellular),110632.0,Container Ship
232018919,IMO9725134,Container Ship (Fully Cellular),110632.0,Container Ship
232023550,IMO9490480,Bulk Carrier,64100.0,Bulk Carrier
232024278,IMO9866691,Bulk Carrier,35752.0,Bulk Carrier
232024279,IMO9866706,Bulk Carrier,35752.0,Bulk Carrier
232024771,IMO9725146,Container Ship (Fully Cellular),110632.0,Container Ship
232024772,IMO9725110,Container Ship (Fully Cellular),110632.0,Container Ship
232024773,IMO9725122,Container Ship (Fully Cellular),110632.0,Container Ship
232025072,IMO9599133,Bulk Carrier,51905.0,Bulk Carrier
232025145,IMO9490492,Bulk Carrier,64100.0,Bulk Carrier
232025405,IMO9668556,General Cargo Ship (Open Hatch),22469.0,Other Cargo
232027170,IMO9801744,Bulk Carrier,35606.0,Bulk Carrier
232027403,IMO9875214,Bulk Carrier,43469.0,Bulk Carrier
232027404,IMO9860374,Bulk Carrier,34876.0,Bulk Carrier
232027637,IMO9313292,Bulk Carrier,43069.0,Bulk Carrier
232027949,IMO9446867,Bulk Carrier,91373.0,Bulk Carrier
232032457,IMO9713480,Bulk Carrier,34810.0,Bulk Carrier
232035614,IMO9577422,Bulk Carrier,34335.0,Bulk Carrier
232036827,IMO9860398,Bulk Carrier,34762.0,Bulk Carrier
232036828,IMO9900095,Bulk Carrier,43672.0,Bulk Carrier
232036941,IMO9860403,Bulk Carrier,34762.0,Bulk Carrier
232038703,IMO9900203,Bulk Carrier,43672.0,Bulk Carrier
232041694,IMO9493690,Bulk Carrier,33044.0,Bulk Carrier
232041699,IMO9493664,Bulk Carrier,33044.0,Bulk Carrier
232043368,IMO9924223,Container Ship (Fully Cellular),149944.0,Container Ship
232044382,IMO9931549,Bulk Carrier,35610.0,Bulk Carrier
232044965,IMO9934450,Bulk Carrier,35610.0,Bulk Carrier
232045225,IMO9934462,Bulk Carrier,35610.0,Bulk Carrier
232045875,IMO9855549,Bulk Carrier,43968.0,Bulk Carrier
232047535,IMO9963293,Bulk Carrier,32999.0,Bulk Carrier
232049063,IMO9963308,Bulk Carrier,32999.0,Bulk Carrier
232049178,IMO9761889,Bulk Carrier,24198.0,Bulk Carrier
232049490,IMO9493676,Bulk Carrier,33044.0,Bulk Carrier
232052663,IMO9990416,Bulk Carrier,36570.0,Bulk Carrier
232058706,IMO9989247,Bulk Carrier,25171.0,Bulk Carrier
232061194,IMO1054797,Bulk Carrier,43672.0,Bulk Carrier
232752000,IMO9304241,Bulk Carrier,40039.0,Bulk Carrier
235009240,IMO9300386,Container Ship (Fully Cellular),76185.0,Container Ship
235009850,IMO9300398,Container Ship (Fully Cellular),76185.0,Container Ship
235010180,IMO9331490,General Cargo Ship,9177.0,Other Cargo
235010440,IMO9318151,Container Ship (Fully Cellular),39906.0,Container Ship
235010450,IMO9300403,Container Ship (Fully Cellular),76185.0,Container Ship
235010710,IMO9300415,Container Ship (Fully Cellular),76185.0,Container Ship
235050012,IMO9300491,Bulk Carrier,31238.0,Bulk Carrier
235050802,IMO9384875,Container Ship (Fully Cellular),17229.0,Container Ship
235058697,IMO9384942,Vehicles Carrier,62080.0,Other Cargo
235061354,IMO9332846,Container Ship (Fully Cellular),71786.0,Container Ship
235067944,IMO9429754,General Cargo Ship,9530.0,Other Cargo
235067987,IMO9221097,Container Ship (Fully Cellular),65531.0,Container Ship
235068802,IMO9534107,Offshore Support Vessel,3522.0,Other Cargo
235070715,IMO9430129,General Cargo Ship,9530.0,Other Cargo
235073372,IMO9430143,General Cargo Ship,9530.0,Other Cargo
235082896,IMO9463011,Container Ship (Fully Cellular),142052.0,Container Ship
235084298,IMO9463023,Container Ship (Fully Cellular),142052.0,Container Ship
235086166,IMO9493365,Vehicles Carrier,59515.0,Other Cargo
235088041,IMO9189940,General Cargo Ship (Open Hatch),29688.0,Other Cargo
235089913,IMO9594303,General Cargo Ship,6190.0,Other Cargo
235092545,IMO9596301,Container Ship (Fully Cellular),19101.0,Container Ship
235093018,IMO8645806,Cable Layer,9156.0,Other Cargo
235093569,IMO9595436,Container Ship (Fully Cellular),99995.0,Container Ship
235093618,IMO9595450,Container Ship (Fully Cellular),99995.0,Container Ship
235093619,IMO9595462,Container Ship (Fully Cellular),99995.0,Container Ship
235094626,IMO9626144,General Cargo Ship,7230.0,Other Cargo
235095836,IMO9626156,General Cargo Ship,7227.0,Other Cargo
235098383,IMO9629043,Container Ship (Fully Cellular),101063.0,Container Ship
235098885,IMO9604108,Container Ship (Fully Cellular),99995.0,Container Ship
235102348,IMO9253868,General Cargo Ship (Open Hatch),38910.0,Other Cargo
235102349,IMO9253870,General Cargo Ship (Open Hatch),38910.0,Other Cargo
235102466,IMO9698317,Bulk Carrier,35873.0,Bulk Carrier
235102468,IMO9700081,Bulk Carrier,35872.0,Bulk Carrier
235102498,IMO9517549,Bulk Carrier,21497.0,Bulk Carrier
235102677,IMO9604146,Container Ship (Fully Cellular),99995.0,Container Ship
235102678,IMO9604160,Container Ship (Fully Cellular),99995.0,Container Ship
235102679,IMO9629079,Container Ship (Fully Cellular),101063.0,Container Ship
235102681,IMO9629081,Container Ship (Fully Cellular),101063.0,Container Ship
235102768,IMO9385075,General Cargo Ship (Open Hatch),20242.0,Other Cargo
235102851,IMO9343637,General Cargo Ship (Open Hatch),20236.0,Other Cargo
235103762,IMO9414448,Bulk Carrier,19999.0,Bulk Carrier
235103766,IMO9414474,Bulk Carrier,19999.0,Bulk Carrier
235110737,IMO9629122,Container Ship (Fully Cellular),101063.0,Container Ship
235111726,IMO9713179,Bulk Carrier,21530.0,Bulk Carrier
235113623,IMO9708954,Bulk Carrier,32540.0,Bulk Carrier
235113771,IMO9724702,Chemical/Products Tanker,30948.0,Other Cargo
235114799,IMO9713193,Bulk Carrier,21530.0,Bulk Carrier
235115734,IMO9729207,Bulk Carrier,93488.0,Bulk Carrier
235116731,IMO9713208,Bulk Carrier,21530.0,Bulk Carrier
235117234,IMO9773844,General Cargo Ship (Open Hatch),23858.0,Other Cargo
235335000,IMO9241310,Container Ship (Fully Cellular),76067.0,Container Ship
235414000,IMO9241308,Container Ship (Fully Cellular),76067.0,Container Ship
235479000,IMO9241322,Container Ship (Fully Cellular),76067.0,Container Ship
235507000,IMO9234070,Ro-Ro Cargo Ship,23235.0,Other Cargo
235603000,IMO9241293,Container Ship (Fully Cellular),76067.0,Container Ship
235645000,IMO9233856,Container Ship (Fully Cellular),39941.0,Container Ship
236111881,IMO9427940,Vehicles Carrier,47057.0,Other Cargo
236111884,IMO9427952,Vehicles Carrier,47057.0,Other Cargo
236112603,IMO9612246,Bulk Carrier,24341.0,Bulk Carrier
236325000,IMO9195470,General Cargo Ship,3198.0,Other Cargo
236607000,IMO9498303,Bulk Carrier,22549.0,Bulk Carrier
236709000,IMO9406037,Bulk Carrier,19972.0,Bulk Carrier
236710000,IMO9406116,Bulk Carrier,19972.0,Bulk Carrier
238016000,IMO9606120,Bulk Carrier,30092.0,Bulk Carrier
238045000,IMO9694696,Bulk Carrier,25494.0,Bulk Carrier
238179000,IMO9222572,,,Other Cargo
238266000,IMO9519626,Bulk Carrier,30092.0,Bulk Carrier
239872000,IMO9230763,Bulk Carrier,30174.0,Bulk Carrier
240203000,IMO9286798,Bulk Carrier,87250.0,Bulk Carrier
240569000,IMO9343845,Bulk Carrier,50177.0,Bulk Carrier
240586000,IMO9295012,Bulk Carrier,88028.0,Bulk Carrier
240625000,IMO9343883,Bulk Carrier,50177.0,Bulk Carrier
240927000,IMO9438779,Bulk Carrier,94008.0,Bulk Carrier
240929000,IMO9438781,Bulk Carrier,94008.0,Bulk Carrier
240979000,IMO9434412,Bulk Carrier,91861.0,Bulk Carrier
240988000,IMO9494137,Bulk Carrier,43024.0,Bulk Carrier
241031000,IMO9458690,Bulk Carrier,90104.0,Bulk Carrier
241069000,IMO9476680,Bulk Carrier,33044.0,Bulk Carrier
241093000,IMO9455545,Bulk Carrier,61682.0,Bulk Carrier
241100000,IMO9543677,Bulk Carrier,31901.0,Bulk Carrier
241106000,IMO9439072,Bulk Carrier,90117.0,Bulk Carrier
241116000,IMO9455557,Bulk Carrier,61682.0,Bulk Carrier
241118000,IMO9471276,Bulk Carrier,43764.0,Bulk Carrier
241124000,IMO9426257,Bulk Carrier,32351.0,Bulk Carrier
241125000,IMO9426415,Bulk Carrier,91736.0,Bulk Carrier
241139000,IMO9543691,Bulk Carrier,31901.0,Bulk Carrier
241142000,IMO9594705,Bulk Carrier,32987.0,Bulk Carrier
241143000,IMO9594717,Bulk Carrier,32987.0,Bulk Carrier
241149000,IMO9434383,Bulk Carrier,91920.0,Bulk Carrier
241155000,IMO9610080,Bulk Carrier,32987.0,Bulk Carrier
241156000,IMO9592719,Bulk Carrier,44190.0,Bulk Carrier
241166000,IMO9610092,Bulk Carrier,32987.0,Bulk Carrier
241183000,IMO9543782,Bulk Carrier,31901.0,Bulk Carrier
241229000,IMO9643805,Bulk Carrier,23462.0,Bulk Carrier
241274000,IMO9606754,Bulk Carrier,61677.0,Bulk Carrier
241283000,IMO9662318,Bulk Carrier,38217.0,Bulk Carrier
241299000,IMO9628946,Bulk Carrier,44647.0,Bulk Carrier
241311000,IMO9484924,Container Ship (Fully Cellular),113973.0,Container Ship
241312000,IMO9475686,Container Ship (Fully Cellular),141770.0,Container Ship
241313000,IMO9475698,Container Ship (Fully Cellular),140979.0,Container Ship
241373000,IMO9712967,Bulk Carrier,34553.0,Bulk Carrier
241412000,IMO9445461,Crude Oil Tanker,170611.0,Other Cargo
241421000,IMO9746102,Bulk Carrier,38219.0,Bulk Carrier
241427000,IMO9739240,Bulk Carrier,93661.0,Bulk Carrier
241476000,IMO9699842,Bulk Carrier,34686.0,Bulk Carrier
241489000,IMO9699854,Bulk Carrier,34686.0,Bulk Carrier
241508000,IMO9463592,Bulk Carrier,34374.0,Bulk Carrier
241573000,IMO9378606,Bulk Carrier,43605.0,Bulk Carrier
241602000,IMO9607801,Bulk Carrier,42713.0,Bulk Carrier
241680000,IMO9842255,Bulk Carrier,47005.0,Bulk Carrier
241693000,IMO9861330,Bulk Carrier,35805.0,Bulk Carrier
241703000,IMO9883132,Bulk Carrier,35805.0,Bulk Carrier
241768000,IMO9899193,Bulk Carrier,34686.0,Bulk Carrier
241769000,IMO9724192,Bulk Carrier,43439.0,Bulk Carrier
241798000,IMO9523366,Diving Support Vessel,7502.0,Other Cargo
241805000,IMO9897987,Bulk Carrier,44732.0,Bulk Carrier
241821000,IMO9942067,Bulk Carrier,35427.0,Bulk Carrier
241919000,IMO1018030,Bulk Carrier,35734.0,Bulk Carrier
241934000,IMO9728124,Bulk Carrier,43032.0,Bulk Carrier
244010871,IMO9443669,General Cargo Ship,9611.0,Other Cargo
244010945,IMO9770701,General Cargo Ship,6740.0,Other Cargo
244014000,IMO9435753,General Cargo Ship,9611.0,Other Cargo
244020048,IMO9466996,General Cargo Ship,9611.0,Other Cargo
244022000,IMO9435765,General Cargo Ship,9611.0,Other Cargo
244030000,IMO9433262,General Cargo Ship,9627.0,Other Cargo
244040000,IMO9433274,General Cargo Ship,9627.0,Other Cargo
244044000,IMO9448372,General Cargo Ship,17644.0,Other Cargo
244106000,IMO9505560,General Cargo Ship,6668.0,Other Cargo
244109000,IMO9505572,General Cargo Ship,6668.0,Other Cargo
244115000,IMO9448358,General Cargo Ship,17644.0,Other Cargo
244117000,IMO9448308,General Cargo Ship,17644.0,Other Cargo
244121000,IMO9448384,General Cargo Ship,17644.0,Other Cargo
244122000,IMO9448346,General Cargo Ship,17644.0,Other Cargo
244129000,IMO9448360,General Cargo Ship,17644.0,Other Cargo
244130525,IMO9931484,General Cargo Ship,8360.0,Other Cargo
244142000,IMO9420813,General Cargo Ship,13706.0,Other Cargo
244149000,IMO9420796,General Cargo Ship,13558.0,Other Cargo
244150212,IMO9258985,General Cargo Ship,7576.0,Other Cargo
244150516,IMO9735232,General Cargo Ship,6749.0,Other Cargo
244155000,IMO9420801,General Cargo Ship,13558.0,Other Cargo
244160000,IMO9424546,General Cargo Ship,17628.0,Other Cargo
244170000,IMO9456721,General Cargo Ship,8999.0,Other Cargo
244224000,IMO9505546,General Cargo Ship,6668.0,Other Cargo
244238000,IMO9491496,Container Ship (Fully Cellular),17368.0,Container Ship
244255000,IMO9491501,Container Ship (Fully Cellular),17368.0,Container Ship
244266000,IMO9081318,General Cargo Ship,8448.0,Other Cargo
244301000,IMO9333527,General Cargo Ship,11864.0,Other Cargo
244457000,IMO9367073,General Cargo Ship,8999.0,Other Cargo
244519000,IMO9307372,Ro-Ro Cargo Ship,28289.0,Other Cargo
244559000,IMO9139294,General Cargo Ship,10990.0,Other Cargo
244584000,IMO9288045,General Cargo Ship,16676.0,Other Cargo
244620052,IMO9512783,General Cargo Ship,2981.0,Other Cargo
244620675,IMO9681534,General Cargo Ship,5925.0,Other Cargo
244632000,IMO9234290,General Cargo Ship,6361.0,Other Cargo
244638000,IMO9399129,General Cargo Ship,6312.0,Other Cargo
244639000,IMO9415064,General Cargo Ship,6577.0,Other Cargo
244650331,IMO9631371,General Cargo Ship,5667.0,Other Cargo
244655000,IMO9501253,General Cargo Ship,9618.0,Other Cargo
244675000,IMO9467237,General Cargo Ship,2992.0,Other Cargo
244693000,IMO9365659,General Cargo Ship,11864.0,Other Cargo
244726000,IMO9420849,General Cargo Ship,13706.0,Other Cargo
244730000,IMO9202510,General Cargo Ship,16639.0,Other Cargo
244750595,IMO9424572,General Cargo Ship,17634.0,Other Cargo
244750715,IMO9546473,General Cargo Ship,14695.0,Other Cargo
244750716,IMO9650482,General Cargo Ship,7680.0,Other Cargo
244750814,IMO9776286,Heavy Load Carrier,9352.0,Other Cargo
244770273,IMO9721657,General Cargo Ship,6749.0,Other Cargo
244790606,IMO9671450,General Cargo Ship,5460.0,Other Cargo
244810209,IMO9546485,General Cargo Ship,14695.0,Other Cargo
244810418,IMO9671436,General Cargo Ship,5460.0,Other Cargo
244810443,IMO9671448,General Cargo Ship,5460.0,Other Cargo
244810614,IMO9534470,General Cargo Ship,6693.0,Other Cargo
244810617,IMO9592575,General Cargo Ship,14224.0,Other Cargo
244820055,IMO9592599,General Cargo Ship,14224.0,Other Cargo
244820422,IMO9650585,Heavy Load Carrier,18099.0,Other Cargo
244830401,IMO9746970,Bulk Carrier,24210.0,Bulk Carrier
244830430,IMO9710464,Heavy Load Carrier,23134.0,Other Cargo
244830814,IMO9758557,Heavy Load Carrier,23134.0,Other Cargo
244848000,IMO9420837,General Cargo Ship,13706.0,Other Cargo
244850226,IMO9721633,General Cargo Ship,6749.0,Other Cargo
244850853,IMO9320520,General Cargo Ship,7767.0,Other Cargo
244850854,IMO9321093,General Cargo Ship,7767.0,Other Cargo
244850855,IMO9321108,General Cargo Ship,7767.0,Other Cargo
244853000,IMO9535620,General Cargo Ship,8059.0,Other Cargo
244860255,IMO9721645,General Cargo Ship,6749.0,Other Cargo
244903000,IMO9202522,General Cargo Ship,16639.0,Other Cargo
244909000,IMO9532824,General Cargo Ship,5425.0,Other Cargo
244997000,IMO9467249,General Cargo Ship,2992.0,Other Cargo
245020000,IMO9456733,General Cargo Ship,8999.0,Other Cargo
245021000,IMO9153654,Heavy Load Carrier,7971.0,Other Cargo
245033000,IMO9420825,General Cargo Ship,13706.0,Other Cargo
245086000,IMO9526083,General Cargo Ship,5425.0,Other Cargo
245097000,IMO9345386,Ro-Ro Cargo Ship,28289.0,Other Cargo
245118000,IMO9558464,General Cargo Ship,2981.0,Other Cargo
245226000,IMO9419292,General Cargo Ship,8911.0,Other Cargo
245237000,IMO9631357,General Cargo Ship,5667.0,Other Cargo
245261000,IMO9202534,General Cargo Ship,16639.0,Other Cargo
245278000,IMO9423748,General Cargo Ship,7196.0,Other Cargo
245299000,IMO9466350,General Cargo Ship,11885.0,Other Cargo
245347000,IMO9466051,General Cargo Ship,11864.0,Other Cargo
245394000,IMO9139309,General Cargo Ship,10990.0,Other Cargo
245466000,IMO9419307,General Cargo Ship,8911.0,Other Cargo
245525000,IMO9385922,General Cargo Ship,5904.0,Other Cargo
245539000,IMO9139311,General Cargo Ship,10990.0,Other Cargo
245546000,IMO9197375,General Cargo Ship,16641.0,Other Cargo
245554000,IMO9371579,Heavy Load Carrier,15027.0,Other Cargo
245563000,IMO9934840,Cable Layer,13992.0,Other Cargo
245578000,IMO9197363,General Cargo Ship,16641.0,Other Cargo
245634000,IMO9466374,General Cargo Ship,11885.0,Other Cargo
245639000,IMO9419319,General Cargo Ship,8911.0,Other Cargo
245691000,IMO1035416,Heavy Load Carrier,13154.0,Other Cargo
245697000,IMO1035404,Heavy Load Carrier,13154.0,Other Cargo
245716000,IMO9081320,General Cargo Ship,8448.0,Other Cargo
245720000,IMO9917672,General Cargo Ship,3636.0,Other Cargo
245789000,IMO9197911,General Cargo Ship,16641.0,Other Cargo
245806000,IMO9559092,General Cargo Ship,8911.0,Other Cargo
245816000,IMO9202546,General Cargo Ship,16641.0,Other Cargo
245854000,IMO9646780,Bulk Carrier,24210.0,Bulk Carrier
245890000,IMO9529243,General Cargo Ship,5568.0,Other Cargo
245897000,IMO9345398,Ro-Ro Cargo Ship,28289.0,Other Cargo
245912000,IMO9420772,General Cargo Ship,13558.0,Other Cargo
245918000,IMO9996903,General Cargo Ship,2549.0,Other Cargo
245930000,IMO9213741,General Cargo Ship,6361.0,Other Cargo
245935000,IMO9507075,General Cargo Ship,9514.0,Other Cargo
245952000,IMO9463451,General Cargo Ship,7196.0,Other Cargo
245953000,IMO9466312,General Cargo Ship,11885.0,Other Cargo
245955000,IMO9420784,General Cargo Ship,13558.0,Other Cargo
245964000,IMO9424558,General Cargo Ship,17634.0,Other Cargo
245980000,IMO9534432,General Cargo Ship,6693.0,Other Cargo
245995000,IMO9361108,General Cargo Ship,3442.0,Other Cargo
246029000,IMO9234276,General Cargo Ship,6361.0,Other Cargo
246100000,IMO9288057,General Cargo Ship,18321.0,Other Cargo
246117000,IMO9542348,General Cargo Ship,5925.0,Other Cargo
246244000,IMO9404704,"Heavy Load Carrier, semi submersible",12802.0,Other Cargo
246263000,IMO9466336,General Cargo Ship,11885.0,Other Cargo
246293000,IMO9288069,General Cargo Ship,18321.0,Other Cargo
246302000,IMO9546497,General Cargo Ship,11885.0,Other Cargo
246308000,IMO9081306,General Cargo Ship,8448.0,Other Cargo
246309000,IMO9371581,Heavy Load Carrier,15342.0,Other Cargo
246396000,IMO9288071,General Cargo Ship,18321.0,Other Cargo
246430000,IMO9248564,General Cargo Ship,16037.0,Other Cargo
246447000,IMO9201803,General Cargo Ship,4235.0,Other Cargo
246452000,IMO9202558,General Cargo Ship,16641.0,Other Cargo
246456000,IMO9197947,General Cargo Ship,16641.0,Other Cargo
246466000,IMO9202508,General Cargo Ship,16639.0,Other Cargo
246467000,IMO9243849,Heavy Load Carrier,15022.0,Other Cargo
246519000,IMO9466300,General Cargo Ship,11885.0,Other Cargo
246521000,IMO9307358,Ro-Ro Cargo Ship,28301.0,Other Cargo
246539000,IMO9882061,General Cargo Ship,8849.0,Other Cargo
246547000,IMO9580780,General Cargo Ship,6351.0,Other Cargo
246554000,IMO9307360,Ro-Ro Cargo Ship,28289.0,Other Cargo
246556000,IMO9333539,General Cargo Ship,11864.0,Other Cargo
246572000,IMO9333541,General Cargo Ship,11864.0,Other Cargo
246591000,IMO9428425,General Cargo Ship,8620.0,Other Cargo
246592000,IMO9428413,General Cargo Ship,8620.0,Other Cargo
246596000,IMO9526095,General Cargo Ship,5425.0,Other Cargo
246598000,IMO9419280,General Cargo Ship,8911.0,Other Cargo
246602000,IMO9385893,General Cargo Ship,5937.0,Other Cargo
246614000,IMO9507611,General Cargo Ship,8620.0,Other Cargo
246619000,IMO9509968,General Cargo Ship,8620.0,Other Cargo
246620000,IMO9509956,General Cargo Ship,8620.0,Other Cargo
246621000,IMO9507609,General Cargo Ship,8620.0,Other Cargo
246625000,IMO9554781,General Cargo Ship,7367.0,Other Cargo
246634000,IMO9463437,General Cargo Ship,7196.0,Other Cargo
246651000,IMO9985344,General Cargo Ship,3643.0,Other Cargo
246659000,IMO9551935,General Cargo Ship,14784.0,Other Cargo
246660000,IMO9551959,General Cargo Ship,14784.0,Other Cargo
246661000,IMO9551961,General Cargo Ship,14784.0,Other Cargo
246662000,IMO9551973,General Cargo Ship,14784.0,Other Cargo
246663000,IMO9551947,General Cargo Ship,14784.0,Other Cargo
246671000,IMO9424560,General Cargo Ship,17634.0,Other Cargo
246704000,IMO9542336,General Cargo Ship,5569.0,Other Cargo
246716000,IMO9463449,General Cargo Ship,7196.0,Other Cargo
246719000,IMO9466295,General Cargo Ship,11864.0,Other Cargo
246733000,IMO9526071,General Cargo Ship,5425.0,Other Cargo
246767000,IMO9571507,General Cargo Ship,9524.0,Other Cargo
246768000,IMO9571519,General Cargo Ship,9524.0,Other Cargo
246769000,IMO9571521,,,Other Cargo
246770000,IMO9571533,General Cargo Ship,9524.0,Other Cargo
246771000,IMO9571545,General Cargo Ship,9524.0,Other Cargo
246789000,IMO9507087,General Cargo Ship,9514.0,Other Cargo
246797000,IMO9466324,General Cargo Ship,11885.0,Other Cargo
246824000,IMO9419321,General Cargo Ship,8911.0,Other Cargo
246830000,IMO9466348,General Cargo Ship,11885.0,Other Cargo
246831000,IMO9255579,General Cargo Ship,5052.0,Other Cargo
246837000,IMO9592563,General Cargo Ship,14141.0,Other Cargo
246865000,IMO9466362,General Cargo Ship,11885.0,Other Cargo
246866000,IMO9605176,Bulk Carrier,24210.0,Bulk Carrier
246867000,IMO9631369,General Cargo Ship,5667.0,Other Cargo
246876000,IMO9542350,General Cargo Ship,5925.0,Other Cargo
246887000,IMO9546459,,,Other Cargo
246894000,IMO9605188,Bulk Carrier,24210.0,Bulk Carrier
246896000,IMO9229087,General Cargo Ship,5052.0,Other Cargo
246912000,IMO9546461,General Cargo Ship,14695.0,Other Cargo
246921000,IMO9534482,General Cargo Ship,6693.0,Other Cargo
247065500,IMO9245598,Vehicles Carrier,37752.0,Other Cargo
247275400,IMO9343170,Ro-Ro Cargo Ship,47232.0,Other Cargo
247281100,IMO9437907,Ro-Ro Cargo Ship,47636.0,Other Cargo
247285500,IMO9377470,Ro-Ro Cargo Ship,47232.0,Other Cargo
247286800,IMO9448580,Bulk Carrier,47984.0,Bulk Carrier
247287100,IMO9568598,Bulk Carrier,51255.0,Bulk Carrier
247289800,IMO9377482,Ro-Ro Cargo Ship,47232.0,Other Cargo
247291600,IMO9480540,Bulk Carrier,43024.0,Bulk Carrier
247293300,IMO9437919,Ro-Ro Cargo Ship,47659.0,Other Cargo
247300400,IMO9448592,Bulk Carrier,47984.0,Bulk Carrier
247302700,IMO9437921,Ro-Ro Cargo Ship,47659.0,Other Cargo
247303200,IMO9448619,Bulk Carrier,47984.0,Bulk Carrier
247304200,IMO9465370,Ro-Ro Cargo Ship,47232.0,Other Cargo
247304600,IMO9437933,Ro-Ro Cargo Ship,47659.0,Other Cargo
247310400,IMO9437945,Ro-Ro Cargo Ship,47659.0,Other Cargo
247311200,IMO9465382,Ro-Ro Cargo Ship,47232.0,Other Cargo
247314200,IMO9578969,Ro-Ro Cargo Ship,50110.0,Other Cargo
247315400,IMO9578971,Ro-Ro Cargo Ship,50110.0,Other Cargo
247320400,IMO9471082,Ro-Ro Cargo Ship,32825.0,Other Cargo
247322900,IMO9578983,Ro-Ro Cargo Ship,50722.0,Other Cargo
247341100,IMO9672088,Ro-Ro Cargo Ship,71543.0,Other Cargo
247341300,IMO9672090,Ro-Ro Cargo Ship,71543.0,Other Cargo
247341500,IMO9672105,Ro-Ro Cargo Ship,71543.0,Other Cargo
247341700,IMO9680712,Ro-Ro Cargo Ship,71543.0,Other Cargo
247341900,IMO9680724,Ro-Ro Cargo Ship,71543.0,Other Cargo
247342300,IMO9724738,Ro-Ro Cargo Ship,71543.0,Other Cargo
247371500,IMO9645396,Ro-Ro Cargo Ship,21966.0,Other Cargo
247375700,IMO9784037,Vehicles Carrier,62134.0,Other Cargo
247376300,IMO9784049,Vehicles Carrier,62134.0,Other Cargo
247376400,IMO9784051,Vehicles Carrier,62134.0,Other Cargo
247405800,IMO9782687,Vehicles Carrier,65400.0,Other Cargo
247408300,IMO9782699,Vehicles Carrier,65148.0,Other Cargo
247409200,IMO9782704,Vehicles Carrier,65148.0,Other Cargo
247440400,IMO9782716,Vehicles Carrier,65148.0,Other Cargo
247441100,IMO9796365,Vehicles Carrier,65148.0,Other Cargo
247441300,IMO9796377,Vehicles Carrier,65148.0,Other Cargo
248013000,IMO9399210,Container Ship (Fully Cellular),131332.0,Container Ship
248052000,IMO9399222,Container Ship (Fully Cellular),131332.0,Container Ship
248056000,IMO9754915,Bulk Carrier,27781.0,Bulk Carrier
248087000,IMO9423920,Bulk Carrier,89990.0,Bulk Carrier
248089000,IMO9727625,Container Ship (Fully Cellular),112836.0,Container Ship
248092000,IMO9515682,Bulk Carrier,17025.0,Bulk Carrier
248122000,IMO9473145,Bulk Carrier,41342.0,Bulk Carrier
248134000,IMO9447017,Bulk Carrier,94232.0,Bulk Carrier
248135000,IMO9544748,Bulk Carrier,22683.0,Bulk Carrier
248160000,IMO9271925,General Cargo Ship,24167.0,Other Cargo
248161000,IMO9272228,General Cargo Ship,24167.0,Other Cargo
248177000,IMO9639476,Bulk Carrier,107478.0,Bulk Carrier
248183000,IMO9473078,Bulk Carrier,13965.0,Bulk Carrier
248185000,IMO9486013,Bulk Carrier,33036.0,Bulk Carrier
248207000,IMO9343974,Container Ship (Fully Cellular),28340.0,Container Ship
248208000,IMO9418779,Bulk Carrier,31532.0,Bulk Carrier
248209000,IMO9465150,Bulk Carrier,32309.0,Bulk Carrier
248225000,IMO9505053,Vehicles Carrier,74255.0,Other Cargo
248228000,IMO9751092,Container Ship (Fully Cellular),31425.0,Container Ship
248238000,IMO9602423,Bulk Carrier,43227.0,Bulk Carrier
248247000,IMO9406611,Container Ship (Fully Cellular),72884.0,Container Ship
248251000,IMO9602409,Bulk Carrier,43155.0,Bulk Carrier
248262000,IMO9725914,Bulk Carrier,26411.0,Bulk Carrier
248264000,IMO9505065,Vehicles Carrier,72295.0,Other Cargo
248265000,IMO9505089,Vehicles Carrier,72295.0,Other Cargo
248285000,IMO9757008,Bulk Carrier,34220.0,Bulk Carrier
248296000,IMO9563419,Bulk Carrier,33044.0,Bulk Carrier
248303000,IMO9554171,Bulk Carrier,17018.0,Bulk Carrier
248403000,IMO9432139,General Cargo Ship,24115.0,Other Cargo
248411000,IMO9400069,Container Ship (Fully Cellular),75752.0,Container Ship
248426000,IMO9729099,Container Ship (Fully Cellular),96223.0,Container Ship
248431000,IMO9406647,Container Ship (Fully Cellular),72884.0,Container Ship
248432000,IMO9406623,Container Ship (Fully Cellular),72884.0,Container Ship
248440000,IMO9753301,Bulk Carrier,25569.0,Bulk Carrier
248476000,IMO9432464,Bulk Carrier,31029.0,Bulk Carrier
248493000,IMO9450650,Bulk Carrier,23456.0,Bulk Carrier
248505000,IMO9480708,Bulk Carrier,23456.0,Bulk Carrier
248506000,IMO9480710,Bulk Carrier,23456.0,Bulk Carrier
248510000,IMO9450662,Bulk Carrier,23456.0,Bulk Carrier
248534000,IMO9727431,Bulk Carrier,32378.0,Bulk Carrier
248556000,IMO9797216,Container Ship (Fully Cellular),43628.0,Container Ship
248557000,IMO8220345,,,Other Cargo
248565000,IMO9432476,Bulk Carrier,31029.0,Bulk Carrier
248572000,IMO9443035,Container Ship (Fully Cellular),35595.0,Container Ship
248574000,IMO9443023,Container Ship (Fully Cellular),35595.0,Container Ship
248614000,IMO9004205,,,Other Cargo
248639000,IMO9432488,Bulk Carrier,31029.0,Bulk Carrier
248655000,IMO9745550,Container Ship (Fully Cellular),29316.0,Container Ship
248659000,IMO9745500,Container Ship (Fully Cellular),29316.0,Container Ship
248660000,IMO9745548,Container Ship (Fully Cellular),29316.0,Container Ship
248665000,IMO8729640,,,Other Cargo
248697000,IMO9537977,General Cargo Ship,24210.0,Other Cargo
248698000,IMO9536428,General Cargo Ship,24210.0,Other Cargo
248699000,IMO9350032,Container Ship (Fully Cellular),72704.0,Container Ship
248703000,IMO9729128,Container Ship (Fully Cellular),96223.0,Container Ship
248711000,IMO9532783,Container Ship (Fully Cellular),71787.0,Container Ship
248712000,IMO9350044,Container Ship (Fully Cellular),72704.0,Container Ship
248721000,IMO9564138,Bulk Carrier,19865.0,Bulk Carrier
248728000,IMO9802504,Container Ship (Fully Cellular),28433.0,Container Ship
248729000,IMO9802499,Container Ship (Fully Cellular),28433.0,Container Ship
248741000,IMO9826823,Bulk Carrier,35832.0,Bulk Carrier
248798000,IMO9617478,Bulk Carrier,33044.0,Bulk Carrier
248826000,IMO9577446,Bulk Carrier,34374.0,Bulk Carrier
248828000,IMO9577434,Bulk Carrier,34374.0,Bulk Carrier
248876000,IMO9434371,Bulk Carrier,94326.0,Bulk Carrier
248906000,IMO9398321,Vehicles Carrier,61328.0,Other Cargo
248910000,IMO9375288,Vehicles Carrier,61328.0,Other Cargo
248911000,IMO9375264,Vehicles Carrier,61328.0,Other Cargo
248912000,IMO9398333,Vehicles Carrier,61328.0,Other Cargo
248914000,IMO9584140,Bulk Carrier,33044.0,Bulk Carrier
248917000,IMO9293624,Vehicles Carrier,61482.0,Other Cargo
248923000,IMO9293612,Vehicles Carrier,61482.0,Other Cargo
248938000,IMO9498248,Bulk Carrier,19906.0,Bulk Carrier
248950000,IMO9475040,Bulk Carrier,34374.0,Bulk Carrier
248999000,IMO9567946,Bulk Carrier,32884.0,Bulk Carrier
249011000,IMO9700512,Vehicles Carrier,73358.0,Other Cargo
249021000,IMO9450648,Container Ship (Fully Cellular),90931.0,Container Ship
249032000,IMO9583706,Bulk Carrier,22697.0,Bulk Carrier
249035000,IMO9651034,Bulk Carrier,34875.0,Bulk Carrier
249049000,IMO9985655,Bulk Carrier,36560.0,Bulk Carrier
249070000,IMO9015682,,,Other Cargo
249076000,IMO9951563,Container Ship (Fully Cellular),73133.0,Container Ship
249077000,IMO9782168,Bulk Carrier,43484.0,Bulk Carrier
249100000,IMO9520637,Bulk Carrier,22419.0,Bulk Carrier
249111000,IMO9248526,Bulk Carrier,87784.0,Bulk Carrier
249112000,IMO9679919,Container Ship (Fully Cellular),102931.0,Container Ship
249123000,IMO9679907,Container Ship (Fully Cellular),102931.0,Container Ship
249125000,IMO9679892,Container Ship (Fully Cellular),102931.0,Container Ship
249135000,IMO9938377,Container Ship (Fully Cellular),59052.0,Container Ship
249152000,IMO9330850,Container Ship (Fully Cellular),9940.0,Container Ship
249153000,IMO9363039,Bulk Carrier,91775.0,Bulk Carrier
249167000,IMO9722687,Container Ship (Fully Cellular),95680.0,Container Ship
249169000,IMO9722699,Container Ship (Fully Cellular),95680.0,Container Ship
249171000,IMO9763708,Bulk Carrier,23974.0,Bulk Carrier
249183000,IMO9566954,Bulk Carrier,32964.0,Bulk Carrier
249201000,IMO9690092,Container Ship (Fully Cellular),24901.0,Container Ship
249202000,IMO9706190,Container Ship (Fully Cellular),112836.0,Container Ship
249203000,IMO9286255,Container Ship (Fully Cellular),90745.0,Container Ship
249204000,IMO9723643,Bulk Carrier,44069.0,Bulk Carrier
249205000,IMO9286231,Container Ship (Fully Cellular),90745.0,Container Ship
249206000,IMO9810915,Container Ship (Fully Cellular),24876.0,Container Ship
249210000,IMO9951575,Container Ship (Fully Cellular),73133.0,Container Ship
249221000,IMO9926233,Container Ship (Fully Cellular),60284.0,Container Ship
249225000,IMO9509633,General Cargo Ship,22863.0,Other Cargo
249227000,IMO9509619,General Cargo Ship,22863.0,Other Cargo
249231000,IMO9584889,Bulk Carrier,33084.0,Bulk Carrier
249238000,IMO9739082,Bulk Carrier,23872.0,Bulk Carrier
249251000,IMO9721035,Bulk Carrier,93127.0,Bulk Carrier
249254000,IMO9721023,Bulk Carrier,93128.0,Bulk Carrier
249257000,IMO9952438,Bulk Carrier,44616.0,Bulk Carrier
249262000,IMO9727974,Bulk Carrier,44012.0,Bulk Carrier
249271000,IMO9678329,Bulk Carrier,34794.0,Bulk Carrier
249307000,IMO9448578,Bulk Carrier,32296.0,Bulk Carrier
249309000,IMO9418444,Bulk Carrier,42970.0,Bulk Carrier
249319000,IMO9432115,General Cargo Ship,24115.0,Other Cargo
249321000,IMO9673836,Bulk Carrier,43291.0,Bulk Carrier
249324000,IMO9722704,Container Ship (Fully Cellular),95680.0,Container Ship
249352000,IMO9692686,Bulk Carrier,34425.0,Bulk Carrier
249386000,IMO9696474,Bulk Carrier,36300.0,Bulk Carrier
249390000,IMO9696462,Bulk Carrier,36300.0,Bulk Carrier
249397000,IMO9304112,Bulk Carrier,30684.0,Bulk Carrier
249414000,IMO9389681,Container Ship (Fully Cellular),40030.0,Container Ship
249431000,IMO9749829,Bulk Carrier,44442.0,Bulk Carrier
249474000,IMO9389693,Container Ship (Fully Cellular),40030.0,Container Ship
249489000,IMO9702699,Bulk Carrier,94594.0,Bulk Carrier
249509000,IMO9389708,Container Ship (Fully Cellular),40030.0,Container Ship
249513000,IMO9299654,Container Ship (Fully Cellular),107711.0,Container Ship
249515000,IMO9728916,Container Ship (Fully Cellular),149210.0,Container Ship
249522000,IMO9299800,Container Ship (Fully Cellular),107711.0,Container Ship
249558000,IMO9728928,Container Ship (Fully Cellular),149210.0,Container Ship
249563000,IMO9304100,Bulk Carrier,30688.0,Bulk Carrier
249726000,IMO9782352,Bulk Carrier,35810.0,Bulk Carrier
249757000,IMO9319765,Vehicles Carrier,61321.0,Other Cargo
249758000,IMO9319753,Vehicles Carrier,61321.0,Other Cargo
249769000,IMO9728930,Container Ship (Fully Cellular),149210.0,Container Ship
249773000,IMO9728942,Container Ship (Fully Cellular),149210.0,Container Ship
249783000,IMO9727613,Container Ship (Fully Cellular),112836.0,Container Ship
249800000,IMO9666649,Bulk Carrier,33092.0,Bulk Carrier
249806000,IMO9282742,Bulk Carrier,30058.0,Bulk Carrier
249808000,IMO9728954,Container Ship (Fully Cellular),149210.0,Container Ship
249819000,IMO9399193,Container Ship (Fully Cellular),131332.0,Container Ship
249830000,IMO9403229,Container Ship (Fully Cellular),40030.0,Container Ship
249836000,IMO8302313,,,Other Cargo
249845000,IMO9491197,Bulk Carrier,33044.0,Bulk Carrier
249875000,IMO9342877,Bulk Carrier,39768.0,Bulk Carrier
249877000,IMO9729075,Container Ship (Fully Cellular),96223.0,Container Ship
249883000,IMO9403190,Bulk Carrier,32379.0,Bulk Carrier
249885000,IMO9468619,Bulk Carrier,13965.0,Bulk Carrier
249888000,IMO9399208,Container Ship (Fully Cellular),131332.0,Container Ship
249904000,IMO9515383,Vehicles Carrier,75251.0,Other Cargo
249909000,IMO9515400,Vehicles Carrier,75251.0,Other Cargo
249917000,IMO9401099,Container Ship (Fully Cellular),72884.0,Container Ship
249944000,IMO9423293,Bulk Carrier,47984.0,Bulk Carrier
249973000,IMO9081734,,,Other Cargo
249982000,IMO9706205,Container Ship (Fully Cellular),112836.0,Container Ship
249986000,IMO8314677,,,Other Cargo
250002887,IMO9649536,Bulk Carrier,22868.0,Bulk Carrier
250002903,IMO9649548,Bulk Carrier,22868.0,Bulk Carrier
253000028,IMO9771298,Bulk Carrier,49401.0,Bulk Carrier
253068000,IMO9707742,Bulk Carrier,25303.0,Bulk Carrier
253172000,IMO9789910,Bulk Carrier,34049.0,Bulk Carrier
253595000,IMO9167318,Livestock Carrier,6872.0,Other Cargo
253781000,IMO9414199,General Cargo Ship,4990.0,Other Cargo
255162930,IMO9485837,General Cargo Ship,5629.0,Other Cargo
255601240,IMO9717656,General Cargo Ship (Open Hatch),25431.0,Other Cargo
255613000,IMO9702625,General Cargo Ship (Open Hatch),25431.0,Other Cargo
255616000,IMO9702637,General Cargo Ship (Open Hatch),25431.0,Other Cargo
255617000,IMO9676591,General Cargo Ship (Open Hatch),25431.0,Other Cargo
255618000,IMO9327671,Container Ship (Fully Cellular),32161.0,Container Ship
255710000,IMO9477294,Container Ship (Fully Cellular),16137.0,Container Ship
255721000,IMO9609718,Bulk Carrier,22668.0,Bulk Carrier
255723000,IMO9477359,Container Ship (Fully Cellular),16137.0,Container Ship
255726000,IMO9728382,Bulk Carrier,21545.0,Bulk Carrier
255727000,IMO9769697,Bulk Carrier,25606.0,Bulk Carrier
255728000,IMO9798337,Bulk Carrier,25606.0,Bulk Carrier
255729000,IMO9244556,General Cargo Ship,23119.0,Other Cargo
255736000,IMO9238820,General Cargo Ship,23119.0,Other Cargo
255747000,IMO9490258,Bulk Carrier,64788.0,Bulk Carrier
255790000,IMO9317937,Container Ship (Fully Cellular),54150.0,Container Ship
255792000,IMO9289960,Container Ship (Fully Cellular),54758.0,Container Ship
255793000,IMO9401776,Container Ship (Fully Cellular),41322.0,Container Ship
255796000,IMO9289972,Container Ship (Fully Cellular),54758.0,Container Ship
255797000,IMO9287924,Container Ship (Fully Cellular),54758.0,Container Ship
255801000,IMO9384320,General Cargo Ship,9611.0,Other Cargo
255801650,IMO9738571,Bulk Carrier,108130.0,Bulk Carrier
255801680,IMO9701011,General Cargo Ship (Open Hatch),21265.0,Other Cargo
255802350,IMO9594315,General Cargo Ship,6190.0,Other Cargo
255802360,IMO9254848,Container Ship (Fully Cellular),64845.0,Container Ship
255802470,IMO9436472,Container Ship (Fully Cellular),36007.0,Container Ship
255802560,IMO9516753,Container Ship (Fully Cellular),18358.0,Container Ship
255802650,IMO9481453,Bulk Carrier,43498.0,Bulk Carrier
255802770,IMO9528706,General Cargo Ship,9177.0,Other Cargo
255803201,IMO9301483,Container Ship (Fully Cellular),89941.0,Container Ship
255803450,IMO9393319,Container Ship (Fully Cellular),94511.0,Container Ship
255803470,IMO9463281,Container Ship (Fully Cellular),44768.0,Container Ship
255803480,IMO9393307,Container Ship (Fully Cellular),94511.0,Container Ship
255803590,IMO9313943,Container Ship (Fully Cellular),49477.0,Container Ship
255803650,IMO9589085,Bulk Carrier,24196.0,Bulk Carrier
255803670,IMO9293777,Container Ship (Fully Cellular),90449.0,Container Ship
255803680,IMO9243409,Container Ship (Fully Cellular),89097.0,Container Ship
255803760,IMO9286267,Container Ship (Fully Cellular),91038.0,Container Ship
255803770,IMO9302633,Container Ship (Fully Cellular),90389.0,Container Ship
255803780,IMO9243394,Container Ship (Fully Cellular),89097.0,Container Ship
255803860,IMO9438389,General Cargo Ship,22998.0,Other Cargo
255804350,IMO9313967,Container Ship (Fully Cellular),49477.0,Container Ship
255804970,IMO9402043,General Cargo Ship,9611.0,Other Cargo
255805360,IMO9607459,Bulk Carrier,24341.0,Bulk Carrier
255805558,IMO9301471,Container Ship (Fully Cellular),89941.0,Container Ship
255805563,IMO9654464,Container Ship (Fully Cellular),48385.0,Container Ship
255805564,IMO9952402,Bulk Carrier,44616.0,Bulk Carrier
255805570,IMO9274355,General Cargo Ship (Open Hatch),17944.0,Other Cargo
255805571,IMO9301495,Container Ship (Fully Cellular),89941.0,Container Ship
255805584,IMO9304978,Container Ship (Fully Cellular),27437.0,Container Ship
255805589,IMO9535137,Container Ship (Fully Cellular),59307.0,Container Ship
255805590,IMO9535151,Container Ship (Fully Cellular),59307.0,Container Ship
255805617,IMO9320441,Container Ship (Fully Cellular),62702.0,Container Ship
255805621,IMO9681962,Bulk Carrier,44218.0,Bulk Carrier
255805661,IMO9456965,Container Ship (Fully Cellular),41331.0,Container Ship
255805662,IMO9718442,Bulk Carrier,24198.0,Bulk Carrier
255805664,IMO9294408,Container Ship (Fully Cellular),51593.0,Container Ship
255805665,IMO9466984,Container Ship (Fully Cellular),94407.0,Container Ship
255805666,IMO9467043,Container Ship (Fully Cellular),47789.0,Container Ship
255805671,IMO9718454,Bulk Carrier,24198.0,Bulk Carrier
255805672,IMO9702596,Bulk Carrier,44218.0,Bulk Carrier
255805675,IMO9248148,Container Ship (Fully Cellular),65918.0,Container Ship
255805676,IMO9248162,Container Ship (Fully Cellular),65918.0,Container Ship
255805677,IMO9221827,Container Ship (Fully Cellular),72760.0,Container Ship
255805678,IMO9221815,Container Ship (Fully Cellular),72760.0,Container Ship
255805681,IMO9731573,Bulk Carrier,107718.0,Bulk Carrier
255805688,IMO9693329,Bulk Carrier,25546.0,Bulk Carrier
255805689,IMO9693331,Bulk Carrier,25546.0,Bulk Carrier
255805690,IMO9559705,Bulk Carrier,20846.0,Bulk Carrier
255805750,IMO9376012,Container Ship (Fully Cellular),26435.0,Container Ship
255805765,IMO9702601,Bulk Carrier,44218.0,Bulk Carrier
255805770,IMO9467134,General Cargo Ship,15549.0,Other Cargo
255805774,IMO9727596,Bulk Carrier,44218.0,Bulk Carrier
255805781,IMO9397913,Container Ship (Fully Cellular),42609.0,Container Ship
255805785,IMO9467146,General Cargo Ship,15549.0,Other Cargo
255805803,IMO9246712,Container Ship (Fully Cellular),35823.0,Container Ship
255805809,IMO9727601,Bulk Carrier,44218.0,Bulk Carrier
255805835,IMO9347815,Container Ship (Fully Cellular),9981.0,Container Ship
255805852,IMO9440306,Container Ship (Fully Cellular),35878.0,Container Ship
255805854,IMO9720471,Container Ship (Fully Cellular),95514.0,Container Ship
255805858,IMO9725524,Bulk Carrier,25618.0,Bulk Carrier
255805859,IMO9702273,Container Ship (Fully Cellular),96331.0,Container Ship
255805860,IMO9725512,Bulk Carrier,25618.0,Bulk Carrier
255805866,IMO9735218,Container Ship (Fully Cellular),97805.0,Container Ship
255805867,IMO9745653,Container Ship (Fully Cellular),97805.0,Container Ship
255805868,IMO9745665,Container Ship (Fully Cellular),97805.0,Container Ship
255805869,IMO9770737,Container Ship (Fully Cellular),97805.0,Container Ship
255805875,IMO9467160,General Cargo Ship,15549.0,Other Cargo
255805889,IMO9293753,Container Ship (Fully Cellular),90449.0,Container Ship
255805891,IMO9720495,Container Ship (Fully Cellular),95514.0,Container Ship
255805893,IMO9794484,General Cargo Ship (Open Hatch),25431.0,Other Cargo
255805894,IMO9794472,General Cargo Ship (Open Hatch),25431.0,Other Cargo
255805913,IMO9293791,Container Ship (Fully Cellular),90449.0,Container Ship
255805914,IMO9293806,Container Ship (Fully Cellular),90449.0,Container Ship
255805922,IMO9236688,Container Ship (Fully Cellular),26106.0,Container Ship
255805923,IMO9236690,Container Ship (Fully Cellular),26106.0,Container Ship
255805929,IMO9720512,Container Ship (Fully Cellular),95514.0,Container Ship
255805930,IMO9720524,Container Ship (Fully Cellular),95514.0,Container Ship
255805942,IMO9293820,Container Ship (Fully Cellular),90449.0,Container Ship
255805956,IMO9622007,Container Ship (Fully Cellular),47873.0,Container Ship
255805979,IMO9750464,General Cargo Ship,11619.0,Other Cargo
255806004,IMO9200691,Container Ship (Fully Cellular),66278.0,Container Ship
255806005,IMO9231248,Container Ship (Fully Cellular),66702.0,Container Ship
255806009,IMO9235828,Container Ship (Fully Cellular),25375.0,Container Ship
255806027,IMO9778076,Container Ship (Fully Cellular),113112.0,Container Ship
255806028,IMO9778105,Container Ship (Fully Cellular),113112.0,Container Ship
255806029,IMO9778117,Container Ship (Fully Cellular),113112.0,Container Ship
255806031,IMO9778088,Container Ship (Fully Cellular),113112.0,Container Ship
255806032,IMO9778090,Container Ship (Fully Cellular),113112.0,Container Ship
255806034,IMO9466960,Container Ship (Fully Cellular),94407.0,Container Ship
255806037,IMO9450349,Container Ship (Fully Cellular),94419.0,Container Ship
255806038,IMO9450337,Container Ship (Fully Cellular),94419.0,Container Ship
255806039,IMO9466972,Container Ship (Fully Cellular),94407.0,Container Ship
255806046,IMO9583043,General Cargo Ship,5630.0,Other Cargo
255806048,IMO9741712,Bulk Carrier,23974.0,Bulk Carrier
255806049,IMO9741700,Bulk Carrier,23974.0,Bulk Carrier
255806051,IMO9583055,General Cargo Ship,5630.0,Other Cargo
255806053,IMO9259379,Container Ship (Fully Cellular),27104.0,Container Ship
255806057,IMO9778399,Container Ship (Fully Cellular),31370.0,Container Ship
255806064,IMO9286786,Container Ship (Fully Cellular),26833.0,Container Ship
255806065,IMO9320049,Container Ship (Fully Cellular),27971.0,Container Ship
255806066,IMO9357092,Container Ship (Fully Cellular),22801.0,Container Ship
255806068,IMO9395111,Container Ship (Fully Cellular),15375.0,Container Ship
255806077,IMO9252553,Container Ship (Fully Cellular),75590.0,Container Ship
255806078,IMO9252541,Container Ship (Fully Cellular),75590.0,Container Ship
255806086,IMO9454242,Container Ship (Fully Cellular),12514.0,Container Ship
255806090,IMO9604809,General Cargo Ship (Open Hatch),23264.0,Other Cargo
255806094,IMO9294513,Container Ship (Fully Cellular),27100.0,Container Ship
255806103,IMO9395020,Container Ship (Fully Cellular),15375.0,Container Ship
255806105,IMO9450351,Container Ship (Fully Cellular),94419.0,Container Ship
255806106,IMO9652519,General Cargo Ship,20992.0,Other Cargo
255806110,IMO9368742,Container Ship (Fully Cellular),16162.0,Container Ship
255806114,IMO9248124,Container Ship (Fully Cellular),49855.0,Container Ship
255806116,IMO9342695,Container Ship (Fully Cellular),28340.0,Container Ship
255806121,IMO9314947,Container Ship (Fully Cellular),28927.0,Container Ship
255806122,IMO9387451,Container Ship (Fully Cellular),18123.0,Container Ship
255806126,IMO9335812,Container Ship (Fully Cellular),18123.0,Container Ship
255806134,IMO9570656,General Cargo Ship,7138.0,Other Cargo
255806142,IMO9238363,General Cargo Ship,6301.0,Other Cargo
255806152,IMO9410272,Container Ship (Fully Cellular),18123.0,Container Ship
255806166,IMO9810329,General Cargo Ship,7498.0,Other Cargo
255806167,IMO9713210,Bulk Carrier,21502.0,Bulk Carrier
255806168,IMO9635248,General Cargo Ship (Open Hatch),21203.0,Other Cargo
255806169,IMO9465095,Container Ship (Fully Cellular),94407.0,Container Ship
255806170,IMO9450363,Container Ship (Fully Cellular),94419.0,Container Ship
255806176,IMO9785378,Heavy Load Carrier,16729.0,Other Cargo
255806179,IMO9376907,Container Ship (Fully Cellular),16162.0,Container Ship
255806180,IMO9238351,General Cargo Ship,6301.0,Other Cargo
255806181,IMO9392092,General Cargo Ship (Open Hatch),21192.0,Other Cargo
255806182,IMO9810343,General Cargo Ship,7498.0,Other Cargo
255806183,IMO9810331,General Cargo Ship,7498.0,Other Cargo
255806184,IMO9810355,General Cargo Ship,7498.0,Other Cargo
255806186,IMO9785392,Heavy Load Carrier,16732.0,Other Cargo
255806187,IMO9789685,Heavy Load Carrier,16729.0,Other Cargo
255806189,IMO9785407,Heavy Load Carrier,16732.0,Other Cargo
255806202,IMO9813230,Heavy Load Carrier,16732.0,Other Cargo
255806203,IMO9808845,Heavy Load Carrier,16729.0,Other Cargo
255806204,IMO9667045,Bulk Carrier,22918.0,Bulk Carrier
255806205,IMO9667057,Bulk Carrier,22918.0,Bulk Carrier
255806206,IMO9623659,General Cargo Ship (Open Hatch),24020.0,Other Cargo
255806221,IMO9813242,Heavy Load Carrier,16732.0,Other Cargo
255806223,IMO9589762,Bulk Carrier,23268.0,Bulk Carrier
255806239,IMO9486427,Bulk Carrier,23236.0,Bulk Carrier
255806240,IMO9504293,Bulk Carrier,33218.0,Bulk Carrier
255806252,IMO9848998,Bulk Carrier,44029.0,Bulk Carrier
255806254,IMO9849007,Bulk Carrier,44029.0,Bulk Carrier
255806277,IMO9849813,Bulk Carrier,44029.0,Bulk Carrier
255806281,IMO9849825,Bulk Carrier,44029.0,Bulk Carrier
255806282,IMO9491367,Bulk Carrier,31763.0,Bulk Carrier
255806283,IMO9480564,Bulk Carrier,23322.0,Bulk Carrier
255806288,IMO9283954,General Cargo Ship,9611.0,Other Cargo
255806289,IMO9317808,General Cargo Ship,5057.0,Other Cargo
255806294,IMO9741877,Bulk Carrier,25546.0,Bulk Carrier
255806295,IMO9596026,Bulk Carrier,24195.0,Bulk Carrier
255806296,IMO9596040,Bulk Carrier,23975.0,Bulk Carrier
255806297,IMO9741865,Bulk Carrier,25546.0,Bulk Carrier
255806302,IMO9853046,Bulk Carrier,34909.0,Bulk Carrier
255806304,IMO9252577,Container Ship (Fully Cellular),75590.0,Container Ship
255806325,IMO9853034,Bulk Carrier,34909.0,Bulk Carrier
255806326,IMO9853022,Bulk Carrier,34909.0,Bulk Carrier
255806331,IMO9626168,General Cargo Ship,7227.0,Other Cargo
255806335,IMO9857169,Container Ship (Fully Cellular),149525.0,Container Ship
255806337,IMO9713234,Bulk Carrier,21502.0,Bulk Carrier
255806338,IMO9857183,Container Ship (Fully Cellular),149525.0,Container Ship
255806339,IMO9857157,Container Ship (Fully Cellular),149525.0,Container Ship
255806340,IMO9857171,Container Ship (Fully Cellular),149525.0,Container Ship
255806342,IMO9892482,Heavy Load Carrier,16732.0,Other Cargo
255806343,IMO9892494,Heavy Load Carrier,16732.0,Other Cargo
255806344,IMO9892523,Heavy Load Carrier,16732.0,Other Cargo
255806351,IMO9897121,Heavy Load Carrier,16729.0,Other Cargo
255806356,IMO9892509,Heavy Load Carrier,16732.0,Other Cargo
255806358,IMO9892535,Heavy Load Carrier,16732.0,Other Cargo
255806359,IMO9897133,Heavy Load Carrier,16729.0,Other Cargo
255806362,IMO9289087,Container Ship (Fully Cellular),91023.0,Container Ship
255806367,IMO9299537,Container Ship (Fully Cellular),91023.0,Container Ship
255806368,IMO9631876,Container Ship (Fully Cellular),48777.0,Container Ship
255806369,IMO9402079,General Cargo Ship,9611.0,Other Cargo
255806376,IMO9289099,Container Ship (Fully Cellular),91023.0,Container Ship
255806377,IMO9299525,Container Ship (Fully Cellular),91023.0,Container Ship
255806378,IMO9676606,General Cargo Ship (Open Hatch),25431.0,Other Cargo
255806386,IMO9717668,General Cargo Ship (Open Hatch),25431.0,Other Cargo
255806388,IMO9676618,General Cargo Ship (Open Hatch),25431.0,Other Cargo
255806389,IMO9642370,Bulk Carrier,41203.0,Bulk Carrier
255806430,IMO9724049,Container Ship (Fully Cellular),96424.0,Container Ship
255806448,IMO9360764,Container Ship (Fully Cellular),40807.0,Container Ship
255806449,IMO9362449,Container Ship (Fully Cellular),40807.0,Container Ship
255806458,IMO9321897,Container Ship (Fully Cellular),38332.0,Container Ship
255806467,IMO9802413,General Cargo Ship (Open Hatch),23885.0,Other Cargo
255806485,IMO9401166,Container Ship (Fully Cellular),36519.0,Container Ship
255806487,IMO9705146,Bulk Carrier,34586.0,Bulk Carrier
255806488,IMO9705158,Bulk Carrier,34586.0,Bulk Carrier
255806489,IMO9704960,Container Ship (Fully Cellular),96333.0,Container Ship
255806490,IMO9702065,Container Ship (Fully Cellular),96331.0,Container Ship
255806491,IMO9702106,Container Ship (Fully Cellular),96331.0,Container Ship
255806492,IMO9705005,Container Ship (Fully Cellular),96333.0,Container Ship
255806493,IMO9702089,Container Ship (Fully Cellular),96331.0,Container Ship
255806494,IMO9704972,Container Ship (Fully Cellular),96333.0,Container Ship
255806496,IMO9710426,Container Ship (Fully Cellular),96333.0,Container Ship
255806497,IMO9702077,Container Ship (Fully Cellular),95497.0,Container Ship
255806498,IMO9704996,Container Ship (Fully Cellular),96333.0,Container Ship
255806499,IMO9702261,Container Ship (Fully Cellular),96331.0,Container Ship
255806500,IMO9704984,Container Ship (Fully Cellular),96333.0,Container Ship
255806501,IMO9717670,General Cargo Ship (Open Hatch),25431.0,Other Cargo
255806502,IMO9793947,Container Ship (Fully Cellular),113828.0,Container Ship
255806506,IMO9720457,Container Ship (Fully Cellular),95514.0,Container Ship
255806507,IMO9720201,Container Ship (Fully Cellular),95514.0,Container Ship
255806509,IMO9291406,Bulk Carrier,40097.0,Bulk Carrier
255806516,IMO9387607,Container Ship (Fully Cellular),7464.0,Container Ship
255806520,IMO9720196,Container Ship (Fully Cellular),94469.0,Container Ship
255806521,IMO9720287,Container Ship (Fully Cellular),95514.0,Container Ship
255870000,IMO9415246,Bulk Carrier,19814.0,Bulk Carrier
255878000,IMO9414187,General Cargo Ship,4990.0,Other Cargo
255903590,IMO9954151,Container Ship (Fully Cellular),52228.0,Container Ship
255915562,IMO9621209,Livestock Carrier,10421.0,Other Cargo
255915572,IMO9549566,General Cargo Ship,9963.0,Other Cargo
255915593,IMO9672222,Bulk Carrier,21525.0,Bulk Carrier
255915608,IMO9459955,Bulk Carrier,19814.0,Bulk Carrier
255915615,IMO9197478,General Cargo Ship,8397.0,Other Cargo
255915616,IMO9605152,Container Ship (Fully Cellular),94402.0,Container Ship
255915618,IMO9447861,Container Ship (Fully Cellular),141328.0,Container Ship
255915619,IMO9447885,Container Ship (Fully Cellular),141328.0,Container Ship
255915620,IMO9952488,Bulk Carrier,44616.0,Bulk Carrier
255915623,IMO9253155,General Cargo Ship,23119.0,Other Cargo
255915639,IMO9589621,Bulk Carrier,66165.0,Bulk Carrier
255915640,IMO9589633,Bulk Carrier,66165.0,Bulk Carrier
255915643,IMO9952440,Bulk Carrier,44616.0,Bulk Carrier
255915644,IMO9673630,Container Ship (Fully Cellular),18826.0,Container Ship
255915661,IMO9954175,Container Ship (Fully Cellular),52228.0,Container Ship
255915665,IMO9968920,Container Ship (Fully Cellular),18292.0,Container Ship
255915669,IMO9995856,General Cargo Ship,2518.0,Other Cargo
255915672,IMO9493755,Bulk Carrier,91792.0,Bulk Carrier
255915675,IMO9952452,Bulk Carrier,44616.0,Bulk Carrier
255915687,IMO9973688,Container Ship (Fully Cellular),52228.0,Container Ship
255915688,IMO9973690,Container Ship (Fully Cellular),52228.0,Container Ship
255915723,IMO9401661,Container Ship (Fully Cellular),18326.0,Container Ship
255915727,IMO9952517,Bulk Carrier,44666.0,Bulk Carrier
255915729,IMO9948645,Container Ship (Fully Cellular),73360.0,Container Ship
255915734,IMO9963542,General Cargo Ship,25784.0,Other Cargo
255915735,IMO9963554,General Cargo Ship,25784.0,Other Cargo
255915761,IMO9773313,Bulk Carrier,24184.0,Bulk Carrier
255915762,IMO9429754,General Cargo Ship,9530.0,Other Cargo
255915781,IMO9598165,Bulk Carrier,17025.0,Bulk Carrier
255915782,IMO9643180,Bulk Carrier,31756.0,Bulk Carrier
255915792,IMO9535096,Container Ship (Fully Cellular),18296.0,Container Ship
255915805,IMO9609330,General Cargo Ship (Open Hatch),20254.0,Other Cargo
255915807,IMO9855563,Bulk Carrier,43968.0,Bulk Carrier
255915817,IMO9983695,Container Ship (Fully Cellular),75448.0,Container Ship
255915818,IMO9983683,Container Ship (Fully Cellular),75448.0,Container Ship
255915819,IMO9691589,Bulk Carrier,40937.0,Bulk Carrier
255915824,IMO9623063,General Cargo Ship,22861.0,Other Cargo
255915832,IMO9989924,Bulk Carrier,24465.0,Bulk Carrier
255915838,IMO9430131,General Cargo Ship,9530.0,Other Cargo
255915843,IMO9499723,Cement Carrier,18176.0,Other Cargo
255915870,IMO9430143,General Cargo Ship,9530.0,Other Cargo
255915878,IMO9658783,General Cargo Ship (Open Hatch),21178.0,Other Cargo
255915892,IMO9541849,Bulk Carrier,34456.0,Bulk Carrier
255915893,IMO9952402,Bulk Carrier,44616.0,Bulk Carrier
255915904,IMO9728394,Bulk Carrier,21538.0,Bulk Carrier
255915909,IMO9723954,Bulk Carrier,23741.0,Bulk Carrier
255915911,IMO9906465,Bulk Carrier,44732.0,Bulk Carrier
255915918,IMO9584310,Bulk Carrier,44599.0,Bulk Carrier
255915951,IMO9494814,Bulk Carrier,19785.0,Bulk Carrier
255915953,IMO9496173,General Cargo Ship (Open Hatch),21487.0,Other Cargo
255915963,IMO9712486,Bulk Carrier,45221.0,Bulk Carrier
255916030,IMO9842827,Bulk Carrier,44015.0,Bulk Carrier
255916032,IMO9589619,Bulk Carrier,17027.0,Bulk Carrier
255916044,IMO9485784,General Cargo Ship,5629.0,Other Cargo
255916045,IMO9485813,General Cargo Ship,5629.0,Other Cargo
255916092,IMO9423516,General Cargo Ship,14859.0,Other Cargo
255916095,IMO9465306,Container Ship (Fully Cellular),142740.0,Container Ship
255916102,IMO9713404,General Cargo Ship (Open Hatch),23281.0,Other Cargo
255916113,IMO9902081,Bulk Carrier,23226.0,Bulk Carrier
255916274,IMO9950129,Container Ship (Fully Cellular),26914.0,Container Ship
255916276,IMO9969857,Container Ship (Fully Cellular),26914.0,Container Ship
255916278,IMO9950117,Container Ship (Fully Cellular),26914.0,Container Ship
255916291,IMO9485772,General Cargo Ship,5629.0,Other Cargo
255916293,IMO9485837,General Cargo Ship,5629.0,Other Cargo
255944000,IMO9942732,Bulk Carrier,93718.0,Bulk Carrier
255975000,IMO9444285,Container Ship (Fully Cellular),71867.0,Container Ship
255980000,IMO9288409,Container Ship (Fully Cellular),66462.0,Container Ship
255994000,IMO9954163,Container Ship (Fully Cellular),52228.0,Container Ship
255995000,IMO9954187,Container Ship (Fully Cellular),52228.0,Container Ship
256001000,IMO9966831,Bulk Carrier,36192.0,Bulk Carrier
256006000,IMO9966570,Bulk Carrier,48944.0,Bulk Carrier
256011000,IMO9293806,Container Ship (Fully Cellular),90449.0,Container Ship
256022000,IMO9323481,Container Ship (Fully Cellular),18327.0,Container Ship
256028000,IMO9686326,Bulk Carrier,94542.0,Bulk Carrier
256029000,IMO9013268,,,Other Cargo
256035000,IMO9931159,Bulk Carrier,34628.0,Bulk Carrier
256041000,IMO9235983,General Cargo Ship,23132.0,Other Cargo
256042000,IMO9308194,Container Ship (Fully Cellular),32968.0,Container Ship
256052000,IMO9936927,Bulk Carrier,44002.0,Bulk Carrier
256056000,IMO9153771,,,Other Cargo
256058000,IMO9250995,Container Ship (Fully Cellular),74071.0,Container Ship
256062000,IMO9705067,Container Ship (Fully Cellular),96704.0,Container Ship
256071000,IMO9322499,Container Ship (Fully Cellular),54152.0,Container Ship
256075000,IMO9250971,Container Ship (Fully Cellular),74071.0,Container Ship
256095000,IMO9331165,Container Ship (Fully Cellular),66199.0,Container Ship
256104000,IMO9718117,Container Ship (Fully Cellular),94730.0,Container Ship
256106000,IMO9718571,Bulk Carrier,36353.0,Bulk Carrier
256144000,IMO9303780,Container Ship (Fully Cellular),28592.0,Container Ship
256151000,IMO9480198,Container Ship (Fully Cellular),61870.0,Container Ship
256163000,IMO9705079,Container Ship (Fully Cellular),96704.0,Container Ship
256169000,IMO9705081,Container Ship (Fully Cellular),96704.0,Container Ship
256170000,IMO9412830,Container Ship (Fully Cellular),17294.0,Container Ship
256172000,IMO9480215,Container Ship (Fully Cellular),61870.0,Container Ship
256175000,IMO9979474,Bulk Carrier,25150.0,Bulk Carrier
256179000,IMO9979462,Bulk Carrier,25150.0,Bulk Carrier
256189000,IMO9979486,Bulk Carrier,25150.0,Bulk Carrier
256190000,IMO9979498,Bulk Carrier,25150.0,Bulk Carrier
256198000,IMO9464780,Bulk Carrier,43846.0,Bulk Carrier
256213000,IMO9674567,Container Ship (Fully Cellular),96253.0,Container Ship
256256000,IMO8606264,,,Other Cargo
256300000,IMO9436355,Container Ship (Fully Cellular),91498.0,Container Ship
256311000,IMO9332884,Container Ship (Fully Cellular),71786.0,Container Ship
256313000,IMO9698941,Bulk Carrier,35884.0,Bulk Carrier
256317000,IMO9279513,Bulk Carrier,39013.0,Bulk Carrier
256318000,IMO9343089,Container Ship (Fully Cellular),27910.0,Container Ship
256346000,IMO8111958,,,Other Cargo
256350000,IMO9578995,Bulk Carrier,18873.0,Bulk Carrier
256389000,IMO9175901,Livestock Carrier,17648.0,Other Cargo
256402000,IMO8610916,,,Other Cargo
256408000,IMO9698214,Bulk Carrier,23689.0,Bulk Carrier
256416000,IMO9381873,Bulk Carrier,25327.0,Bulk Carrier
256426000,IMO9521825,General Cargo Ship,13579.0,Other Cargo
256430000,IMO9354662,Container Ship (Fully Cellular),18263.0,Container Ship
256433000,IMO9937294,Bulk Carrier,20848.0,Bulk Carrier
256449000,IMO9732606,Container Ship (Fully Cellular),93702.0,Container Ship
256458000,IMO9718208,Bulk Carrier,94034.0,Bulk Carrier
256484000,IMO9663776,Bulk Carrier,25303.0,Bulk Carrier
256490000,IMO9635640,Container Ship (Fully Cellular),71112.0,Container Ship
256524000,IMO9722962,Bulk Carrier,66687.0,Bulk Carrier
256542000,IMO9953717,Vehicles Carrier,71675.0,Other Cargo
256548000,IMO9365788,Container Ship (Fully Cellular),111249.0,Container Ship
256558000,IMO9670107,Container Ship (Fully Cellular),24528.0,Container Ship
256562000,IMO9381861,Bulk Carrier,13965.0,Bulk Carrier
256566000,IMO9722974,Bulk Carrier,66687.0,Bulk Carrier
256567000,IMO9480174,Container Ship (Fully Cellular),61870.0,Container Ship
256570000,IMO9295373,Container Ship (Fully Cellular),65483.0,Container Ship
256572000,IMO9356696,Container Ship (Fully Cellular),76826.0,Container Ship
256573000,IMO9480186,Container Ship (Fully Cellular),61870.0,Container Ship
256576000,IMO9525924,Container Ship (Fully Cellular),141077.0,Container Ship
256592000,IMO9951525,Container Ship (Fully Cellular),73133.0,Container Ship
256604000,IMO9436367,Container Ship (Fully Cellular),91498.0,Container Ship
256606000,IMO9726243,Bulk Carrier,34806.0,Bulk Carrier
256608000,IMO9607291,Bulk Carrier,33042.0,Bulk Carrier
256615000,IMO8517994,,,Other Cargo
256617000,IMO9660097,Bulk Carrier,34815.0,Bulk Carrier
256621000,IMO9747651,General Cargo Ship (Open Hatch),15861.0,Other Cargo
256624000,IMO9744764,General Cargo Ship (Open Hatch),22457.0,Other Cargo
256631000,IMO9701360,Bulk Carrier,36353.0,Bulk Carrier
256636000,IMO9969912,Container Ship (Fully Cellular),72896.0,Container Ship
256638000,IMO9468152,Bulk Carrier,31617.0,Bulk Carrier
256644000,IMO9722651,Container Ship (Fully Cellular),95680.0,Container Ship
256651000,IMO9938327,Container Ship (Fully Cellular),59052.0,Container Ship
256663000,IMO9623702,Bulk Carrier,43275.0,Bulk Carrier
256671000,IMO9705328,Bulk Carrier,36421.0,Bulk Carrier
256672000,IMO9545065,Bulk Carrier,22400.0,Bulk Carrier
256676000,IMO9951537,Container Ship (Fully Cellular),73133.0,Container Ship
256680000,IMO9111371,Bulk Carrier,16418.0,Bulk Carrier
256682000,IMO9595840,Bulk Carrier,22223.0,Bulk Carrier
256685000,IMO9968487,Bulk Carrier,29173.0,Bulk Carrier
256687000,IMO9436379,Container Ship (Fully Cellular),91498.0,Container Ship
256713000,IMO9486465,Bulk Carrier,23398.0,Bulk Carrier
256715000,IMO9978597,Bulk Carrier,35908.0,Bulk Carrier
256740000,IMO9397494,Cement Carrier,4073.0,Other Cargo
256763000,IMO9723277,Container Ship (Fully Cellular),94684.0,Container Ship
256772000,IMO9500273,Bulk Carrier,41342.0,Bulk Carrier
256780000,IMO8311091,,,Other Cargo
256785000,IMO9552343,Bulk Carrier,33090.0,Bulk Carrier
256787000,IMO9951551,Container Ship (Fully Cellular),73133.0,Container Ship
256788000,IMO9951549,Container Ship (Fully Cellular),73133.0,Container Ship
256820000,IMO9695640,Bulk Carrier,25303.0,Bulk Carrier
256840000,IMO1039369,Bulk Carrier,25150.0,Bulk Carrier
256843000,IMO9970014,Container Ship (Fully Cellular),72805.0,Container Ship
256845000,IMO9970026,Container Ship (Fully Cellular),72805.0,Container Ship
256847000,IMO9969998,Container Ship (Fully Cellular),72805.0,Container Ship
256850000,IMO9231145,General Cargo Ship,23132.0,Other Cargo
256854000,IMO9953793,Vehicles Carrier,71631.0,Other Cargo
256855000,IMO9450624,Container Ship (Fully Cellular),90931.0,Container Ship
256856000,IMO9970002,Container Ship (Fully Cellular),72805.0,Container Ship
256868000,IMO9703813,Bulk Carrier,24185.0,Bulk Carrier
256871000,IMO9618317,Container Ship (Fully Cellular),96262.0,Container Ship
256884000,IMO9938341,Container Ship (Fully Cellular),59052.0,Container Ship
256888000,IMO9473028,Container Ship (Fully Cellular),91498.0,Container Ship
256889000,IMO9691034,Bulk Carrier,24604.0,Bulk Carrier
256892000,IMO9691046,Bulk Carrier,24604.0,Bulk Carrier
256916000,IMO9295165,Container Ship (Fully Cellular),54271.0,Container Ship
256919000,IMO9698202,Bulk Carrier,23689.0,Bulk Carrier
256930000,IMO9305594,Container Ship (Fully Cellular),109149.0,Container Ship
256932000,IMO9308510,Container Ship (Fully Cellular),109149.0,Container Ship
256937000,IMO9308508,Container Ship (Fully Cellular),109149.0,Container Ship
256938000,IMO9305582,Container Ship (Fully Cellular),109149.0,Container Ship
256940000,IMO9305570,Container Ship (Fully Cellular),109149.0,Container Ship
256948000,IMO9975246,Container Ship (Fully Cellular),74721.0,Container Ship
256950000,IMO9975234,Container Ship (Fully Cellular),74721.0,Container Ship
256959000,IMO8707771,General Cargo Ship,2749.0,Other Cargo
256978000,IMO9712955,Bulk Carrier,31848.0,Bulk Carrier
256979000,IMO9938353,Container Ship (Fully Cellular),59052.0,Container Ship
256989000,IMO9327798,Container Ship (Fully Cellular),66199.0,Container Ship
256995000,IMO9295220,Container Ship (Fully Cellular),82794.0,Container Ship
256998000,IMO9354791,Bulk Carrier,25327.0,Bulk Carrier
257073000,IMO9801299,Bulk Carrier,35832.0,Bulk Carrier
257085720,IMO9414917,Bulk Carrier,29104.0,Bulk Carrier
257087080,IMO9495935,General Cargo Ship (Open Hatch),29892.0,Other Cargo
257091890,IMO9186235,General Cargo Ship (Open Hatch),33448.0,Other Cargo
257160000,IMO9762857,Bulk Carrier,34164.0,Bulk Carrier
257242000,IMO9515412,Vehicles Carrier,75251.0,Other Cargo
257248000,IMO9176577,Vehicles Carrier,67264.0,Other Cargo
257263000,IMO9122655,Vehicles Carrier,67141.0,Other Cargo
257264000,IMO9138525,Vehicles Carrier,67141.0,Other Cargo
257268000,IMO9605798,Vehicles Carrier,61106.0,Other Cargo
257269000,IMO9070450,Vehicles Carrier,55598.0,Other Cargo
257277000,IMO9401972,General Cargo Ship (Open Hatch),29841.0,Other Cargo
257310000,IMO9396127,General Cargo Ship (Open Hatch),37158.0,Other Cargo
257316000,IMO9289013,Bulk Carrier,32474.0,Bulk Carrier
257323000,IMO9299276,Bulk Carrier,32474.0,Bulk Carrier
257325000,IMO9299288,Bulk Carrier,32474.0,Bulk Carrier
257328000,IMO9254642,General Cargo Ship (Open Hatch),32679.0,Other Cargo
257350000,IMO9396139,General Cargo Ship (Open Hatch),37158.0,Other Cargo
257365000,IMO9355525,General Cargo Ship (Open Hatch),30488.0,Other Cargo
257366000,IMO9420045,Vehicles Carrier,68392.0,Other Cargo
257368000,IMO9420057,Vehicles Carrier,68392.0,Other Cargo
257394000,IMO9401855,Bulk Carrier,29105.0,Bulk Carrier
257407000,IMO9852731,Bulk Carrier,35832.0,Bulk Carrier
257408000,IMO9285483,Vehicles Carrier,68871.0,Other Cargo
257424000,IMO9182954,General Cargo Ship (Open Hatch),32628.0,Other Cargo
257432000,IMO9589956,General Cargo Ship,5629.0,Other Cargo
257435000,IMO9589968,General Cargo Ship,5629.0,Other Cargo
257450000,IMO8018168,,,Other Cargo
257457000,IMO9396141,General Cargo Ship (Open Hatch),37158.0,Other Cargo
257470000,IMO9485796,General Cargo Ship,5629.0,Other Cargo
257474000,IMO9485801,General Cargo Ship,5629.0,Other Cargo
257478000,IMO9485784,General Cargo Ship,5629.0,Other Cargo
257480000,IMO9485813,General Cargo Ship,5629.0,Other Cargo
257481000,IMO9485825,General Cargo Ship,5629.0,Other Cargo
257482000,IMO9485758,General Cargo Ship,5629.0,Other Cargo
257484000,IMO9485772,General Cargo Ship,5629.0,Other Cargo
257486000,IMO9485837,General Cargo Ship,5629.0,Other Cargo
257496000,IMO9285495,Vehicles Carrier,68871.0,Other Cargo
257497000,IMO8204951,,,Other Cargo
257502000,IMO9764063,Bulk Carrier,32372.0,Bulk Carrier
257507000,IMO9126455,Platform Supply Ship,3017.0,Other Cargo
257515000,IMO7507253,,,Other Cargo
257516000,IMO9371086,General Cargo Ship (Open Hatch),39258.0,Other Cargo
257523000,IMO9687174,General Cargo Ship (Open Hatch),37150.0,Other Cargo
257527000,IMO9186209,General Cargo Ship (Open Hatch),33448.0,Other Cargo
257530000,IMO9249295,General Cargo Ship (Open Hatch),36324.0,Other Cargo
257532000,IMO9182966,General Cargo Ship (Open Hatch),32628.0,Other Cargo
257533000,IMO9185463,Vehicles Carrier,51770.0,Other Cargo
257534000,IMO9186223,General Cargo Ship (Open Hatch),33448.0,Other Cargo
257535000,IMO9401790,General Cargo Ship (Open Hatch),39258.0,Other Cargo
257536000,IMO9401805,General Cargo Ship (Open Hatch),39258.0,Other Cargo
257548000,IMO9186211,General Cargo Ship (Open Hatch),33448.0,Other Cargo
257560000,IMO9295830,Vehicles Carrier,57280.0,Other Cargo
257565000,IMO9191307,Vehicles Carrier,67140.0,Other Cargo
257593000,IMO9557111,Bulk Carrier,32837.0,Bulk Carrier
257613000,IMO9191319,Vehicles Carrier,67140.0,Other Cargo
257615000,IMO9182978,General Cargo Ship (Open Hatch),32645.0,Other Cargo
257620000,IMO9881380,Bulk Carrier,34164.0,Bulk Carrier
257654000,IMO9493975,Bulk Carrier,32297.0,Bulk Carrier
257661000,IMO9396153,General Cargo Ship (Open Hatch),37158.0,Other Cargo
257672000,IMO9191321,Vehicles Carrier,67140.0,Other Cargo
257674000,IMO9431836,Vehicles Carrier,47232.0,Other Cargo
257711000,IMO9191876,Vehicles Carrier,68060.0,Other Cargo
257712000,IMO9176395,Vehicles Carrier,57757.0,Other Cargo
257713000,IMO9075709,Vehicles Carrier,56164.0,Other Cargo
257714000,IMO9075711,Vehicles Carrier,56164.0,Other Cargo
257732000,IMO9409338,Vehicles Carrier,58890.0,Other Cargo
257758000,IMO9218648,Vehicles Carrier,67140.0,Other Cargo
257761000,IMO9367554,Chemical/Products Tanker,19463.0,Other Cargo
257763000,IMO9962677,Vehicles Carrier,84074.0,Other Cargo
257768000,IMO9669213,Offshore Tug/Supply Ship,2298.0,Other Cargo
257771000,IMO9738208,Bulk Carrier,35873.0,Bulk Carrier
257774000,IMO9724764,Bulk Carrier,36396.0,Bulk Carrier
257791000,IMO9911654,Bulk Carrier,34617.0,Bulk Carrier
257795000,IMO9307578,Bulk Carrier,32474.0,Bulk Carrier
257798000,IMO7710410,,,Other Cargo
257801000,IMO9307580,Bulk Carrier,32474.0,Bulk Carrier
257807000,IMO9299290,Bulk Carrier,32474.0,Bulk Carrier
257818000,IMO9698197,Bulk Carrier,34773.0,Bulk Carrier
257831000,IMO9748461,Bulk Carrier,34815.0,Bulk Carrier
257842000,IMO9593854,General Cargo Ship (Open Hatch),37447.0,Other Cargo
257844000,IMO9593866,General Cargo Ship (Open Hatch),37447.0,Other Cargo
257864000,IMO9684976,Vehicles Carrier,76420.0,Other Cargo
257869000,IMO9312470,Vehicles Carrier,68871.0,Other Cargo
257881000,IMO9701920,Bulk Carrier,36311.0,Bulk Carrier
257887000,IMO1041831,Vehicles Carrier,68903.0,Other Cargo
257891000,IMO9701932,Bulk Carrier,36311.0,Bulk Carrier
257953000,IMO9873278,Bulk Carrier,35048.0,Bulk Carrier
257972000,IMO9744051,Bulk Carrier,36321.0,Bulk Carrier
258002000,IMO9908475,Bulk Carrier,36174.0,Bulk Carrier
258003000,IMO9801249,Bulk Carrier,35832.0,Bulk Carrier
258005000,IMO9616840,General Cargo Ship (Open Hatch),37447.0,Other Cargo
258007000,IMO9603805,General Cargo Ship (Open Hatch),37447.0,Other Cargo
258008000,IMO9603790,General Cargo Ship (Open Hatch),37447.0,Other Cargo
258009000,IMO9593907,General Cargo Ship (Open Hatch),37447.0,Other Cargo
258011000,IMO9593892,General Cargo Ship (Open Hatch),37447.0,Other Cargo
258014000,IMO9593878,General Cargo Ship (Open Hatch),37447.0,Other Cargo
258030000,IMO9873280,Bulk Carrier,35048.0,Bulk Carrier
258071000,IMO9951989,Bulk Carrier,36177.0,Bulk Carrier
258075000,IMO9734989,Bulk Carrier,36311.0,Bulk Carrier
258097000,IMO9744063,Bulk Carrier,36321.0,Bulk Carrier
258102000,IMO9744087,Bulk Carrier,36321.0,Bulk Carrier
258106000,IMO9295842,Vehicles Carrier,68871.0,Other Cargo
258136000,IMO9720847,Bulk Carrier,35824.0,Bulk Carrier
258151000,IMO9719666,Bulk Carrier,35884.0,Bulk Carrier
258251000,IMO9735000,Bulk Carrier,36313.0,Bulk Carrier
258288000,IMO9744075,Bulk Carrier,36321.0,Bulk Carrier
258297000,IMO9744104,Bulk Carrier,36318.0,Bulk Carrier
258389000,IMO9684988,Vehicles Carrier,76420.0,Other Cargo
258491000,IMO9724776,Bulk Carrier,36396.0,Bulk Carrier
258628000,IMO9684990,Vehicles Carrier,76420.0,Other Cargo
258720000,IMO9318474,Vehicles Carrier,55775.0,Other Cargo
258734000,IMO9310513,General Cargo Ship (Open Hatch),32679.0,Other Cargo
258758000,IMO9312482,Vehicles Carrier,68871.0,Other Cargo
258774000,IMO9186302,Vehicles Carrier,58684.0,Other Cargo
258775000,IMO9734991,Bulk Carrier,36313.0,Bulk Carrier
258872000,IMO9706918,Vehicles Carrier,76420.0,Other Cargo
258882000,IMO9171280,Vehicles Carrier,68060.0,Other Cargo
258954000,IMO9071557,General Cargo Ship (Open Hatch),32744.0,Other Cargo
258964000,IMO9071569,General Cargo Ship (Open Hatch),32744.0,Other Cargo
258975000,IMO9673381,Vehicles Carrier,58531.0,Other Cargo
258977000,IMO9673379,Vehicles Carrier,58531.0,Other Cargo
258981000,IMO9342205,Vehicles Carrier,68871.0,Other Cargo
259001000,IMO9179725,Vehicles Carrier,67264.0,Other Cargo
259006000,IMO9484845,Offshore Support Vessel,3650.0,Other Cargo
259023000,IMO9138513,Vehicles Carrier,67141.0,Other Cargo
259024000,IMO9515395,Vehicles Carrier,75251.0,Other Cargo
259075000,IMO9710737,Vehicles Carrier,76420.0,Other Cargo
259093000,IMO9490791,Bulk Carrier,32839.0,Bulk Carrier
259099000,IMO9490870,Bulk Carrier,32839.0,Bulk Carrier
259135000,IMO9698185,Bulk Carrier,34773.0,Bulk Carrier
259164000,IMO9432490,General Cargo Ship,5629.0,Other Cargo
259165000,IMO9774850,Bulk Carrier,35851.0,Bulk Carrier
259274000,IMO9710749,Vehicles Carrier,76420.0,Other Cargo
259303000,IMO9762845,Bulk Carrier,34164.0,Bulk Carrier
259545000,IMO9490844,Bulk Carrier,32839.0,Bulk Carrier
259645000,IMO9207510,Research Survey Vessel,3947.0,Other Cargo
259701000,IMO9490806,Bulk Carrier,32839.0,Bulk Carrier
259705000,IMO9155303,General Cargo Ship (Open Hatch),36008.0,Other Cargo
259709000,IMO9368912,Vehicles Carrier,51964.0,Other Cargo
259725000,IMO9103128,General Cargo Ship (Open Hatch),32749.0,Other Cargo
259732000,IMO9384540,Bulk Carrier,32379.0,Bulk Carrier
259733000,IMO7931454,"Heavy Load Carrier, semi submersible",31021.0,Other Cargo
259739000,IMO9382396,Vehicles Carrier,51964.0,Other Cargo
259795000,IMO9475181,Platform Supply Ship,5106.0,Other Cargo
259805000,IMO9377511,Vehicles Carrier,71668.0,Other Cargo
259885000,IMO9103130,General Cargo Ship (Open Hatch),32749.0,Other Cargo
259895000,IMO9377523,Vehicles Carrier,71659.0,Other Cargo
259951000,IMO9520936,Bulk Carrier,32315.0,Bulk Carrier
259976000,IMO9430519,Vehicles Carrier,60868.0,Other Cargo
262005000,IMO9575981,Bulk Carrier,22456.0,Bulk Carrier
262006000,IMO9582427,Bulk Carrier,22456.0,Bulk Carrier
262007000,IMO9693496,Bulk Carrier,24288.0,Bulk Carrier
262008000,IMO9693501,Bulk Carrier,24288.0,Bulk Carrier
265012000,IMO9700524,Vehicles Carrier,73358.0,Other Cargo
265021000,IMO7616250,,,Other Cargo
265050000,IMO9945590,Vehicles Carrier,62432.0,Other Cargo
265055000,IMO9945617,Vehicles Carrier,62432.0,Other Cargo
265491000,IMO9189251,Vehicles Carrier,67264.0,Other Cargo
265827240,IMO9731640,Vehicles Carrier,73358.0,Other Cargo
265884000,IMO9240160,Vehicles Carrier,67378.0,Other Cargo
266261000,IMO9332937,Vehicles Carrier,71583.0,Other Cargo
266282000,IMO9377494,Vehicles Carrier,71673.0,Other Cargo
266283000,IMO9377509,Vehicles Carrier,71673.0,Other Cargo
266338000,IMO9505041,Vehicles Carrier,74258.0,Other Cargo
266339000,IMO9505027,Vehicles Carrier,74258.0,Other Cargo
269021000,IMO9539377,General Cargo Ship,14859.0,Other Cargo
269023000,IMO9493963,Bulk Carrier,32297.0,Bulk Carrier
269025000,IMO9583110,Bulk Carrier,32315.0,Bulk Carrier
269038000,IMO9520950,Bulk Carrier,32315.0,Bulk Carrier
269047000,IMO9775373,Bulk Carrier,34314.0,Bulk Carrier
269056000,IMO9710048,Bulk Carrier,32540.0,Bulk Carrier
269066000,IMO9775385,Bulk Carrier,34314.0,Bulk Carrier
269084000,IMO9694945,Bulk Carrier,51147.0,Bulk Carrier
269085000,IMO9694933,Bulk Carrier,51147.0,Bulk Carrier
269095000,IMO9731248,Bulk Carrier,32540.0,Bulk Carrier
269308000,IMO9694921,Bulk Carrier,51147.0,Bulk Carrier
269837000,IMO9542829,Bulk Carrier,22697.0,Bulk Carrier
271001254,IMO9245249,Bulk Carrier,30085.0,Bulk Carrier
271002721,IMO9224673,Bulk Carrier,27581.0,Bulk Carrier
271042325,IMO9574169,Bulk Carrier,17025.0,Bulk Carrier
271042433,IMO9365855,Container Ship (Fully Cellular),21162.0,Container Ship
271042759,IMO9365867,Container Ship (Fully Cellular),21162.0,Container Ship
271042805,IMO9442500,Bulk Carrier,44367.0,Bulk Carrier
271043028,IMO9365879,Container Ship (Fully Cellular),21162.0,Container Ship
271043241,IMO9108257,,,Other Cargo
271044570,IMO9740653,Container Ship (Fully Cellular),31425.0,Container Ship
271048031,IMO9550321,Bulk Carrier,17018.0,Bulk Carrier
271051270,IMO9370795,Wood Chips Carrier,39895.0,Other Cargo
271052065,IMO9336036,Bulk Carrier,39727.0,Bulk Carrier
273291380,IMO9436331,General Cargo Ship,12930.0,Other Cargo
275542000,IMO9962964,General Cargo Ship,2518.0,Other Cargo
303189000,IMO9215696,Container Ship (Fully Cellular),40085.0,Container Ship
303210000,IMO9316139,Vehicles Carrier,60979.0,Other Cargo
303340000,IMO9526502,Container Ship (Fully Cellular),75015.0,Container Ship
303348100,IMO8862739,,,Other Cargo
303352000,IMO9295220,Container Ship (Fully Cellular),82794.0,Container Ship
303411000,IMO9097288,Platform Supply Ship,690.0,Other Cargo
303436000,IMO9043835,Pollution Control Vessel,1335.0,Other Cargo
303530000,IMO9505089,Vehicles Carrier,72295.0,Other Cargo
303553000,IMO9730309,Platform Supply Ship,5011.0,Other Cargo
303582000,IMO9629988,Bulk Carrier,33737.0,Bulk Carrier
303583000,IMO9938327,Container Ship (Fully Cellular),59052.0,Container Ship
303584000,IMO9273686,Container Ship (Fully Cellular),25324.0,Container Ship
303657000,IMO9333010,Container Ship (Fully Cellular),74642.0,Container Ship
303829025,IMO9578971,Ro-Ro Cargo Ship,50110.0,Other Cargo
303829026,IMO9578983,Ro-Ro Cargo Ship,50722.0,Other Cargo
303829046,IMO9578969,Ro-Ro Cargo Ship,50110.0,Other Cargo
303845000,IMO9232242,Logistics Vessel (Naval Ro-Ro Cargo),72737.0,Other Cargo
303923000,IMO8211306,,,Other Cargo
303924000,IMO8211291,,,Other Cargo
303932000,IMO7826178,,,Other Cargo
303940000,IMO7826166,,,Other Cargo
304010228,IMO9197466,General Cargo Ship,8397.0,Other Cargo
304010886,IMO9193800,General Cargo Ship,4246.0,Other Cargo
304010983,IMO9204934,General Cargo Ship,4251.0,Other Cargo
304043000,IMO9436329,General Cargo Ship,12936.0,Other Cargo
304053000,IMO9508419,General Cargo Ship,8255.0,Other Cargo
304060000,IMO9266566,General Cargo Ship,8383.0,Other Cargo
304080796,IMO9147681,General Cargo Ship,8388.0,Other Cargo
304094000,IMO9700392,General Cargo Ship,11492.0,Other Cargo
304122000,IMO9355434,Container Ship (Fully Cellular),8273.0,Container Ship
304127000,IMO9347841,General Cargo Ship,7223.0,Other Cargo
304161000,IMO9539377,General Cargo Ship,14859.0,Other Cargo
304200000,IMO9362633,General Cargo Ship,7002.0,Other Cargo
304251000,IMO9228617,General Cargo Ship,7252.0,Other Cargo
304262000,IMO9346421,General Cargo Ship,8407.0,Other Cargo
304330000,IMO9473248,General Cargo Ship,12795.0,Other Cargo
304332000,IMO9473236,General Cargo Ship,12795.0,Other Cargo
304342000,IMO9736183,General Cargo Ship,11494.0,Other Cargo
304343000,IMO9736195,General Cargo Ship,11494.0,Other Cargo
304364000,IMO9239288,General Cargo Ship,7406.0,Other Cargo
304373000,IMO9235385,General Cargo Ship,6409.0,Other Cargo
304460000,IMO9252876,General Cargo Ship,6409.0,Other Cargo
304479000,IMO9266308,General Cargo Ship,7014.0,Other Cargo
304489000,IMO9413901,Bulk Carrier,20491.0,Bulk Carrier
304509000,IMO9508407,General Cargo Ship,8255.0,Other Cargo
304512000,IMO9266310,General Cargo Ship,7014.0,Other Cargo
304519000,IMO9885283,General Cargo Ship,15629.0,Other Cargo
304521000,IMO9415143,Bulk Carrier,20491.0,Bulk Carrier
304523000,IMO9885295,General Cargo Ship,15629.0,Other Cargo
304543000,IMO9885300,General Cargo Ship,15629.0,Other Cargo
304571000,IMO9463578,General Cargo Ship,9530.0,Other Cargo
304577000,IMO9266554,General Cargo Ship,8383.0,Other Cargo
304580000,IMO9372925,General Cargo Ship,8472.0,Other Cargo
304581000,IMO9415040,General Cargo Ship,6577.0,Other Cargo
304587000,IMO9290074,General Cargo Ship,7767.0,Other Cargo
304596000,IMO9061253,Container Ship (Fully Cellular),3992.0,Container Ship
304599000,IMO9521849,Bulk Carrier,13579.0,Bulk Carrier
304603000,IMO9283538,General Cargo Ship (Open Hatch),18825.0,Other Cargo
304617000,IMO9685097,General Cargo Ship,9719.0,Other Cargo
304676000,IMO9294977,General Cargo Ship,7767.0,Other Cargo
304679000,IMO9291963,General Cargo Ship,9618.0,Other Cargo
304726000,IMO9283966,General Cargo Ship,9611.0,Other Cargo
304746000,IMO9291975,General Cargo Ship,9618.0,Other Cargo
304813000,IMO9238686,Container Ship (Fully Cellular),16129.0,Container Ship
304824000,IMO9812004,General Cargo Ship,11522.0,Other Cargo
304869000,IMO9349289,General Cargo Ship,9611.0,Other Cargo
304881000,IMO9362621,General Cargo Ship,7002.0,Other Cargo
304882000,IMO9081289,General Cargo Ship,8448.0,Other Cargo
304883000,IMO9736200,General Cargo Ship,11503.0,Other Cargo
304888000,IMO9736212,General Cargo Ship,11503.0,Other Cargo
304906000,IMO9344239,Container Ship (Fully Cellular),8280.0,Container Ship
304909000,IMO9356414,General Cargo Ship,6296.0,Other Cargo
304918000,IMO9081320,General Cargo Ship,8448.0,Other Cargo
304939000,IMO9329643,Container Ship (Fully Cellular),35975.0,Container Ship
304948000,IMO9430222,General Cargo Ship,14859.0,Other Cargo
304954000,IMO9347827,General Cargo Ship,7223.0,Other Cargo
304959000,IMO9431331,Container Ship (Fully Cellular),15636.0,Container Ship
304968000,IMO9347047,General Cargo Ship,12936.0,Other Cargo
304994000,IMO9347839,General Cargo Ship,7223.0,Other Cargo
305024000,IMO9369069,General Cargo Ship,7878.0,Other Cargo
305030000,IMO9614701,General Cargo Ship,14941.0,Other Cargo
305034000,IMO9347853,General Cargo Ship,7223.0,Other Cargo
305048000,IMO9427079,General Cargo Ship,7002.0,Other Cargo
305056000,IMO9357200,General Cargo Ship,9625.0,Other Cargo
305063000,IMO9388883,General Cargo Ship,9611.0,Other Cargo
305065000,IMO9337236,General Cargo Ship,9620.0,Other Cargo
305066000,IMO9384318,General Cargo Ship,9618.0,Other Cargo
305075000,IMO9333058,Container Ship (Fully Cellular),35573.0,Container Ship
305081000,IMO9963401,General Cargo Ship,11444.0,Other Cargo
305086000,IMO9963413,General Cargo Ship,11444.0,Other Cargo
305087000,IMO9428786,General Cargo Ship,6569.0,Other Cargo
305089000,IMO9344370,General Cargo Ship,3642.0,Other Cargo
305097000,IMO9421116,General Cargo Ship,8999.0,Other Cargo
305108000,IMO9427081,General Cargo Ship,5261.0,Other Cargo
305113000,IMO9369071,General Cargo Ship,7878.0,Other Cargo
305121000,IMO9303314,General Cargo Ship,12936.0,Other Cargo
305122000,IMO9934266,General Cargo Ship,15629.0,Other Cargo
305131000,IMO9964429,General Cargo Ship,15629.0,Other Cargo
305140000,IMO9355472,Container Ship (Fully Cellular),8246.0,Container Ship
305141000,IMO9500077,General Cargo Ship,9772.0,Other Cargo
305146000,IMO9213935,,,Other Cargo
305152000,IMO9360192,General Cargo Ship,7223.0,Other Cargo
305157000,IMO9213959,General Cargo Ship,7252.0,Other Cargo
305159000,IMO9357224,General Cargo Ship,9625.0,Other Cargo
305160000,IMO9357236,General Cargo Ship,9625.0,Other Cargo
305161000,IMO9435105,General Cargo Ship,9618.0,Other Cargo
305164000,IMO9376488,General Cargo Ship,12950.0,Other Cargo
305172000,IMO9435026,General Cargo Ship,9611.0,Other Cargo
305176000,IMO9344394,General Cargo Ship,3610.0,Other Cargo
305177000,IMO9402055,General Cargo Ship,9611.0,Other Cargo
305179000,IMO9193812,General Cargo Ship,4246.0,Other Cargo
305187000,IMO9360207,General Cargo Ship,7223.0,Other Cargo
305204000,IMO9370109,General Cargo Ship,9556.0,Other Cargo
305205000,IMO9370111,General Cargo Ship,9556.0,Other Cargo
305222000,IMO9402067,General Cargo Ship,9611.0,Other Cargo
305230000,IMO9415296,Container Ship (Fully Cellular),32269.0,Container Ship
305245000,IMO9435117,General Cargo Ship,9618.0,Other Cargo
305246000,IMO9435129,General Cargo Ship,9618.0,Other Cargo
305276000,IMO9614696,General Cargo Ship,14941.0,Other Cargo
305277000,IMO9346005,Container Ship (Fully Cellular),36007.0,Container Ship
305293000,IMO9386988,Container Ship (Fully Cellular),15633.0,Container Ship
305302000,IMO9433327,General Cargo Ship,6967.0,Other Cargo
305305000,IMO9438573,General Cargo Ship,7878.0,Other Cargo
305315000,IMO9369095,General Cargo Ship,7878.0,Other Cargo
305343000,IMO9407574,General Cargo Ship,8750.0,Other Cargo
305345000,IMO9311787,Container Ship (Fully Cellular),28372.0,Container Ship
305347000,IMO9311775,Container Ship (Fully Cellular),28372.0,Container Ship
305361000,IMO9435856,General Cargo Ship,12936.0,Other Cargo
305366000,IMO9484194,General Cargo Ship,6351.0,Other Cargo
305367000,IMO9484209,General Cargo Ship,6351.0,Other Cargo
305372000,IMO9436965,General Cargo Ship,6155.0,Other Cargo
305375000,IMO9438585,General Cargo Ship,7878.0,Other Cargo
305380000,IMO9500053,General Cargo Ship,9772.0,Other Cargo
305392000,IMO9407586,General Cargo Ship,8750.0,Other Cargo
305404000,IMO9435868,General Cargo Ship,12936.0,Other Cargo
305410000,IMO9500065,General Cargo Ship,9772.0,Other Cargo
305413000,IMO9467017,General Cargo Ship,9616.0,Other Cargo
305434000,IMO9736224,General Cargo Ship,11494.0,Other Cargo
305459000,IMO9433298,General Cargo Ship,9627.0,Other Cargo
305460000,IMO9501241,General Cargo Ship,9618.0,Other Cargo
305461000,IMO9501253,General Cargo Ship,9618.0,Other Cargo
305462000,IMO9501265,General Cargo Ship,9618.0,Other Cargo
305463000,IMO9501277,General Cargo Ship,9618.0,Other Cargo
305469000,IMO9468085,General Cargo Ship,9611.0,Other Cargo
305470000,IMO9468097,General Cargo Ship,9611.0,Other Cargo
305472000,IMO9407598,General Cargo Ship,8750.0,Other Cargo
305480000,IMO9501863,General Cargo Ship,11473.0,Other Cargo
305514000,IMO9474371,General Cargo Ship,6155.0,Other Cargo
305529000,IMO9508304,General Cargo Ship,12974.0,Other Cargo
305533000,IMO9501875,General Cargo Ship,11473.0,Other Cargo
305535000,IMO9546796,Bulk Carrier,20535.0,Bulk Carrier
305536000,IMO9407603,General Cargo Ship,8750.0,Other Cargo
305538000,IMO9445887,Container Ship (Fully Cellular),35878.0,Container Ship
305540000,IMO9944778,Container Ship (Fully Cellular),18680.0,Container Ship
305543000,IMO9736236,General Cargo Ship,11494.0,Other Cargo
305546000,IMO9484223,General Cargo Ship,6351.0,Other Cargo
305560000,IMO9511636,General Cargo Ship,7878.0,Other Cargo
305561000,IMO9511648,General Cargo Ship,7878.0,Other Cargo
305590000,IMO9508380,General Cargo Ship,12974.0,Other Cargo
305598000,IMO9535591,General Cargo Ship,8059.0,Other Cargo
305616000,IMO9457103,General Cargo Ship,4591.0,Other Cargo
305621000,IMO9505510,General Cargo Ship,11473.0,Other Cargo
305623000,IMO9202091,General Cargo Ship,7541.0,Other Cargo
305624000,IMO9605891,General Cargo Ship,18567.0,Other Cargo
305625000,IMO9593658,General Cargo Ship,18189.0,Other Cargo
305630000,IMO9593660,General Cargo Ship,18189.0,Other Cargo
305653000,IMO9434931,Container Ship (Fully Cellular),26836.0,Container Ship
305655000,IMO9517422,Container Ship (Fully Cellular),16137.0,Container Ship
305656000,IMO9535606,General Cargo Ship,8059.0,Other Cargo
305657000,IMO9605906,General Cargo Ship,18567.0,Other Cargo
305663000,IMO9506734,General Cargo Ship,12810.0,Other Cargo
305669000,IMO9484235,General Cargo Ship,6351.0,Other Cargo
305679000,IMO9467005,General Cargo Ship,9616.0,Other Cargo
305682000,IMO9571375,General Cargo Ship,12980.0,Other Cargo
305691000,IMO9512381,General Cargo Ship,11473.0,Other Cargo
305700000,IMO9535618,General Cargo Ship,8059.0,Other Cargo
305703000,IMO9484247,General Cargo Ship,6351.0,Other Cargo
305716000,IMO1056264,General Cargo Ship,11664.0,Other Cargo
305717000,IMO9563706,General Cargo Ship,12838.0,Other Cargo
305718000,IMO9504724,General Cargo Ship,12838.0,Other Cargo
305719000,IMO9504736,General Cargo Ship,12838.0,Other Cargo
305737000,IMO9620669,General Cargo Ship,9611.0,Other Cargo
305738000,IMO9620657,General Cargo Ship,9611.0,Other Cargo
305740000,IMO9506746,General Cargo Ship,12810.0,Other Cargo
305749000,IMO9559872,General Cargo Ship,6351.0,Other Cargo
305755000,IMO9571387,General Cargo Ship,12980.0,Other Cargo
305756000,IMO9571399,General Cargo Ship,12980.0,Other Cargo
305757000,IMO9508421,General Cargo Ship,8255.0,Other Cargo
305760000,IMO1056288,General Cargo Ship,11664.0,Other Cargo
305767000,IMO9415052,General Cargo Ship,6577.0,Other Cargo
305776000,IMO9506758,General Cargo Ship,12810.0,Other Cargo
305790000,IMO9362827,General Cargo Ship,4990.0,Other Cargo
305792000,IMO9508433,General Cargo Ship,8255.0,Other Cargo
305796000,IMO9539389,General Cargo Ship,14859.0,Other Cargo
305799000,IMO9290048,General Cargo Ship,7813.0,Other Cargo
305803000,IMO9811983,General Cargo Ship,11522.0,Other Cargo
305806000,IMO9811995,General Cargo Ship,11522.0,Other Cargo
305822000,IMO9559884,General Cargo Ship,6351.0,Other Cargo
305823000,IMO9508457,General Cargo Ship,8255.0,Other Cargo
305825000,IMO9559896,General Cargo Ship,6351.0,Other Cargo
305826000,IMO9559901,General Cargo Ship,6351.0,Other Cargo
305853000,IMO9563720,General Cargo Ship,12838.0,Other Cargo
305854000,IMO9504748,General Cargo Ship,12838.0,Other Cargo
305855000,IMO9504786,General Cargo Ship,12838.0,Other Cargo
305856000,IMO9563732,General Cargo Ship,12838.0,Other Cargo
305859000,IMO9504798,General Cargo Ship,12838.0,Other Cargo
305864000,IMO9508469,General Cargo Ship,8255.0,Other Cargo
305865000,IMO9508471,General Cargo Ship,8255.0,Other Cargo
305866000,IMO9415064,General Cargo Ship,6577.0,Other Cargo
305869000,IMO9549566,General Cargo Ship,9963.0,Other Cargo
305885000,IMO9508483,General Cargo Ship,8255.0,Other Cargo
305908000,IMO9563744,General Cargo Ship,12838.0,Other Cargo
305931000,IMO9240548,General Cargo Ship,7752.0,Other Cargo
305933000,IMO9549592,General Cargo Ship,9963.0,Other Cargo
305955000,IMO9452218,General Cargo Ship,9530.0,Other Cargo
305961000,IMO9631345,General Cargo Ship,5751.0,Other Cargo
305962000,IMO9255725,,,Other Cargo
305969000,IMO9634684,Container Ship (Fully Cellular),17769.0,Container Ship
305996000,IMO9583055,General Cargo Ship,5630.0,Other Cargo
305997000,IMO9506148,General Cargo Ship,4591.0,Other Cargo
306039000,IMO9618783,"Heavy Load Carrier, semi submersible",91784.0,Other Cargo
308015000,IMO9321249,Container Ship (Fully Cellular),86692.0,Container Ship
308090000,IMO9015187,Refrigerated Cargo Ship,13049.0,Other Cargo
308124000,IMO9015216,,,Other Cargo
308126000,IMO9030149,Refrigerated Cargo Ship,13049.0,Other Cargo
308299000,IMO7915412,"Bulk Carrier, Self-discharging",46409.0,Other Cargo
308369000,IMO9357315,Vehicles Carrier,57692.0,Other Cargo
308397000,IMO8007793,"Bulk Carrier, Self-discharging",45843.0,Other Cargo
308438000,IMO9030137,Refrigerated Cargo Ship,13049.0,Other Cargo
308599000,IMO9311854,Vehicles Carrier,57692.0,Other Cargo
308695000,IMO8308147,,,Other Cargo
308717000,IMO9138094,"Bulk Carrier, Self-discharging",41428.0,Other Cargo
308726000,IMO9210438,Vehicles Carrier,57772.0,Other Cargo
308808000,IMO9361809,Vehicles Carrier,41000.0,Other Cargo
308876000,IMO9320336,Bulk Carrier,19918.0,Bulk Carrier
308921000,IMO9311866,Vehicles Carrier,57692.0,Other Cargo
308976000,IMO7926162,"Bulk Carrier, Self-discharging",43022.0,Other Cargo
309046000,IMO9321237,Container Ship (Fully Cellular),86692.0,Container Ship
309075000,IMO9014755,Refrigerated Cargo Ship,10842.0,Other Cargo
309108000,IMO9357298,Vehicles Carrier,57692.0,Other Cargo
309116000,IMO9377717,Bulk Carrier,16960.0,Bulk Carrier
309193000,IMO9007489,Refrigerated Cargo Ship,14406.0,Other Cargo
309253000,IMO9357303,Vehicles Carrier,57692.0,Other Cargo
309285000,IMO9318498,Vehicles Carrier,40986.0,Other Cargo
309369000,IMO9338826,Vehicles Carrier,58685.0,Other Cargo
309509000,IMO9338620,Vehicles Carrier,58599.0,Other Cargo
309587000,IMO9107306,General Cargo Ship (Open Hatch),32520.0,Other Cargo
309689000,IMO8912120,Refrigerated Cargo Ship,7743.0,Other Cargo
309716000,IMO9014767,Refrigerated Cargo Ship,10842.0,Other Cargo
309761000,IMO9107318,General Cargo Ship (Open Hatch),32520.0,Other Cargo
309764000,IMO9077082,General Cargo Ship (Open Hatch),36008.0,Other Cargo
309785000,IMO9143740,Refrigerated Cargo Ship,8924.0,Other Cargo
309822000,IMO7926174,,,Other Cargo
309841000,IMO9008732,Refrigerated Cargo Ship,10412.0,Other Cargo
309847000,IMO9327748,Vehicles Carrier,57692.0,Other Cargo
309901000,IMO9321251,Container Ship (Fully Cellular),86692.0,Container Ship
309905000,IMO9357327,Vehicles Carrier,57692.0,Other Cargo
309955000,IMO9318503,Vehicles Carrier,41000.0,Other Cargo
309996000,IMO9151826,General Cargo Ship (Open Hatch),36008.0,Other Cargo
310132000,IMO9108128,Container Ship (Fully Cellular),33735.0,Container Ship
310133000,IMO9108130,Container Ship (Fully Cellular),33735.0,Container Ship
310764000,IMO9143544,Container Ship (Fully Cellular),53523.0,Container Ship
310765000,IMO9143568,Container Ship (Fully Cellular),53523.0,Container Ship
310768000,IMO9143556,Container Ship (Fully Cellular),53523.0,Container Ship
310825000,IMO9232577,Container Ship (Fully Cellular),46009.0,Container Ship
310847000,IMO9558218,Bulk Carrier,92155.0,Bulk Carrier
311000076,IMO9585558,Bulk Carrier,30092.0,Bulk Carrier
311000080,IMO9601168,Bulk Carrier,33361.0,Bulk Carrier
311000083,IMO9529530,General Cargo Ship (Open Hatch),44865.0,Other Cargo
311000085,IMO9650937,Bulk Carrier,34800.0,Bulk Carrier
311000092,IMO9515228,General Cargo Ship (Open Hatch),44865.0,Other Cargo
311000101,IMO9441623,Vehicles Carrier,58767.0,Other Cargo
311000102,IMO9672416,Vehicles Carrier,58767.0,Other Cargo
311000103,IMO9660798,Vehicles Carrier,58767.0,Other Cargo
311000104,IMO9672404,Vehicles Carrier,58767.0,Other Cargo
311000114,IMO9607083,General Cargo Ship (Open Hatch),46112.0,Other Cargo
311000119,IMO9649031,Bulk Carrier,33193.0,Bulk Carrier
311000131,IMO9696096,Bulk Carrier,93511.0,Bulk Carrier
311000137,IMO9660061,Bulk Carrier,23268.0,Bulk Carrier
311000144,IMO9658941,General Cargo Ship (Open Hatch),31925.0,Other Cargo
311000153,IMO9635456,Bulk Carrier,24793.0,Bulk Carrier
311000157,IMO9336880,Bulk Carrier,42647.0,Bulk Carrier
311000187,IMO9690523,Vehicles Carrier,71177.0,Other Cargo
311000188,IMO9690535,Vehicles Carrier,71177.0,Other Cargo
311000193,IMO9567740,General Cargo Ship (Open Hatch),44866.0,Other Cargo
311000195,IMO9635468,Bulk Carrier,24793.0,Bulk Carrier
311000206,IMO9682760,Bulk Carrier,21532.0,Bulk Carrier
311000235,IMO9687162,General Cargo Ship (Open Hatch),37150.0,Other Cargo
311000239,IMO9636436,Bulk Carrier,31751.0,Bulk Carrier
311000243,IMO9700287,General Cargo Ship (Open Hatch),23753.0,Other Cargo
311000296,IMO9489168,Bulk Carrier,23400.0,Bulk Carrier
311000298,IMO9412294,Bulk Carrier,24099.0,Bulk Carrier
311000315,IMO9692789,Bulk Carrier,21607.0,Bulk Carrier
311000316,IMO9692777,Bulk Carrier,21607.0,Bulk Carrier
311000321,IMO9690547,Vehicles Carrier,71177.0,Other Cargo
311000322,IMO9690559,Vehicles Carrier,71177.0,Other Cargo
311000327,IMO9731236,General Cargo Ship (Open Hatch),27428.0,Other Cargo
311000342,IMO9727405,Bulk Carrier,34815.0,Bulk Carrier
311000368,IMO9138111,"Bulk Carrier, Self-discharging",41428.0,Other Cargo
311000376,IMO9737058,General Cargo Ship (Open Hatch),23856.0,Other Cargo
311000384,IMO9738753,Bulk Carrier,34815.0,Bulk Carrier
311000398,IMO9589683,Bulk Carrier,44232.0,Bulk Carrier
311000400,IMO9726023,Bulk Carrier,35898.0,Bulk Carrier
311000403,IMO9710139,Bulk Carrier,43229.0,Bulk Carrier
311000408,IMO9731224,General Cargo Ship (Open Hatch),27428.0,Other Cargo
311000421,IMO9228734,"Bulk Carrier, Self-discharging",32881.0,Other Cargo
311000424,IMO9755737,General Cargo Ship (Open Hatch),23750.0,Other Cargo
311000427,IMO9731822,Bulk Carrier,43229.0,Bulk Carrier
311000430,IMO9574858,General Cargo Ship (Open Hatch),46295.0,Other Cargo
311000441,IMO9701267,Bulk Carrier,21521.0,Bulk Carrier
311000442,IMO9701255,Bulk Carrier,21521.0,Bulk Carrier
311000458,IMO9736810,Vehicles Carrier,71177.0,Other Cargo
311000459,IMO9736808,Vehicles Carrier,71177.0,Other Cargo
311000508,IMO9600982,"Bulk Carrier, Self-discharging",43691.0,Other Cargo
311000537,IMO9767431,Bulk Carrier,23247.0,Bulk Carrier
311000541,IMO9782209,Bulk Carrier,45264.0,Bulk Carrier
311000552,IMO9726035,Bulk Carrier,35898.0,Bulk Carrier
311000558,IMO9767728,General Cargo Ship,22982.0,Other Cargo
311000565,IMO9790919,Bulk Carrier,45264.0,Bulk Carrier
311000566,IMO9749996,General Cargo Ship (Open Hatch),21521.0,Other Cargo
311000570,IMO9726047,Bulk Carrier,35898.0,Bulk Carrier
311000584,IMO9742455,General Cargo Ship (Open Hatch),27460.0,Other Cargo
311000614,IMO9773313,Bulk Carrier,24184.0,Bulk Carrier
311000622,IMO9749295,Bulk Carrier,47045.0,Bulk Carrier
311000624,IMO9539729,Bulk Carrier,63993.0,Bulk Carrier
311000630,IMO9523251,Bulk Carrier,42980.0,Bulk Carrier
311000641,IMO9817561,Bulk Carrier,43376.0,Bulk Carrier
311000646,IMO9770543,"Bulk Carrier, Self-discharging",45307.0,Other Cargo
311000651,IMO9729025,Bulk Carrier,35884.0,Bulk Carrier
311000663,IMO9801263,Bulk Carrier,23247.0,Bulk Carrier
311000673,IMO9363273,General Cargo Ship (Open Hatch),20236.0,Other Cargo
311000685,IMO9336086,Vehicles Carrier,57542.0,Other Cargo
311000705,IMO9336062,Vehicles Carrier,57542.0,Other Cargo
311000713,IMO9795971,Refrigerated Cargo Ship,6088.0,Other Cargo
311000715,IMO9580118,Bulk Carrier,23453.0,Bulk Carrier
311000716,IMO9828297,Bulk Carrier,44043.0,Bulk Carrier
311000724,IMO9143099,Refrigerated Cargo Ship,11438.0,Other Cargo
311000732,IMO9843364,Bulk Carrier,44114.0,Bulk Carrier
311000738,IMO9401829,General Cargo Ship (Open Hatch),29829.0,Other Cargo
311000756,IMO9550266,Bulk Carrier,17009.0,Bulk Carrier
311000767,IMO9370381,General Cargo Ship (Open Hatch),21211.0,Other Cargo
311000779,IMO9770555,"Bulk Carrier, Self-discharging",45307.0,Other Cargo
311000782,IMO9128049,Refrigerated Cargo Ship,10519.0,Other Cargo
311000788,IMO9191498,Refrigerated Cargo Ship,10527.0,Other Cargo
311000789,IMO9636448,Bulk Carrier,31874.0,Bulk Carrier
311000791,IMO9128051,Refrigerated Cargo Ship,10519.0,Other Cargo
311000796,IMO9159103,Refrigerated Cargo Ship,10519.0,Other Cargo
311000804,IMO9191474,Refrigerated Cargo Ship,9859.0,Other Cargo
311000808,IMO9405162,"Bulk Carrier, Self-discharging",33047.0,Other Cargo
311000813,IMO9749233,General Cargo Ship,23224.0,Other Cargo
311000824,IMO9738870,Bulk Carrier,34769.0,Bulk Carrier
311000825,IMO9401879,General Cargo Ship (Open Hatch),30983.0,Other Cargo
311000832,IMO9867059,Bulk Carrier,38234.0,Bulk Carrier
311000834,IMO9181168,Refrigerated Cargo Ship,9860.0,Other Cargo
311000841,IMO9713961,Bulk Carrier,34769.0,Bulk Carrier
311000847,IMO9837298,Bulk Carrier,43380.0,Bulk Carrier
311000853,IMO9765861,Refrigerated Cargo Ship,17421.0,Other Cargo
311000855,IMO9159115,Refrigerated Cargo Ship,10519.0,Other Cargo
311000857,IMO9363663,General Cargo Ship (Open Hatch),29765.0,Other Cargo
311000859,IMO9748071,Bulk Carrier,34769.0,Bulk Carrier
311000876,IMO9330056,Refrigerated Cargo Ship,14030.0,Other Cargo
311000877,IMO9852705,General Cargo Ship (Open Hatch),23194.0,Other Cargo
311000886,IMO9612313,Bulk Carrier,22746.0,Bulk Carrier
311000897,IMO9710579,"Bulk Carrier, Self-discharging",44408.0,Other Cargo
311000898,IMO9710567,"Bulk Carrier, Self-discharging",44408.0,Other Cargo
311000899,IMO9401984,General Cargo Ship (Open Hatch),29841.0,Other Cargo
311000905,IMO9183776,"Bulk Carrier, Self-discharging",28747.0,Other Cargo
311000906,IMO9120334,"Bulk Carrier, Self-discharging",42033.0,Other Cargo
311000907,IMO9138109,"Bulk Carrier, Self-discharging",41428.0,Other Cargo
311000921,IMO9356309,Container Ship (Fully Cellular),128600.0,Container Ship
311000922,IMO9356311,Container Ship (Fully Cellular),128600.0,Container Ship
311000923,IMO9454436,Container Ship (Fully Cellular),176546.0,Container Ship
311000924,IMO9527518,Bulk Carrier,43022.0,Bulk Carrier
311000933,IMO9478482,General Cargo Ship (Open Hatch),20242.0,Other Cargo
311000972,IMO9016674,Refrigerated Cargo Ship,10381.0,Other Cargo
311000980,IMO9623051,General Cargo Ship,22856.0,Other Cargo
311000985,IMO9691498,Bulk Carrier,23263.0,Bulk Carrier
311000991,IMO9887346,Bulk Carrier,44249.0,Bulk Carrier
311000992,IMO8802090,Refrigerated Cargo Ship,10842.0,Other Cargo
311000996,IMO9573804,Bulk Carrier,17019.0,Bulk Carrier
311001003,IMO8909070,Refrigerated Cargo Ship,10842.0,Other Cargo
311001014,IMO9641819,Bulk Carrier,17027.0,Bulk Carrier
311001015,IMO9186780,General Cargo Ship (Open Hatch),22073.0,Other Cargo
311001022,IMO9696852,Bulk Carrier,24696.0,Bulk Carrier
311001027,IMO9160724,Refrigerated Cargo Ship,11443.0,Other Cargo
311001032,IMO9339442,Bulk Carrier,31258.0,Bulk Carrier
311001036,IMO9541813,Bulk Carrier,34456.0,Bulk Carrier
311001070,IMO9687136,Bulk Carrier,22385.0,Bulk Carrier
311001071,IMO9687148,Bulk Carrier,22385.0,Bulk Carrier
311001073,IMO8706777,Refrigerated Cargo Ship,12348.0,Other Cargo
311001075,IMO9696797,Bulk Carrier,34617.0,Bulk Carrier
311001076,IMO8311120,,,Other Cargo
311001077,IMO8311118,,,Other Cargo
311001082,IMO9522817,Bulk Carrier,17025.0,Bulk Carrier
311001083,IMO9167801,Refrigerated Cargo Ship,11382.0,Other Cargo
311001084,IMO9172959,Refrigerated Cargo Ship,11382.0,Other Cargo
311001087,IMO9460801,General Cargo Ship (Open Hatch),29847.0,Other Cargo
311001110,IMO9401831,General Cargo Ship (Open Hatch),29829.0,Other Cargo
311001124,IMO9324150,Bulk Carrier,31247.0,Bulk Carrier
311001132,IMO9668934,Bulk Carrier,22469.0,Bulk Carrier
311001134,IMO9527960,General Cargo Ship (Open Hatch),23853.0,Other Cargo
311001136,IMO9460796,General Cargo Ship (Open Hatch),29847.0,Other Cargo
311001144,IMO9832432,Bulk Carrier,22683.0,Bulk Carrier
311001156,IMO9652569,General Cargo Ship (Open Hatch),31926.0,Other Cargo
311001163,IMO1015466,Bulk Carrier,24464.0,Bulk Carrier
311001188,IMO9733284,Bulk Carrier,24725.0,Bulk Carrier
311001214,IMO9510371,Bulk Carrier,32305.0,Bulk Carrier
311001216,IMO9691046,Bulk Carrier,24604.0,Bulk Carrier
311001218,IMO9275050,Container Ship (Fully Cellular),26833.0,Container Ship
311001220,IMO9452907,General Cargo Ship (Open Hatch),29829.0,Other Cargo
311001244,IMO9227027,Container Ship (Fully Cellular),39941.0,Container Ship
311001246,IMO9782948,Bulk Carrier,35832.0,Bulk Carrier
311001247,IMO9644550,General Cargo Ship (Open Hatch),29218.0,Other Cargo
311001248,IMO9607095,General Cargo Ship (Open Hatch),46295.0,Other Cargo
311001257,IMO9599078,Bulk Carrier,51905.0,Bulk Carrier
311001274,IMO9748473,Bulk Carrier,34773.0,Bulk Carrier
311001288,IMO9586320,Bulk Carrier,19998.0,Bulk Carrier
311001318,IMO9657870,Bulk Carrier,24785.0,Bulk Carrier
311001329,IMO9659737,General Cargo Ship (Open Hatch),27440.0,Other Cargo
311001337,IMO9419254,General Cargo Ship (Open Hatch),35240.0,Other Cargo
311001341,IMO9715490,Bulk Carrier,94385.0,Bulk Carrier
311001345,IMO9227039,Container Ship (Fully Cellular),39941.0,Container Ship
311001353,IMO9970636,Vehicles Carrier,75929.0,Other Cargo
311001374,IMO9659751,General Cargo Ship (Open Hatch),27440.0,Other Cargo
311001384,IMO9659749,General Cargo Ship (Open Hatch),27440.0,Other Cargo
311001385,IMO9730452,Bulk Carrier,36353.0,Bulk Carrier
311001416,IMO9365790,Container Ship (Fully Cellular),111249.0,Container Ship
311001454,IMO9658965,Bulk Carrier,34241.0,Bulk Carrier
311001547,IMO9982720,Vehicles Carrier,75929.0,Other Cargo
311001548,IMO9982718,Vehicles Carrier,75929.0,Other Cargo
311001549,IMO9952488,Bulk Carrier,44616.0,Bulk Carrier
311001561,IMO1016484,Bulk Carrier,36313.0,Bulk Carrier
311001589,IMO9512056,Bulk Carrier,65005.0,Bulk Carrier
311001598,IMO9688221,Bulk Carrier,38453.0,Bulk Carrier
311001601,IMO9317406,General Cargo Ship (Open Hatch),29758.0,Other Cargo
311001605,IMO9317418,General Cargo Ship (Open Hatch),29758.0,Other Cargo
311001607,IMO9343493,General Cargo Ship (Open Hatch),29758.0,Other Cargo
311001609,IMO9613848,General Cargo Ship (Open Hatch),37499.0,Other Cargo
311001613,IMO9644524,General Cargo Ship (Open Hatch),37441.0,Other Cargo
311001614,IMO9613874,General Cargo Ship (Open Hatch),37499.0,Other Cargo
311001615,IMO9502336,General Cargo Ship (Open Hatch),37441.0,Other Cargo
311001617,IMO9343510,General Cargo Ship (Open Hatch),29758.0,Other Cargo
311001618,IMO9613836,General Cargo Ship (Open Hatch),37499.0,Other Cargo
311001621,IMO9363637,General Cargo Ship (Open Hatch),29758.0,Other Cargo
311001622,IMO9117739,General Cargo Ship (Open Hatch),36463.0,Other Cargo
311001623,IMO9117741,General Cargo Ship (Open Hatch),36463.0,Other Cargo
311001624,IMO9371062,General Cargo Ship (Open Hatch),29758.0,Other Cargo
311001625,IMO9401788,General Cargo Ship (Open Hatch),29758.0,Other Cargo
311001626,IMO9380764,General Cargo Ship (Open Hatch),29758.0,Other Cargo
311001627,IMO9144354,General Cargo Ship (Open Hatch),29381.0,Other Cargo
311001628,IMO9160803,General Cargo Ship (Open Hatch),29729.0,Other Cargo
311001629,IMO9233454,General Cargo Ship (Open Hatch),29867.0,Other Cargo
311001630,IMO9074078,General Cargo Ship (Open Hatch),29381.0,Other Cargo
311001632,IMO1042110,Bulk Carrier,25560.0,Bulk Carrier
311001641,IMO9233466,General Cargo Ship (Open Hatch),29867.0,Other Cargo
311001642,IMO9609457,General Cargo Ship (Open Hatch),37441.0,Other Cargo
311001645,IMO9764104,Bulk Carrier,35601.0,Bulk Carrier
311001655,IMO9952452,Bulk Carrier,44616.0,Bulk Carrier
311001659,IMO9999682,"Bulk Carrier, Self-discharging",44640.0,Other Cargo
311002500,IMO9314624,Bulk Carrier,40154.0,Bulk Carrier
311002800,IMO9391579,Vehicles Carrier,57692.0,Other Cargo
311002900,IMO9441506,Vehicles Carrier,58767.0,Other Cargo
311003100,IMO9391593,Vehicles Carrier,57692.0,Other Cargo
311003200,IMO9391581,Vehicles Carrier,57692.0,Other Cargo
311003300,IMO9391567,Vehicles Carrier,57692.0,Other Cargo
311003400,IMO9388716,Vehicles Carrier,57692.0,Other Cargo
311003500,IMO9361835,Vehicles Carrier,41009.0,Other Cargo
311003600,IMO9361823,Vehicles Carrier,41009.0,Other Cargo
311003900,IMO9446881,Vehicles Carrier,41009.0,Other Cargo
311004900,IMO9338838,Vehicles Carrier,58685.0,Other Cargo
311005600,IMO9346847,Bulk Carrier,24109.0,Bulk Carrier
311005700,IMO9386914,Bulk Carrier,24109.0,Bulk Carrier
311005800,IMO9386926,Bulk Carrier,24109.0,Bulk Carrier
311008600,IMO9395630,Vehicles Carrier,49708.0,Other Cargo
311008700,IMO9395628,Vehicles Carrier,49675.0,Other Cargo
311011500,IMO9438054,Bulk Carrier,31130.0,Bulk Carrier
311013600,IMO9338840,Vehicles Carrier,58685.0,Other Cargo
311013800,IMO9393620,General Cargo Ship (Open Hatch),22697.0,Other Cargo
311013900,IMO9423786,Bulk Carrier,24109.0,Bulk Carrier
311014100,IMO9423798,Bulk Carrier,24109.0,Bulk Carrier
311015100,IMO9338852,Vehicles Carrier,58917.0,Other Cargo
311015600,IMO9300192,Bulk Carrier,20225.0,Bulk Carrier
311016600,IMO9406104,Bulk Carrier,19972.0,Bulk Carrier
311017800,IMO9393632,General Cargo Ship (Open Hatch),22697.0,Other Cargo
311018000,IMO9488097,Bulk Carrier,24055.0,Bulk Carrier
311018300,IMO9393448,Bulk Carrier,20603.0,Bulk Carrier
311018800,IMO9385477,General Cargo Ship (Open Hatch),44684.0,Other Cargo
311019100,IMO9295842,Vehicles Carrier,68871.0,Other Cargo
311024500,IMO9493652,Bulk Carrier,33044.0,Bulk Carrier
311024800,IMO9493676,Bulk Carrier,33044.0,Bulk Carrier
311025400,IMO9445708,Bulk Carrier,33280.0,Bulk Carrier
311025800,IMO9402122,General Cargo Ship (Open Hatch),22697.0,Other Cargo
311028600,IMO9287194,Bulk Carrier,40017.0,Bulk Carrier
311029800,IMO9452593,Bulk Carrier,43506.0,Bulk Carrier
311032100,IMO9403059,Bulk Carrier,32379.0,Bulk Carrier
311033200,IMO9406128,Bulk Carrier,19972.0,Bulk Carrier
311033300,IMO9569944,Bulk Carrier,32987.0,Bulk Carrier
311033500,IMO9441984,Bulk Carrier,20603.0,Bulk Carrier
311035300,IMO9542520,Bulk Carrier,24065.0,Bulk Carrier
311035400,IMO9542532,Bulk Carrier,24065.0,Bulk Carrier
311035600,IMO9542544,Bulk Carrier,24065.0,Bulk Carrier
311036200,IMO9605853,Bulk Carrier,33044.0,Bulk Carrier
311036300,IMO9605865,Bulk Carrier,33044.0,Bulk Carrier
311037100,IMO9409534,Bulk Carrier,24099.0,Bulk Carrier
311039000,IMO9210440,Vehicles Carrier,57772.0,Other Cargo
311040600,IMO9441520,Vehicles Carrier,58767.0,Other Cargo
311040700,IMO9441556,Vehicles Carrier,58767.0,Other Cargo
311040800,IMO9441568,Vehicles Carrier,58767.0,Other Cargo
311043100,IMO9451238,Bulk Carrier,33194.0,Bulk Carrier
311044300,IMO9008706,General Cargo Ship (Open Hatch),29369.0,Other Cargo
311044400,IMO9007532,General Cargo Ship (Open Hatch),29369.0,Other Cargo
311044500,IMO9007544,General Cargo Ship (Open Hatch),29369.0,Other Cargo
311045300,IMO9584059,Vehicles Carrier,58983.0,Other Cargo
311046100,IMO9346811,Bulk Carrier,24109.0,Bulk Carrier
311048200,IMO9453107,Vehicles Carrier,36834.0,Other Cargo
311048300,IMO9455715,Vehicles Carrier,36834.0,Other Cargo
311049400,IMO9351737,Bulk Carrier,31238.0,Bulk Carrier
311052200,IMO9449247,Bulk Carrier,33280.0,Bulk Carrier
311052700,IMO9441570,Vehicles Carrier,58767.0,Other Cargo
311053100,IMO9530955,Bulk Carrier,22733.0,Bulk Carrier
311053300,IMO9589140,Bulk Carrier,44326.0,Bulk Carrier
311053400,IMO9593402,Bulk Carrier,44326.0,Bulk Carrier
311053500,IMO9589152,Bulk Carrier,44326.0,Bulk Carrier
311053600,IMO9602772,Bulk Carrier,44106.0,Bulk Carrier
311054300,IMO9441594,Vehicles Carrier,58767.0,Other Cargo
311054400,IMO9441582,Vehicles Carrier,58767.0,Other Cargo
311055200,IMO9594248,Bulk Carrier,24145.0,Bulk Carrier
311055300,IMO9594236,Bulk Carrier,24145.0,Bulk Carrier
311055400,IMO9594224,Bulk Carrier,24145.0,Bulk Carrier
311055500,IMO9594250,Bulk Carrier,24145.0,Bulk Carrier
311056900,IMO9600994,"Bulk Carrier, Self-discharging",43691.0,Other Cargo
311057100,IMO9640956,"Bulk Carrier, Self-discharging",43691.0,Other Cargo
311057300,IMO9600970,"Bulk Carrier, Self-discharging",43691.0,Other Cargo
311058600,IMO9496264,Bulk Carrier,20603.0,Bulk Carrier
311060500,IMO9220859,Container Ship (Fully Cellular),26061.0,Container Ship
311061600,IMO9582116,Bulk Carrier,43839.0,Bulk Carrier
311062200,IMO8903167,Refrigerated Cargo Ship,14406.0,Other Cargo
311062300,IMO8819938,Refrigerated Cargo Ship,14406.0,Other Cargo
311062400,IMO8819926,Refrigerated Cargo Ship,14406.0,Other Cargo
311063100,IMO9590577,Bulk Carrier,44203.0,Bulk Carrier
311064200,IMO9597109,Bulk Carrier,44544.0,Bulk Carrier
311064700,IMO9543615,Bulk Carrier,32545.0,Bulk Carrier
311064800,IMO9607007,Bulk Carrier,32545.0,Bulk Carrier
311064900,IMO9607019,Bulk Carrier,32545.0,Bulk Carrier
311070400,IMO9612143,Bulk Carrier,24212.0,Bulk Carrier
311072300,IMO9441609,Vehicles Carrier,58767.0,Other Cargo
311072400,IMO9441611,Vehicles Carrier,58767.0,Other Cargo
311088000,IMO8408882,,,Other Cargo
311288000,IMO9232814,General Cargo Ship (Open Hatch),32458.0,Other Cargo
311358000,IMO9346823,Bulk Carrier,24109.0,Bulk Carrier
311379000,IMO9346835,Bulk Carrier,24109.0,Bulk Carrier
311408000,IMO9237307,,,Other Cargo
311475000,IMO9237319,Vehicles Carrier,48710.0,Other Cargo
311594000,IMO9277814,Vehicles Carrier,57718.0,Other Cargo
311595000,IMO9277802,Vehicles Carrier,57718.0,Other Cargo
311668000,IMO8917584,Refrigerated Cargo Ship,7944.0,Other Cargo
311695000,IMO9277826,Vehicles Carrier,57718.0,Other Cargo
311696000,IMO9277838,Vehicles Carrier,57718.0,Other Cargo
311697000,IMO9285615,Vehicles Carrier,57692.0,Other Cargo
311698000,IMO9285641,Vehicles Carrier,57692.0,Other Cargo
311744000,IMO9235141,General Cargo Ship (Open Hatch),32461.0,Other Cargo
311828000,IMO9285029,Bulk Carrier,24109.0,Bulk Carrier
311829000,IMO9285122,Bulk Carrier,24109.0,Bulk Carrier
311831000,IMO9285134,Bulk Carrier,24109.0,Bulk Carrier
311918000,IMO9267924,Vehicles Carrier,57692.0,Other Cargo
311919000,IMO9267912,Vehicles Carrier,57692.0,Other Cargo
311921000,IMO9285639,Vehicles Carrier,57692.0,Other Cargo
311922000,IMO9285627,Vehicles Carrier,57692.0,Other Cargo
314033000,IMO9708942,Bulk Carrier,32540.0,Bulk Carrier
314147000,IMO9761322,Bulk Carrier,32478.0,Bulk Carrier
314148000,IMO9761334,Bulk Carrier,32478.0,Bulk Carrier
314263000,IMO9368857,Bulk Carrier,32348.0,Bulk Carrier
314277000,IMO9363534,General Cargo Ship,9611.0,Other Cargo
314295000,IMO9402081,General Cargo Ship,9611.0,Other Cargo
314296000,IMO9402093,General Cargo Ship,9611.0,Other Cargo
314311000,IMO9425813,Bulk Carrier,32210.0,Bulk Carrier
314312000,IMO9425825,Bulk Carrier,32210.0,Bulk Carrier
314410000,IMO9488059,General Cargo Ship,9627.0,Other Cargo
314427000,IMO9762364,Bulk Carrier,35752.0,Bulk Carrier
314428000,IMO9762376,Bulk Carrier,35752.0,Bulk Carrier
314449000,IMO9508316,General Cargo Ship,12974.0,Other Cargo
314450000,IMO9303302,General Cargo Ship,12936.0,Other Cargo
314452000,IMO9651541,General Cargo Ship,7875.0,Other Cargo
314467000,IMO9700380,General Cargo Ship,11492.0,Other Cargo
314482000,IMO9859789,Bulk Carrier,34584.0,Bulk Carrier
314483000,IMO9848649,Bulk Carrier,35752.0,Bulk Carrier
314485000,IMO9875197,Bulk Carrier,35834.0,Bulk Carrier
314486000,IMO9861079,Bulk Carrier,35596.0,Bulk Carrier
314507000,IMO9888003,Bulk Carrier,35596.0,Bulk Carrier
314508000,IMO9902407,Bulk Carrier,36177.0,Bulk Carrier
314509000,IMO9905277,Bulk Carrier,35596.0,Bulk Carrier
314542000,IMO9299460,General Cargo Ship (Open Hatch),18825.0,Other Cargo
314569000,IMO8525111,Accommodation Ship,7599.0,Other Cargo
314626000,IMO9586435,Cement Carrier,5566.0,Other Cargo
314685000,IMO9588380,Bulk Carrier,23460.0,Bulk Carrier
314691000,IMO9929352,Bulk Carrier,35596.0,Bulk Carrier
314693000,IMO9947299,Bulk Carrier,35596.0,Bulk Carrier
314694000,IMO9947304,Bulk Carrier,35596.0,Bulk Carrier
314697000,IMO9985667,Bulk Carrier,36560.0,Bulk Carrier
314714000,IMO9416446,Bulk Carrier,23985.0,Bulk Carrier
314779000,IMO9571387,General Cargo Ship,12980.0,Other Cargo
314850000,IMO9972529,Bulk Carrier,25171.0,Bulk Carrier
314864000,IMO9736212,General Cargo Ship,11503.0,Other Cargo
314871000,IMO9748241,Bulk Carrier,36353.0,Bulk Carrier
314904000,IMO9598074,Bulk Carrier,17019.0,Bulk Carrier
314927000,IMO9700392,General Cargo Ship,11492.0,Other Cargo
316001712,IMO5287847,,,Other Cargo
316002050,IMO9239343,Platform Supply Ship,2291.0,Other Cargo
319029800,IMO9503964,Bulk Carrier,33232.0,Bulk Carrier
319057600,IMO9643180,Bulk Carrier,31756.0,Bulk Carrier
319058000,IMO9539183,Vehicles Carrier,60131.0,Other Cargo
319073100,IMO9711286,Bulk Carrier,34626.0,Bulk Carrier
319076100,IMO9711298,Bulk Carrier,34626.0,Bulk Carrier
319093100,IMO9757929,Bulk Carrier,34626.0,Bulk Carrier
319125100,IMO9518062,Bulk Carrier,42917.0,Bulk Carrier
319130500,IMO9748277,Bulk Carrier,21504.0,Bulk Carrier
319132300,IMO9478937,Bulk Carrier,31243.0,Bulk Carrier
319144400,IMO9755842,Bulk Carrier,21504.0,Bulk Carrier
319153600,IMO9572082,Bulk Carrier,33139.0,Bulk Carrier
319155200,IMO9304083,Bulk Carrier,40424.0,Bulk Carrier
319156500,IMO9454084,Bulk Carrier,33096.0,Bulk Carrier
319157400,IMO9399105,Bulk Carrier,42604.0,Bulk Carrier
319192100,IMO9414462,Bulk Carrier,19999.0,Bulk Carrier
319192200,IMO9313503,Bulk Carrier,30936.0,Bulk Carrier
319200700,IMO9337614,Container Ship (Fully Cellular),55487.0,Container Ship
319211600,IMO9468310,Container Ship (Fully Cellular),105644.0,Container Ship
319213600,IMO9698434,Bulk Carrier,23689.0,Bulk Carrier
319219200,IMO9356713,Container Ship (Fully Cellular),76499.0,Container Ship
319366000,IMO9503988,Bulk Carrier,33232.0,Bulk Carrier
319392000,IMO9515474,Vehicles Carrier,43709.0,Other Cargo
319409000,IMO9561277,Vehicles Carrier,58939.0,Other Cargo
319653000,IMO9368845,Bulk Carrier,32348.0,Bulk Carrier
319740000,IMO9403281,Vehicles Carrier,42401.0,Other Cargo
319819000,IMO9476757,Vehicles Carrier,60105.0,Other Cargo
319875000,IMO9229697,Bulk Carrier,30049.0,Bulk Carrier
319995000,IMO9503990,Bulk Carrier,33232.0,Bulk Carrier
325111400,IMO9743045,General Cargo Ship,7522.0,Other Cargo
338009000,IMO9339818,Vehicles Carrier,59250.0,Other Cargo
338034000,IMO9292319,Platform Supply Ship,1598.0,Other Cargo
338055000,IMO9530058,Platform Supply Ship,4524.0,Other Cargo
338058000,IMO9332949,Vehicles Carrier,72118.0,Other Cargo
338071000,IMO9342176,Container Ship (Fully Cellular),74642.0,Container Ship
338078000,IMO9348649,Container Ship (Fully Cellular),74642.0,Container Ship
338100000,IMO9289659,,,Other Cargo
338121000,IMO9814600,Container Ship (Fully Cellular/Ro-Ro Facility),59522.0,Other Cargo
338145000,IMO9375264,Vehicles Carrier,61328.0,Other Cargo
338172000,IMO9938365,Container Ship (Fully Cellular),59052.0,Container Ship
338174000,IMO9704269,Platform Supply Ship,3117.0,Other Cargo
338217000,IMO9228136,Bulk Carrier,28836.0,Bulk Carrier
338219000,IMO9228148,Bulk Carrier,28836.0,Bulk Carrier
338225000,IMO9654220,Platform Supply Ship,4458.0,Other Cargo
338228000,IMO9191515,Platform Supply Ship,1095.0,Other Cargo
338241000,IMO9333022,Container Ship (Fully Cellular),74642.0,Container Ship
338273000,IMO9538907,General Cargo Ship (with Ro-Ro facility),12679.0,Other Cargo
338324000,IMO9251808,Platform Supply Ship,1815.0,Other Cargo
338403000,IMO9333008,Container Ship (Fully Cellular),74642.0,Container Ship
338408000,IMO9332975,Container Ship (Fully Cellular),74642.0,Container Ship
338418000,IMO9332999,Container Ship (Fully Cellular),74642.0,Container Ship
338446000,IMO9418987,General Cargo Ship,15549.0,Other Cargo
338454000,IMO8964850,Platform Supply Ship,600.0,Other Cargo
338474000,IMO9333034,Container Ship (Fully Cellular),74642.0,Container Ship
338492000,IMO9316141,Vehicles Carrier,61260.0,Other Cargo
338525000,IMO9332987,Container Ship (Fully Cellular),74642.0,Container Ship
338619000,IMO9332547,Vehicles Carrier,57280.0,Other Cargo
338640000,IMO9080297,,,Other Cargo
338657000,IMO9181560,Vehicles Carrier,57566.0,Other Cargo
338678000,IMO8225931,Platform Supply Ship,1067.0,Other Cargo
338679000,IMO9538658,Container Ship (Fully Cellular),75015.0,Container Ship
338721000,IMO9981922,Vehicles Carrier,74888.0,Other Cargo
338731000,IMO9198501,Ro-Ro Cargo Ship,8679.0,Other Cargo
338753000,IMO9753519,Platform Supply Ship,1424.0,Other Cargo
338794000,IMO9332925,Vehicles Carrier,72118.0,Other Cargo
338796000,IMO9814612,Container Ship (Fully Cellular/Ro-Ro Facility),59522.0,Other Cargo
338806000,IMO9178355,Logistics Vessel (Naval Ro-Ro Cargo),69365.0,Other Cargo
338815000,IMO9232230,Logistics Vessel (Naval Ro-Ro Cargo),72737.0,Other Cargo
338846000,IMO9147320,Logistics Vessel (Naval Ro-Ro Cargo),69365.0,Other Cargo
338881000,IMO9938377,Container Ship (Fully Cellular),59052.0,Container Ship
338902000,IMO9231664,Logistics Vessel (Naval Ro-Ro Cargo),72718.0,Other Cargo
338919000,IMO6621662,,,Other Cargo
338924074,IMO9668984,Ro-Ro Cargo Ship,51055.0,Other Cargo
338924075,IMO9668972,Ro-Ro Cargo Ship,51055.0,Other Cargo
338931000,IMO9145449,Logistics Vessel (Naval Ro-Ro Cargo),72737.0,Other Cargo
338947002,IMO0000000,,,Other Cargo
338991000,IMO7925314,,,Other Cargo
345010030,IMO8203634,Cement Carrier,9299.0,Other Cargo
345020003,IMO9379870,Bulk Carrier,9961.0,Bulk Carrier
345040010,IMO9506514,General Cargo Ship,22064.0,Other Cargo
345090024,IMO9686156,Platform Supply Ship,2971.0,Other Cargo
351008000,IMO9582972,Bulk Carrier,43013.0,Bulk Carrier
351011000,IMO9866653,General Cargo Ship (Open Hatch),23232.0,Other Cargo
351026000,IMO9553488,Vehicles Carrier,62838.0,Other Cargo
351031000,IMO9553050,Bulk Carrier,39735.0,Bulk Carrier
351034000,IMO9303211,Vehicles Carrier,59217.0,Other Cargo
351047000,IMO9782156,Bulk Carrier,43471.0,Bulk Carrier
351101000,IMO9863819,Bulk Carrier,35906.0,Bulk Carrier
351120000,IMO9588873,Bulk Carrier,22137.0,Bulk Carrier
351124000,IMO9205976,Vehicles Carrier,49212.0,Other Cargo
351126000,IMO9409338,Vehicles Carrier,58890.0,Other Cargo
351132000,IMO9392119,General Cargo Ship (Open Hatch),21211.0,Other Cargo
351148000,IMO9874973,Bulk Carrier,35953.0,Bulk Carrier
351177000,IMO9847853,Bulk Carrier,44019.0,Bulk Carrier
351184000,IMO9782663,Bulk Carrier,23759.0,Bulk Carrier
351187000,IMO9623116,General Cargo Ship,20992.0,Other Cargo
351217000,IMO9696424,Bulk Carrier,36300.0,Bulk Carrier
351224000,IMO9514353,Bulk Carrier,31760.0,Bulk Carrier
351225000,IMO9644055,Bulk Carrier,21158.0,Bulk Carrier
351237000,IMO9659830,Bulk Carrier,50626.0,Bulk Carrier
351248000,IMO9251690,Container Ship (Fully Cellular),76490.0,Container Ship
351249000,IMO9312975,Container Ship (Fully Cellular),98799.0,Container Ship
351260000,IMO9518074,Bulk Carrier,43013.0,Bulk Carrier
351275000,IMO9520948,Bulk Carrier,32305.0,Bulk Carrier
351321000,IMO9481257,Bulk Carrier,88421.0,Bulk Carrier
351335000,IMO9496226,Bulk Carrier,32343.0,Bulk Carrier
351340000,IMO9207388,Vehicles Carrier,55926.0,Other Cargo
351353000,IMO9744996,Bulk Carrier,43036.0,Bulk Carrier
351356000,IMO8715857,Container Ship (Fully Cellular),52181.0,Container Ship
351359000,IMO9894624,Bulk Carrier,23232.0,Bulk Carrier
351361000,IMO9399026,Container Ship (Fully Cellular),151559.0,Container Ship
351374000,IMO9658771,General Cargo Ship (Open Hatch),21203.0,Other Cargo
351392000,IMO9338709,Vehicles Carrier,60876.0,Other Cargo
351398000,IMO9374210,Bulk Carrier,39737.0,Bulk Carrier
351399000,IMO9724178,Bulk Carrier,31557.0,Bulk Carrier
351400000,IMO9316347,Container Ship (Fully Cellular),32427.0,Container Ship
351421000,IMO9722467,Bulk Carrier,23441.0,Bulk Carrier
351427000,IMO9577460,Bulk Carrier,44027.0,Bulk Carrier
351445000,IMO9729879,Bulk Carrier,44043.0,Bulk Carrier
351446000,IMO9338723,Vehicles Carrier,60876.0,Other Cargo
351462000,IMO9727132,Bulk Carrier,34009.0,Bulk Carrier
351473000,IMO9235050,Container Ship (Fully Cellular),43575.0,Container Ship
351522000,IMO9713492,Bulk Carrier,34777.0,Bulk Carrier
351546000,IMO9500986,Bulk Carrier,92872.0,Bulk Carrier
351550000,IMO9644744,General Cargo Ship (with Ro-Ro facility),9996.0,Other Cargo
351567000,IMO9149835,,,Other Cargo
351571000,IMO9850575,Container Ship (Fully Cellular),117340.0,Container Ship
351573000,IMO9852822,Bulk Carrier,43471.0,Bulk Carrier
351578000,IMO9365441,General Cargo Ship,4594.0,Other Cargo
351600000,IMO9839064,Bulk Carrier,35832.0,Bulk Carrier
351604000,IMO9622796,Bulk Carrier,31768.0,Bulk Carrier
351606000,IMO9614309,General Cargo Ship,20992.0,Other Cargo
351628000,IMO9638460,Vehicles Carrier,59580.0,Other Cargo
351638000,IMO9573866,Bulk Carrier,34795.0,Bulk Carrier
351647000,IMO9680360,Bulk Carrier,41766.0,Bulk Carrier
351658000,IMO9520637,Bulk Carrier,22419.0,Bulk Carrier
351665000,IMO9320362,Bulk Carrier,89097.0,Bulk Carrier
351673000,IMO9445629,Bulk Carrier,33226.0,Bulk Carrier
351675000,IMO9110389,Container Ship (Fully Cellular),64999.0,Container Ship
351698000,IMO9412749,Refrigerated Cargo Ship,9576.0,Other Cargo
351700000,IMO9285108,Bulk Carrier,30953.0,Bulk Carrier
351733000,IMO9565546,Vehicles Carrier,58535.0,Other Cargo
351754000,IMO9636462,Bulk Carrier,38453.0,Bulk Carrier
351755000,IMO9774276,Bulk Carrier,45252.0,Bulk Carrier
351757000,IMO9182356,Vehicles Carrier,36615.0,Other Cargo
351758000,IMO9580493,Bulk Carrier,19984.0,Bulk Carrier
351780000,IMO9267675,Vehicles Carrier,57789.0,Other Cargo
351783000,IMO9634634,General Cargo Ship,20992.0,Other Cargo
351785000,IMO9579781,Bulk Carrier,92944.0,Bulk Carrier
351796000,IMO9668269,Bulk Carrier,17597.0,Bulk Carrier
351801000,IMO9410595,Bulk Carrier,29104.0,Bulk Carrier
351805000,IMO9687083,General Cargo Ship (Open Hatch),31864.0,Other Cargo
351811000,IMO9478999,Bulk Carrier,31230.0,Bulk Carrier
351819000,IMO9618288,Container Ship (Fully Cellular),96375.0,Container Ship
351828000,IMO9279331,Vehicles Carrier,59217.0,Other Cargo
351831000,IMO9720055,General Cargo Ship (Open Hatch),35503.0,Other Cargo
351848000,IMO9467457,Container Ship (Fully Cellular),140096.0,Container Ship
351867000,IMO9546095,Bulk Carrier,33044.0,Bulk Carrier
351878000,IMO9487421,Bulk Carrier,33001.0,Bulk Carrier
351887000,IMO9187289,,,Other Cargo
351893000,IMO9477232,Bulk Carrier,58592.0,Bulk Carrier
351908000,IMO9721877,Bulk Carrier,107553.0,Bulk Carrier
351916000,IMO9461154,Bulk Carrier,43012.0,Bulk Carrier
351928000,IMO9423255,Bulk Carrier,32309.0,Bulk Carrier
351952000,IMO9529580,General Cargo Ship (Open Hatch),37046.0,Other Cargo
351954000,IMO9542855,General Cargo Ship,9615.0,Other Cargo
351983000,IMO9832638,Vehicles Carrier,75528.0,Other Cargo
351988000,IMO9582544,Bulk Carrier,43024.0,Bulk Carrier
351989000,IMO9131058,,,Other Cargo
351994000,IMO9707821,Bulk Carrier,23281.0,Bulk Carrier
352001003,IMO8716966,Ro-Ro Cargo Ship,7067.0,Other Cargo
352001035,IMO9723148,Bulk Carrier,43036.0,Bulk Carrier
352001037,IMO9922287,Bulk Carrier,43672.0,Bulk Carrier
352001056,IMO9336581,Bulk Carrier,39643.0,Bulk Carrier
352001121,IMO9934931,Bulk Carrier,44618.0,Bulk Carrier
352001125,IMO9820996,Bulk Carrier,23234.0,Bulk Carrier
352001129,IMO9166704,Vehicles Carrier,44219.0,Other Cargo
352001142,IMO9713909,Bulk Carrier,40937.0,Bulk Carrier
352001154,IMO9737125,Bulk Carrier,32746.0,Bulk Carrier
352001160,IMO9919541,Bulk Carrier,23238.0,Bulk Carrier
352001162,IMO9427938,Vehicles Carrier,47020.0,Other Cargo
352001168,IMO9290426,Container Ship (Fully Cellular),54809.0,Container Ship
352001169,IMO9373606,Cement Carrier,12047.0,Other Cargo
352001173,IMO9326342,Cement Carrier,12047.0,Other Cargo
352001176,IMO9911977,Bulk Carrier,25012.0,Bulk Carrier
352001183,IMO9737694,Bulk Carrier,36474.0,Bulk Carrier
352001184,IMO9699335,Bulk Carrier,36468.0,Bulk Carrier
352001187,IMO9699361,Bulk Carrier,36474.0,Bulk Carrier
352001188,IMO9926013,Bulk Carrier,25836.0,Bulk Carrier
352001219,IMO9423516,General Cargo Ship,14859.0,Other Cargo
352001233,IMO9131955,Ro-Ro Cargo Ship,11591.0,Other Cargo
352001246,IMO9911989,Bulk Carrier,25012.0,Bulk Carrier
352001258,IMO9914008,Bulk Carrier,25010.0,Bulk Carrier
352001262,IMO9926025,Bulk Carrier,23602.0,Bulk Carrier
352001266,IMO9919656,Bulk Carrier,34738.0,Bulk Carrier
352001300,IMO9925772,Bulk Carrier,36177.0,Bulk Carrier
352001313,IMO9665619,Container Ship (Fully Cellular),151362.0,Container Ship
352001354,IMO9657856,Bulk Carrier,24785.0,Bulk Carrier
352001355,IMO9657844,Bulk Carrier,24785.0,Bulk Carrier
352001358,IMO9941398,Bulk Carrier,44618.0,Bulk Carrier
352001364,IMO9926063,Bulk Carrier,25010.0,Bulk Carrier
352001367,IMO9289544,Container Ship (Fully Cellular),54626.0,Container Ship
352001386,IMO9935442,Bulk Carrier,44732.0,Bulk Carrier
352001395,IMO9169342,Bulk Carrier,26862.0,Bulk Carrier
352001401,IMO9926049,Bulk Carrier,25831.0,Bulk Carrier
352001434,IMO9913030,Bulk Carrier,43804.0,Bulk Carrier
352001438,IMO9897975,Bulk Carrier,26272.0,Bulk Carrier
352001449,IMO9593751,Bulk Carrier,45271.0,Bulk Carrier
352001459,IMO9936850,Bulk Carrier,36177.0,Bulk Carrier
352001460,IMO9933195,Bulk Carrier,36298.0,Bulk Carrier
352001472,IMO9188908,Bulk Carrier,25312.0,Bulk Carrier
352001517,IMO9926037,Bulk Carrier,23602.0,Bulk Carrier
352001532,IMO9936757,Bulk Carrier,44560.0,Bulk Carrier
352001543,IMO9943554,Bulk Carrier,24386.0,Bulk Carrier
352001553,IMO9926075,Bulk Carrier,25038.0,Bulk Carrier
352001558,IMO9941532,Bulk Carrier,24439.0,Bulk Carrier
352001570,IMO9932763,Bulk Carrier,31932.0,Bulk Carrier
352001585,IMO9935806,Bulk Carrier,34520.0,Bulk Carrier
352001586,IMO9935818,Bulk Carrier,34520.0,Bulk Carrier
352001592,IMO9933236,Bulk Carrier,44732.0,Bulk Carrier
352001593,IMO9947225,Bulk Carrier,44175.0,Bulk Carrier
352001598,IMO9925746,Bulk Carrier,44252.0,Bulk Carrier
352001690,IMO9942029,Bulk Carrier,23303.0,Bulk Carrier
352001703,IMO9936769,Bulk Carrier,44560.0,Bulk Carrier
352001719,IMO9929338,Bulk Carrier,43820.0,Bulk Carrier
352001743,IMO9938614,Bulk Carrier,93297.0,Bulk Carrier
352001784,IMO9933028,Bulk Carrier,36177.0,Bulk Carrier
352001811,IMO9933248,Bulk Carrier,44732.0,Bulk Carrier
352001812,IMO9124926,General Cargo Ship (with Ro-Ro facility),7945.0,Other Cargo
352001831,IMO9338694,Vehicles Carrier,61002.0,Other Cargo
352001832,IMO9926087,Bulk Carrier,25038.0,Bulk Carrier
352001835,IMO9932139,Bulk Carrier,25163.0,Bulk Carrier
352001854,IMO9942160,Bulk Carrier,36140.0,Bulk Carrier
352001856,IMO9950911,Bulk Carrier,44511.0,Bulk Carrier
352001882,IMO9951800,Bulk Carrier,23228.0,Bulk Carrier
352001918,IMO9952414,Bulk Carrier,44616.0,Bulk Carrier
352001920,IMO9448140,Vehicles Carrier,47090.0,Other Cargo
352001939,IMO9937244,Bulk Carrier,43820.0,Bulk Carrier
352001985,IMO9225524,Bulk Carrier,28085.0,Bulk Carrier
352002017,IMO9949467,Bulk Carrier,34520.0,Bulk Carrier
352002033,IMO9400930,General Cargo Ship (Open Hatch),20236.0,Other Cargo
352002046,IMO9539248,Bulk Carrier,44475.0,Bulk Carrier
352002064,IMO9943566,Bulk Carrier,24386.0,Bulk Carrier
352002068,IMO9932775,Bulk Carrier,31993.0,Bulk Carrier
352002071,IMO9663324,Bulk Carrier,23759.0,Bulk Carrier
352002128,IMO9942196,Bulk Carrier,25842.0,Bulk Carrier
352002141,IMO9952426,Bulk Carrier,44616.0,Bulk Carrier
352002148,IMO9937256,Bulk Carrier,43820.0,Bulk Carrier
352002165,IMO9926594,Bulk Carrier,25038.0,Bulk Carrier
352002187,IMO9942081,Bulk Carrier,36343.0,Bulk Carrier
352002214,IMO9539365,General Cargo Ship,14859.0,Other Cargo
352002216,IMO9294214,Bulk Carrier,29407.0,Bulk Carrier
352002231,IMO9708746,Bulk Carrier,32714.0,Bulk Carrier
352002238,IMO9942110,Bulk Carrier,36343.0,Bulk Carrier
352002245,IMO9928190,Container Ship (Fully Cellular),42799.0,Container Ship
352002256,IMO9942043,Bulk Carrier,23224.0,Bulk Carrier
352002271,IMO9401362,Bulk Carrier,41655.0,Bulk Carrier
352002283,IMO9947237,Bulk Carrier,44175.0,Bulk Carrier
352002338,IMO9496161,General Cargo Ship (Open Hatch),21483.0,Other Cargo
352002358,IMO9965019,Bulk Carrier,35846.0,Bulk Carrier
352002362,IMO9949479,Bulk Carrier,34520.0,Bulk Carrier
352002379,IMO9135468,Cement Carrier,14260.0,Other Cargo
352002391,IMO9928205,Container Ship (Fully Cellular),42799.0,Container Ship
352002396,IMO9951812,Bulk Carrier,23224.0,Bulk Carrier
352002400,IMO9951795,Bulk Carrier,36138.0,Bulk Carrier
352002407,IMO9966104,Bulk Carrier,24386.0,Bulk Carrier
352002433,IMO9941972,Bulk Carrier,36170.0,Bulk Carrier
352002445,IMO9965473,Bulk Carrier,36897.0,Bulk Carrier
352002447,IMO9684471,Bulk Carrier,34612.0,Bulk Carrier
352002453,IMO9952464,Bulk Carrier,44616.0,Bulk Carrier
352002472,IMO9959436,Bulk Carrier,24386.0,Bulk Carrier
352002478,IMO9933250,Bulk Carrier,44732.0,Bulk Carrier
352002496,IMO9951903,Bulk Carrier,36138.0,Bulk Carrier
352002520,IMO9965461,Bulk Carrier,36760.0,Bulk Carrier
352002554,IMO9951927,Bulk Carrier,93970.0,Bulk Carrier
352002567,IMO9381873,Bulk Carrier,25327.0,Bulk Carrier
352002593,IMO9945526,Bulk Carrier,25163.0,Bulk Carrier
352002605,IMO9933262,Bulk Carrier,44732.0,Bulk Carrier
352002625,IMO9928217,Container Ship (Fully Cellular),42799.0,Container Ship
352002632,IMO9949687,Bulk Carrier,24472.0,Bulk Carrier
352002640,IMO9942213,Bulk Carrier,33084.0,Bulk Carrier
352002669,IMO9965617,Bulk Carrier,25010.0,Bulk Carrier
352002693,IMO9959723,Bulk Carrier,33151.0,Bulk Carrier
352002694,IMO9515474,Vehicles Carrier,43709.0,Other Cargo
352002703,IMO9973042,Bulk Carrier,26634.0,Bulk Carrier
352002706,IMO9789049,Bulk Carrier,23570.0,Bulk Carrier
352002718,IMO9966087,Bulk Carrier,36412.0,Bulk Carrier
352002727,IMO9942005,Bulk Carrier,25006.0,Bulk Carrier
352002742,IMO9951915,Bulk Carrier,36139.0,Bulk Carrier
352002746,IMO9972426,Bulk Carrier,25171.0,Bulk Carrier
352002781,IMO9338711,Vehicles Carrier,61001.0,Other Cargo
352002798,IMO9431630,Container Ship (Fully Cellular),17567.0,Container Ship
352002807,IMO9937567,Bulk Carrier,44560.0,Bulk Carrier
352002816,IMO9949699,Bulk Carrier,24472.0,Bulk Carrier
352002868,IMO9952438,Bulk Carrier,44616.0,Bulk Carrier
352002887,IMO9789051,Bulk Carrier,23570.0,Bulk Carrier
352002890,IMO9937579,Bulk Carrier,44560.0,Bulk Carrier
352002891,IMO9950894,Bulk Carrier,44732.0,Bulk Carrier
352002915,IMO9972438,Bulk Carrier,25171.0,Bulk Carrier
352002944,IMO9979204,Bulk Carrier,36312.0,Bulk Carrier
352002945,IMO9968970,Bulk Carrier,25003.0,Bulk Carrier
352002963,IMO9969168,Bulk Carrier,36142.0,Bulk Carrier
352002979,IMO9972440,Bulk Carrier,25171.0,Bulk Carrier
352002990,IMO9947263,Bulk Carrier,43820.0,Bulk Carrier
352002997,IMO9928229,Container Ship (Fully Cellular),42799.0,Container Ship
352003021,IMO9792711,Bulk Carrier,23242.0,Bulk Carrier
352003032,IMO9951771,Bulk Carrier,36312.0,Bulk Carrier
352003063,IMO9897925,Bulk Carrier,43672.0,Bulk Carrier
352003071,IMO9950909,Bulk Carrier,44732.0,Bulk Carrier
352003082,IMO9502855,Bulk Carrier,31815.0,Bulk Carrier
352003083,IMO9950533,Bulk Carrier,43804.0,Bulk Carrier
352003115,IMO9805702,Bulk Carrier,43904.0,Bulk Carrier
352003120,IMO9968982,Bulk Carrier,25006.0,Bulk Carrier
352003121,IMO9972452,Bulk Carrier,25171.0,Bulk Carrier
352003132,IMO9937581,Bulk Carrier,44560.0,Bulk Carrier
352003134,IMO9542831,Bulk Carrier,22697.0,Bulk Carrier
352003136,IMO9959462,Bulk Carrier,24386.0,Bulk Carrier
352003160,IMO9972646,Bulk Carrier,35715.0,Bulk Carrier
352003161,IMO9969027,Bulk Carrier,36139.0,Bulk Carrier
352003165,IMO9979125,Bulk Carrier,36312.0,Bulk Carrier
352003208,IMO9989261,Bulk Carrier,25171.0,Bulk Carrier
352003250,IMO9984534,Bulk Carrier,36140.0,Bulk Carrier
352003302,IMO9979137,Bulk Carrier,36312.0,Bulk Carrier
352003325,IMO9968334,Bulk Carrier,43821.0,Bulk Carrier
352003424,IMO9989948,Bulk Carrier,44618.0,Bulk Carrier
352003435,IMO9972012,Bulk Carrier,24386.0,Bulk Carrier
352003458,IMO9189926,General Cargo Ship (Open Hatch),29688.0,Other Cargo
352003525,IMO9947287,Bulk Carrier,43820.0,Bulk Carrier
352003575,IMO9979278,Container Ship (Fully Cellular),57872.0,Container Ship
352003598,IMO9310575,Bulk Carrier,9978.0,Bulk Carrier
352003624,IMO9991276,Bulk Carrier,36139.0,Bulk Carrier
352003641,IMO9991238,Bulk Carrier,36170.0,Bulk Carrier
352003653,IMO9991070,Bulk Carrier,25704.0,Bulk Carrier
352003657,IMO9972634,Bulk Carrier,35715.0,Bulk Carrier
352003685,IMO9956886,Bulk Carrier,44560.0,Bulk Carrier
352003693,IMO9984493,Bulk Carrier,24995.0,Bulk Carrier
352003702,IMO9285354,General Cargo Ship (Open Hatch),24140.0,Other Cargo
352003803,IMO9984168,Bulk Carrier,35700.0,Bulk Carrier
352003805,IMO9478626,Bulk Carrier,31544.0,Bulk Carrier
352003813,IMO9514004,Bulk Carrier,31544.0,Bulk Carrier
352003837,IMO9969065,Container Ship (Fully Cellular),57872.0,Container Ship
352003844,IMO9992268,Bulk Carrier,25010.0,Bulk Carrier
352003845,IMO9964857,Bulk Carrier,35630.0,Bulk Carrier
352003865,IMO9977945,Bulk Carrier,25069.0,Bulk Carrier
352003897,IMO9972531,Bulk Carrier,25171.0,Bulk Carrier
352003898,IMO9989950,Bulk Carrier,44618.0,Bulk Carrier
352003919,IMO9991082,Bulk Carrier,33075.0,Bulk Carrier
352003967,IMO9953781,Bulk Carrier,43672.0,Bulk Carrier
352003983,IMO9974101,Vehicles Carrier,75698.0,Other Cargo
352004008,IMO9984170,Bulk Carrier,35700.0,Bulk Carrier
352004036,IMO9982990,Vehicles Carrier,73132.0,Other Cargo
352004044,IMO9972036,Bulk Carrier,24386.0,Bulk Carrier
352004052,IMO1020760,Bulk Carrier,25240.0,Bulk Carrier
352004080,IMO9996977,Bulk Carrier,43672.0,Bulk Carrier
352004100,IMO1013676,Bulk Carrier,36278.0,Bulk Carrier
352004116,IMO9964869,Bulk Carrier,35630.0,Bulk Carrier
352004121,IMO9961934,Bulk Carrier,43643.0,Bulk Carrier
352004129,IMO9406087,Bulk Carrier,19972.0,Bulk Carrier
352004149,IMO9991226,Bulk Carrier,25240.0,Bulk Carrier
352004163,IMO1014137,Bulk Carrier,25240.0,Bulk Carrier
352004204,IMO9970234,Bulk Carrier,43821.0,Bulk Carrier
352004280,IMO9991202,Container Ship (Fully Cellular),57872.0,Container Ship
352004318,IMO1013652,Bulk Carrier,25240.0,Bulk Carrier
352004319,IMO1014125,Bulk Carrier,36140.0,Bulk Carrier
352004352,IMO9826433,Bulk Carrier,35332.0,Bulk Carrier
352004369,IMO9991159,Vehicles Carrier,77695.0,Other Cargo
352004408,IMO9699957,General Cargo Ship,13110.0,Other Cargo
352004430,IMO9519200,Bulk Carrier,17023.0,Bulk Carrier
352004433,IMO9979228,Bulk Carrier,25240.0,Bulk Carrier
352004482,IMO9964871,Bulk Carrier,36684.0,Bulk Carrier
352004518,IMO9984558,Bulk Carrier,36142.0,Bulk Carrier
352004548,IMO9742390,General Cargo Ship,13110.0,Other Cargo
352004564,IMO9974113,Vehicles Carrier,75698.0,Other Cargo
352004596,IMO1014151,Bulk Carrier,25240.0,Bulk Carrier
352004609,IMO9964895,Bulk Carrier,36684.0,Bulk Carrier
352004653,IMO9985526,Bulk Carrier,25069.0,Bulk Carrier
352004669,IMO1036044,Bulk Carrier,36278.0,Bulk Carrier
352004681,IMO9370422,General Cargo Ship (Open Hatch),21192.0,Other Cargo
352004705,IMO1017543,Bulk Carrier,36461.0,Bulk Carrier
352004714,IMO9982809,Bulk Carrier,38287.0,Bulk Carrier
352004744,IMO9964510,Container Ship (Fully Cellular),127814.0,Container Ship
352004792,IMO9990674,Bulk Carrier,24392.0,Bulk Carrier
352004818,IMO9977816,Bulk Carrier,43672.0,Bulk Carrier
352004819,IMO9964883,Bulk Carrier,36684.0,Bulk Carrier
352004883,IMO9319595,Container Ship (Fully Cellular),9981.0,Container Ship
352004895,IMO1024534,Bulk Carrier,25253.0,Bulk Carrier
352004908,IMO9973054,Bulk Carrier,26634.0,Bulk Carrier
352005009,IMO1015351,Bulk Carrier,25069.0,Bulk Carrier
352005013,IMO9737149,General Cargo Ship (Open Hatch),21275.0,Other Cargo
352005098,IMO1036006,Bulk Carrier,25006.0,Bulk Carrier
352005162,IMO9606039,General Cargo Ship (Open Hatch),22871.0,Other Cargo
352005173,IMO1030882,Bulk Carrier,36684.0,Bulk Carrier
352005215,IMO9354648,Container Ship (Fully Cellular),18199.0,Container Ship
352005218,IMO9990698,Bulk Carrier,24392.0,Bulk Carrier
352005219,IMO1015583,Bulk Carrier,24441.0,Bulk Carrier
352005249,IMO1028657,Bulk Carrier,93691.0,Bulk Carrier
352005266,IMO1036513,Bulk Carrier,36412.0,Bulk Carrier
352005335,IMO1036123,Bulk Carrier,24995.0,Bulk Carrier
352005373,IMO1031848,Bulk Carrier,43672.0,Bulk Carrier
352005489,IMO1049261,Bulk Carrier,36372.0,Bulk Carrier
352005632,IMO1057103,Bulk Carrier,36139.0,Bulk Carrier
352005728,IMO9320013,Container Ship (Fully Cellular),25650.0,Container Ship
352005731,IMO9320001,Container Ship (Fully Cellular),25406.0,Container Ship
352005779,IMO9491599,Container Ship (Fully Cellular),9999.0,Container Ship
352005860,IMO1057177,Bulk Carrier,36278.0,Bulk Carrier
352005950,IMO1048970,Bulk Carrier,36388.0,Bulk Carrier
352006030,IMO9606041,General Cargo Ship (Open Hatch),22871.0,Other Cargo
352006082,IMO1033535,Bulk Carrier,25083.0,Bulk Carrier
352006136,IMO9521875,Bulk Carrier,13579.0,Bulk Carrier
352012000,IMO9758466,Bulk Carrier,43024.0,Bulk Carrier
352023000,IMO9561954,Vehicles Carrier,62927.0,Other Cargo
352027000,IMO9207754,Vehicles Carrier,53645.0,Other Cargo
352031000,IMO9459163,General Cargo Ship (Open Hatch),21483.0,Other Cargo
352044000,IMO9641833,Vehicles Carrier,59409.0,Other Cargo
352062000,IMO9209506,Vehicles Carrier,56545.0,Other Cargo
352082000,IMO9738961,Bulk Carrier,34778.0,Bulk Carrier
352111000,IMO9850812,Container Ship (Fully Cellular),116295.0,Container Ship
352135000,IMO9604122,Container Ship (Fully Cellular),99995.0,Container Ship
352140000,IMO9230490,Container Ship (Fully Cellular),73819.0,Container Ship
352142000,IMO9293648,Vehicles Carrier,60175.0,Other Cargo
352149000,IMO9737486,Container Ship (Fully Cellular),152426.0,Container Ship
352157000,IMO9158563,Container Ship (Fully Cellular),21611.0,Container Ship
352163000,IMO9511052,Bulk Carrier,34812.0,Bulk Carrier
352166000,IMO9597422,Bulk Carrier,19819.0,Bulk Carrier
352202000,IMO9574846,Bulk Carrier,30974.0,Bulk Carrier
352212000,IMO9079157,,,Other Cargo
352244000,IMO9781994,Bulk Carrier,34261.0,Bulk Carrier
352246000,IMO9579638,Bulk Carrier,44027.0,Bulk Carrier
352283000,IMO9209271,Vehicles Carrier,52308.0,Other Cargo
352292000,IMO9636395,General Cargo Ship (Open Hatch),22855.0,Other Cargo
352300000,IMO9524035,Bulk Carrier,107012.0,Bulk Carrier
352335000,IMO9226920,Container Ship (Fully Cellular),73819.0,Container Ship
352346000,IMO9043768,,,Other Cargo
352359000,IMO9176670,,,Other Cargo
352361000,IMO9399038,Container Ship (Fully Cellular),151559.0,Container Ship
352367000,IMO9623764,Bulk Carrier,32370.0,Bulk Carrier
352369000,IMO9687760,Bulk Carrier,32370.0,Bulk Carrier
352383000,IMO9861213,Bulk Carrier,24332.0,Bulk Carrier
352411000,IMO9908451,Bulk Carrier,36177.0,Bulk Carrier
352426000,IMO9803417,General Cargo Ship (Open Hatch),23713.0,Other Cargo
352467000,IMO9370238,Wood Chips Carrier,49848.0,Other Cargo
352469000,IMO9878694,Bulk Carrier,34793.0,Bulk Carrier
352476000,IMO9567257,General Cargo Ship,4951.0,Other Cargo
352505000,IMO9451628,Bulk Carrier,93050.0,Bulk Carrier
352506000,IMO9610444,Vehicles Carrier,59007.0,Other Cargo
352508000,IMO9633252,Bulk Carrier,34777.0,Bulk Carrier
352546000,IMO9883003,Bulk Carrier,23238.0,Bulk Carrier
352582000,IMO9599066,Bulk Carrier,43083.0,Bulk Carrier
352583000,IMO7816903,,,Other Cargo
352586000,IMO9518206,Bulk Carrier,42999.0,Bulk Carrier
352589000,IMO9798844,Bulk Carrier,43291.0,Bulk Carrier
352597000,IMO9692739,Bulk Carrier,21561.0,Bulk Carrier
352606000,IMO9764104,Bulk Carrier,35601.0,Bulk Carrier
352619000,IMO9618290,Container Ship (Fully Cellular),96375.0,Container Ship
352630000,IMO9446611,Bulk Carrier,92752.0,Bulk Carrier
352631000,IMO9345427,Container Ship (Fully Cellular),114394.0,Container Ship
352633000,IMO9622837,Bulk Carrier,31767.0,Bulk Carrier
352652000,IMO9404766,Bulk Carrier,58100.0,Bulk Carrier
352675000,IMO9224532,,,Other Cargo
352676000,IMO9881146,Bulk Carrier,25012.0,Bulk Carrier
352686000,IMO9072501,,,Other Cargo
352690000,IMO9301055,Bulk Carrier,42887.0,Bulk Carrier
352692000,IMO9607813,Bulk Carrier,42608.0,Bulk Carrier
352715000,IMO9642174,Bulk Carrier,23264.0,Bulk Carrier
352718000,IMO9574066,Vehicles Carrier,59447.0,Other Cargo
352721000,IMO9383508,General Cargo Ship (Open Hatch),20236.0,Other Cargo
352732000,IMO9574078,Vehicles Carrier,59447.0,Other Cargo
352753000,IMO9510034,General Cargo Ship,7350.0,Other Cargo
352802000,IMO8307753,,,Other Cargo
352821000,IMO9609354,Bulk Carrier,21519.0,Bulk Carrier
352822000,IMO9312999,Container Ship (Fully Cellular),98799.0,Container Ship
352834000,IMO9732448,Bulk Carrier,23239.0,Bulk Carrier
352843000,IMO9539535,General Cargo Ship (Open Hatch),22852.0,Other Cargo
352864000,IMO9763887,Bulk Carrier,34590.0,Bulk Carrier
352870000,IMO9251705,Container Ship (Fully Cellular),75590.0,Container Ship
352871000,IMO9339284,Container Ship (Fully Cellular),108930.0,Container Ship
352879000,IMO9284776,Vehicles Carrier,59217.0,Other Cargo
352882000,IMO9354208,General Cargo Ship,9762.0,Other Cargo
352888000,IMO9775139,Bulk Carrier,35832.0,Bulk Carrier
352892000,IMO9284893,Bulk Carrier,39974.0,Bulk Carrier
352898685,IMO9932115,Bulk Carrier,25163.0,Bulk Carrier
352898687,IMO9914486,Bulk Carrier,34511.0,Bulk Carrier
352898697,IMO9921623,Bulk Carrier,93660.0,Bulk Carrier
352898705,IMO9928035,Bulk Carrier,34511.0,Bulk Carrier
352898725,IMO9913535,Bulk Carrier,26155.0,Bulk Carrier
352898749,IMO9443384,Bulk Carrier,20987.0,Bulk Carrier
352898762,IMO9898993,Bulk Carrier,23579.0,Bulk Carrier
352898773,IMO9919668,Bulk Carrier,34618.0,Bulk Carrier
352898775,IMO9919670,Bulk Carrier,34618.0,Bulk Carrier
352898778,IMO9701293,Container Ship (Fully Cellular),25145.0,Container Ship
352898799,IMO9913999,Bulk Carrier,25010.0,Bulk Carrier
352898819,IMO9919553,Bulk Carrier,36177.0,Bulk Carrier
352905000,IMO9293882,Bulk Carrier,17979.0,Bulk Carrier
352915000,IMO9252216,Vehicles Carrier,56439.0,Other Cargo
352927000,IMO9826835,Bulk Carrier,35832.0,Bulk Carrier
352929000,IMO9381665,Vehicles Carrier,57147.0,Other Cargo
352935000,IMO9247572,Vehicles Carrier,58947.0,Other Cargo
352948000,IMO9278155,Container Ship (Fully Cellular),54881.0,Container Ship
352952000,IMO9606314,Container Ship (Fully Cellular),176490.0,Container Ship
352955000,IMO9508718,Bulk Carrier,17025.0,Bulk Carrier
352978124,IMO9921855,Bulk Carrier,44732.0,Bulk Carrier
352978137,IMO9913987,Bulk Carrier,36757.0,Bulk Carrier
352978143,IMO9916214,Bulk Carrier,36177.0,Bulk Carrier
352978148,IMO9695119,General Cargo Ship,20886.0,Other Cargo
352978155,IMO9324667,Bulk Carrier,30046.0,Bulk Carrier
352978194,IMO9878515,Container Ship (Fully Cellular),118523.0,Container Ship
352978219,IMO9430222,General Cargo Ship,14859.0,Other Cargo
352978234,IMO9932103,Bulk Carrier,25163.0,Bulk Carrier
352978240,IMO9595151,Bulk Carrier,23790.0,Bulk Carrier
352978246,IMO9911422,Bulk Carrier,44790.0,Bulk Carrier
352978268,IMO9905265,Bulk Carrier,26272.0,Bulk Carrier
352978277,IMO9590917,Bulk Carrier,34795.0,Bulk Carrier
352978280,IMO9908229,Bulk Carrier,48069.0,Bulk Carrier
352980770,IMO9916226,Bulk Carrier,36177.0,Bulk Carrier
352980796,IMO9561265,Vehicles Carrier,58939.0,Other Cargo
352980797,IMO9397999,Vehicles Carrier,60143.0,Other Cargo
352980798,IMO9397987,Vehicles Carrier,60143.0,Other Cargo
352980863,IMO9449352,,,Other Cargo
352980867,IMO9920057,Bulk Carrier,36757.0,Bulk Carrier
352983000,IMO9279989,Container Ship (Fully Cellular),73819.0,Container Ship
352986128,IMO9863869,Bulk Carrier,35906.0,Bulk Carrier
352986134,IMO9880128,Bulk Carrier,25163.0,Bulk Carrier
352986140,IMO9905253,Bulk Carrier,26272.0,Bulk Carrier
352986143,IMO9863871,Bulk Carrier,35906.0,Bulk Carrier
352986151,IMO9520675,Bulk Carrier,32365.0,Bulk Carrier
352986158,IMO9921843,Bulk Carrier,44732.0,Bulk Carrier
352986159,IMO9878503,Container Ship (Fully Cellular),118523.0,Container Ship
352986187,IMO9897597,Bulk Carrier,43643.0,Bulk Carrier
352986189,IMO9908437,Bulk Carrier,23573.0,Bulk Carrier
352986193,IMO9912361,Bulk Carrier,23759.0,Bulk Carrier
352993000,IMO9474723,Bulk Carrier,44027.0,Bulk Carrier
352999885,IMO9459149,General Cargo Ship (Open Hatch),21483.0,Other Cargo
353006000,IMO9597678,General Cargo Ship (Open Hatch),22866.0,Other Cargo
353013000,IMO9728083,Vehicles Carrier,76299.0,Other Cargo
353025000,IMO9337664,Container Ship (Fully Cellular),55487.0,Container Ship
353033000,IMO9448138,Vehicles Carrier,47090.0,Other Cargo
353038000,IMO9797682,Bulk Carrier,35025.0,Bulk Carrier
353051000,IMO9401142,Container Ship (Fully Cellular),151559.0,Container Ship
353054000,IMO9800855,General Cargo Ship,5708.0,Other Cargo
353062000,IMO9866407,Bulk Carrier,36464.0,Bulk Carrier
353081000,IMO9450167,General Cargo Ship (Open Hatch),22852.0,Other Cargo
353090000,IMO9604859,Bulk Carrier,44096.0,Bulk Carrier
353092000,IMO9643312,General Cargo Ship (Open Hatch),22866.0,Other Cargo
353093000,IMO9708758,Bulk Carrier,32726.0,Bulk Carrier
353096000,IMO9482134,Bulk Carrier,33138.0,Bulk Carrier
353100000,IMO9675573,Vehicles Carrier,59525.0,Other Cargo
353105000,IMO9726700,Vehicles Carrier,75036.0,Other Cargo
353111000,IMO9292175,Container Ship (Fully Cellular),54519.0,Container Ship
353117000,IMO9306172,Container Ship (Fully Cellular),73934.0,Container Ship
353123000,IMO9875721,General Cargo Ship,23550.0,Other Cargo
353146000,IMO9438391,General Cargo Ship,22998.0,Other Cargo
353155000,IMO9399052,Container Ship (Fully Cellular),151559.0,Container Ship
353157000,IMO9423578,Bulk Carrier,32309.0,Bulk Carrier
353160000,IMO9404663,Container Ship (Fully Cellular),153092.0,Container Ship
353162000,IMO9399014,Container Ship (Fully Cellular),151559.0,Container Ship
353163000,IMO9431185,Bulk Carrier,64877.0,Bulk Carrier
353178000,IMO9607100,Bulk Carrier,31869.0,Bulk Carrier
353184000,IMO9865568,Bulk Carrier,44397.0,Bulk Carrier
353188000,IMO9539353,General Cargo Ship (with Ro-Ro facility),20079.0,Other Cargo
353191000,IMO9629677,Bulk Carrier,23494.0,Bulk Carrier
353193000,IMO9542415,Wood Chips Carrier,49080.0,Other Cargo
353204000,IMO9492098,Bulk Carrier,94863.0,Bulk Carrier
353221000,IMO8318087,,,Other Cargo
353229000,IMO9873163,Bulk Carrier,43380.0,Bulk Carrier
353233000,IMO9668312,Bulk Carrier,23269.0,Bulk Carrier
353245000,IMO9528158,Bulk Carrier,34349.0,Bulk Carrier
353246000,IMO9203112,,,Other Cargo
353251000,IMO9446439,Bulk Carrier,90111.0,Bulk Carrier
353260000,IMO9659921,Bulk Carrier,17597.0,Bulk Carrier
353275000,IMO9860582,Bulk Carrier,35832.0,Bulk Carrier
353289000,IMO9372482,Container Ship (Fully Cellular),66399.0,Container Ship
353321000,IMO9687069,Bulk Carrier,29182.0,Bulk Carrier
353325000,IMO9434539,General Cargo Ship (Open Hatch),36925.0,Other Cargo
353332000,IMO9363948,Vehicles Carrier,60065.0,Other Cargo
353393000,IMO9511430,Bulk Carrier,47984.0,Bulk Carrier
353411000,IMO9302097,Container Ship (Fully Cellular),68570.0,Container Ship
353414000,IMO9529592,General Cargo Ship (Open Hatch),37046.0,Other Cargo
353421000,IMO9496977,Bulk Carrier,33232.0,Bulk Carrier
353424000,IMO9732412,Bulk Carrier,35825.0,Bulk Carrier
353428000,IMO9467407,Container Ship (Fully Cellular),140096.0,Container Ship
353443000,IMO9860609,Bulk Carrier,23239.0,Bulk Carrier
353446000,IMO9810757,General Cargo Ship (Open Hatch),21188.0,Other Cargo
353453000,IMO9777838,Vehicles Carrier,63116.0,Other Cargo
353472000,IMO9476290,Bulk Carrier,31572.0,Bulk Carrier
353478000,IMO9545170,Bulk Carrier,90627.0,Bulk Carrier
353499000,IMO9250983,Container Ship (Fully Cellular),74990.0,Container Ship
353511000,IMO9651034,Bulk Carrier,34875.0,Bulk Carrier
353514000,IMO9267687,Vehicles Carrier,57789.0,Other Cargo
353518000,IMO9074913,Livestock Carrier,12959.0,Other Cargo
353528000,IMO9873175,Bulk Carrier,43496.0,Bulk Carrier
353544000,IMO9544712,Bulk Carrier,39737.0,Bulk Carrier
353549000,IMO8317289,,,Other Cargo
353560000,IMO9420320,Bulk Carrier,30764.0,Bulk Carrier
353564000,IMO9774290,Bulk Carrier,45252.0,Bulk Carrier
353577000,IMO9287778,Bulk Carrier,41205.0,Bulk Carrier
353578000,IMO9518191,Bulk Carrier,43008.0,Bulk Carrier
353579000,IMO9547154,General Cargo Ship (Open Hatch),23915.0,Other Cargo
353592000,IMO9588093,Container Ship (Fully Cellular),96790.0,Container Ship
353601000,IMO9550670,Bulk Carrier,30655.0,Bulk Carrier
353619000,IMO9461075,Bulk Carrier,43012.0,Bulk Carrier
353639000,IMO9558256,Bulk Carrier,32376.0,Bulk Carrier
353642000,IMO9303168,Vehicles Carrier,41662.0,Other Cargo
353647000,IMO9633185,Vehicles Carrier,59580.0,Other Cargo
353666000,IMO9230488,Container Ship (Fully Cellular),73819.0,Container Ship
353667000,IMO9105322,,,Other Cargo
353693000,IMO9454668,Bulk Carrier,33433.0,Bulk Carrier
353702000,IMO9433664,Bulk Carrier,44366.0,Bulk Carrier
353706000,IMO9827243,Vehicles Carrier,75528.0,Other Cargo
353710000,IMO9286906,Bulk Carrier,38871.0,Bulk Carrier
353718000,IMO9087221,,,Other Cargo
353719000,IMO9181663,Container Ship (Fully Cellular),53208.0,Container Ship
353720000,IMO9864992,Bulk Carrier,22522.0,Bulk Carrier
353732000,IMO9491575,General Cargo Ship (Open Hatch),21483.0,Other Cargo
353751000,IMO9757943,General Cargo Ship (Open Hatch),21178.0,Other Cargo
353772000,IMO9897810,Bulk Carrier,35728.0,Bulk Carrier
353775000,IMO9226932,Container Ship (Fully Cellular),73819.0,Container Ship
353778000,IMO9700873,Bulk Carrier,34810.0,Bulk Carrier
353798000,IMO9864394,Bulk Carrier,36025.0,Bulk Carrier
353802000,IMO9760122,Bulk Carrier,34589.0,Bulk Carrier
353804000,IMO9452919,General Cargo Ship (Open Hatch),29829.0,Other Cargo
353814000,IMO9478949,Bulk Carrier,31244.0,Bulk Carrier
353821000,IMO9856311,Bulk Carrier,35906.0,Bulk Carrier
353823000,IMO9116292,,,Other Cargo
353826000,IMO9890680,Bulk Carrier,24465.0,Bulk Carrier
353848000,IMO9158575,Container Ship (Fully Cellular),21611.0,Container Ship
353862000,IMO9681508,Bulk Carrier,34812.0,Bulk Carrier
353865000,IMO9811036,Bulk Carrier,43446.0,Bulk Carrier
353873000,IMO9282261,Container Ship (Fully Cellular),54304.0,Container Ship
353892000,IMO9258349,Bulk Carrier,27306.0,Bulk Carrier
353903000,IMO9560352,Container Ship (Fully Cellular),71787.0,Container Ship
353929000,IMO9749946,Bulk Carrier,21525.0,Bulk Carrier
353931000,IMO9343560,Wood Chips Carrier,49035.0,Other Cargo
353933000,IMO9481233,Bulk Carrier,92923.0,Bulk Carrier
353934000,IMO9282259,Container Ship (Fully Cellular),54304.0,Container Ship
353941000,IMO9817535,Bulk Carrier,35035.0,Bulk Carrier
353943000,IMO9561253,Vehicles Carrier,58939.0,Other Cargo
353968000,IMO9281279,Container Ship (Fully Cellular),54304.0,Container Ship
353995000,IMO9182174,,,Other Cargo
353997000,IMO9757204,Container Ship (Fully Cellular),150706.0,Container Ship
354013000,IMO9713466,Bulk Carrier,34815.0,Bulk Carrier
354022000,IMO9850824,Container Ship (Fully Cellular),116295.0,Container Ship
354048000,IMO9656400,Bulk Carrier,40350.0,Bulk Carrier
354053000,IMO9433054,Container Ship (Fully Cellular),18326.0,Container Ship
354060000,IMO9624299,Container Ship (Fully Cellular),45169.0,Container Ship
354084000,IMO9573842,Bulk Carrier,34778.0,Bulk Carrier
354091000,IMO9774329,Bulk Carrier,35832.0,Bulk Carrier
354101000,IMO9713820,General Cargo Ship (Open Hatch),22314.0,Other Cargo
354120000,IMO9463267,Container Ship (Fully Cellular),44234.0,Container Ship
354124000,IMO9546801,Bulk Carrier,92151.0,Bulk Carrier
354141000,IMO9520900,Bulk Carrier,32305.0,Bulk Carrier
354149000,IMO9445394,Vehicles Carrier,72408.0,Other Cargo
354162000,IMO9538983,General Cargo Ship (Open Hatch),22940.0,Other Cargo
354180000,IMO9590979,General Cargo Ship (Open Hatch),23264.0,Other Cargo
354184000,IMO9117868,,,Other Cargo
354194000,IMO9249207,Container Ship (Fully Cellular),17887.0,Container Ship
354196000,IMO9628570,Bulk Carrier,23274.0,Bulk Carrier
354197000,IMO9638824,Bulk Carrier,33193.0,Bulk Carrier
354199000,IMO9581174,Bulk Carrier,93872.0,Bulk Carrier
354202000,IMO9281267,Container Ship (Fully Cellular),54304.0,Container Ship
354203000,IMO9250220,Vehicles Carrier,55493.0,Other Cargo
354212000,IMO9337638,Container Ship (Fully Cellular),55534.0,Container Ship
354227000,IMO9609524,Bulk Carrier,40962.0,Bulk Carrier
354228000,IMO9755684,Bulk Carrier,24328.0,Bulk Carrier
354249000,IMO9438377,General Cargo Ship,22998.0,Other Cargo
354250000,IMO9604768,Bulk Carrier,17019.0,Bulk Carrier
354256000,IMO7930668,,,Other Cargo
354311000,IMO9749403,General Cargo Ship (Open Hatch),21216.0,Other Cargo
354315000,IMO9309461,Container Ship (Fully Cellular),94489.0,Container Ship
354340000,IMO9226918,Container Ship (Fully Cellular),73819.0,Container Ship
354345000,IMO9875109,General Cargo Ship (Open Hatch),23277.0,Other Cargo
354360000,IMO9566605,General Cargo Ship (Open Hatch),36925.0,Other Cargo
354363000,IMO9446489,Vehicles Carrier,43810.0,Other Cargo
354393000,IMO9414981,General Cargo Ship (with Ro-Ro facility),14162.0,Other Cargo
354394000,IMO9724180,Bulk Carrier,43439.0,Bulk Carrier
354396000,IMO9565053,Bulk Carrier,31749.0,Bulk Carrier
354410000,IMO9283887,Vehicles Carrier,62397.0,Other Cargo
354415000,IMO9279965,Container Ship (Fully Cellular),54774.0,Container Ship
354421000,IMO9276767,Bulk Carrier,17979.0,Bulk Carrier
354422000,IMO9380752,Bulk Carrier,30719.0,Bulk Carrier
354423000,IMO9338864,Vehicles Carrier,58911.0,Other Cargo
354425000,IMO9487419,Bulk Carrier,33001.0,Bulk Carrier
354429000,IMO9805726,General Cargo Ship (Open Hatch),32086.0,Other Cargo
354436000,IMO9667306,Bulk Carrier,50625.0,Bulk Carrier
354455000,IMO9694854,Bulk Carrier,10186.0,Bulk Carrier
354459000,IMO9851323,Bulk Carrier,43644.0,Bulk Carrier
354462000,IMO9461398,Container Ship (Fully Cellular),153115.0,Container Ship
354499000,IMO9304411,Container Ship (Fully Cellular),108930.0,Container Ship
354501000,IMO9755854,Bulk Carrier,24465.0,Bulk Carrier
354505000,IMO9181651,Container Ship (Fully Cellular),53208.0,Container Ship
354508000,IMO9311244,General Cargo Ship,9585.0,Other Cargo
354519000,IMO9894765,Bulk Carrier,36177.0,Bulk Carrier
354530000,IMO9349813,Container Ship (Fully Cellular),50963.0,Container Ship
354532000,IMO9674799,Bulk Carrier,21718.0,Bulk Carrier
354552000,IMO9774264,Bulk Carrier,45223.0,Bulk Carrier
354560000,IMO9438365,General Cargo Ship,22998.0,Other Cargo
354589000,IMO9589695,Bulk Carrier,92752.0,Bulk Carrier
354591000,IMO9284738,Vehicles Carrier,62195.0,Other Cargo
354604000,IMO9599913,Bulk Carrier,32987.0,Bulk Carrier
354617000,IMO8011029,,,Other Cargo
354625000,IMO9404651,Container Ship (Fully Cellular),153092.0,Container Ship
354632000,IMO9311189,Bulk Carrier,40033.0,Bulk Carrier
354634000,IMO9726841,Bulk Carrier,10186.0,Bulk Carrier
354642000,IMO9496202,Bulk Carrier,32343.0,Bulk Carrier
354643000,IMO9563627,Bulk Carrier,40896.0,Bulk Carrier
354658000,IMO9579884,Bulk Carrier,91971.0,Bulk Carrier
354662000,IMO9284764,Vehicles Carrier,59217.0,Other Cargo
354668000,IMO9392078,General Cargo Ship (Open Hatch),21192.0,Other Cargo
354701000,IMO9851335,Bulk Carrier,24332.0,Bulk Carrier
354706000,IMO9473755,Bulk Carrier,19817.0,Bulk Carrier
354709000,IMO9726504,Bulk Carrier,36518.0,Bulk Carrier
354711000,IMO9155107,Container Ship (Fully Cellular),29300.0,Container Ship
354712000,IMO9290282,Container Ship (Fully Cellular),90745.0,Container Ship
354726000,IMO9495923,General Cargo Ship (Open Hatch),36925.0,Other Cargo
354727000,IMO9817925,Container Ship (Fully Cellular),19035.0,Container Ship
354736000,IMO9434527,General Cargo Ship (Open Hatch),36925.0,Other Cargo
354739000,IMO9805312,General Cargo Ship (Open Hatch),21282.0,Other Cargo
354744000,IMO9339296,Container Ship (Fully Cellular),108930.0,Container Ship
354745000,IMO9351579,Container Ship (Fully Cellular),41225.0,Container Ship
354747000,IMO9618501,General Cargo Ship (Open Hatch),24020.0,Other Cargo
354751000,IMO9318113,Container Ship (Fully Cellular),54309.0,Container Ship
354774000,IMO9433614,Bulk Carrier,43012.0,Bulk Carrier
354777000,IMO9890903,Bulk Carrier,23322.0,Bulk Carrier
354805000,IMO9086710,,,Other Cargo
354822000,IMO9650925,Bulk Carrier,34815.0,Bulk Carrier
354827000,IMO7396147,Cement Carrier,4142.0,Other Cargo
354839000,IMO9395147,Container Ship (Fully Cellular),98747.0,Container Ship
354857000,IMO9774460,Bulk Carrier,35318.0,Bulk Carrier
354868000,IMO9658783,General Cargo Ship (Open Hatch),21178.0,Other Cargo
354872000,IMO9708540,Bulk Carrier,43088.0,Bulk Carrier
354879000,IMO9285110,Bulk Carrier,30953.0,Bulk Carrier
354884000,IMO9249910,Bulk Carrier,26218.0,Bulk Carrier
354886000,IMO9345415,Container Ship (Fully Cellular),114394.0,Container Ship
354891000,IMO9337640,Container Ship (Fully Cellular),55534.0,Container Ship
354896000,IMO9594925,Bulk Carrier,44647.0,Bulk Carrier
354898000,IMO9384928,Bulk Carrier,58135.0,Bulk Carrier
354899000,IMO9283875,Vehicles Carrier,62349.0,Other Cargo
354909000,IMO9780134,Bulk Carrier,43291.0,Bulk Carrier
354928000,IMO9741437,Container Ship (Fully Cellular),145407.0,Container Ship
354929000,IMO9479216,Bulk Carrier,93029.0,Bulk Carrier
354962000,IMO9467885,Bulk Carrier,16833.0,Bulk Carrier
354972000,IMO9275971,Container Ship (Fully Cellular),73819.0,Container Ship
354973000,IMO9699701,Bulk Carrier,93735.0,Bulk Carrier
354974000,IMO9544102,Bulk Carrier,42999.0,Bulk Carrier
355002000,IMO9223980,Bulk Carrier,30053.0,Bulk Carrier
355006000,IMO9353278,Container Ship (Fully Cellular),42741.0,Container Ship
355024000,IMO9875020,Bulk Carrier,43644.0,Bulk Carrier
355026000,IMO9633032,Bulk Carrier,30660.0,Bulk Carrier
355029000,IMO9228306,Vehicles Carrier,57350.0,Other Cargo
355063000,IMO9648879,Bulk Carrier,31538.0,Bulk Carrier
355077000,IMO9663245,Bulk Carrier,36353.0,Bulk Carrier
355109000,IMO9782118,Bulk Carrier,43471.0,Bulk Carrier
355132000,IMO9860623,Bulk Carrier,35834.0,Bulk Carrier
355137000,IMO9181376,Vehicles Carrier,50087.0,Other Cargo
355139000,IMO9561289,Vehicles Carrier,58939.0,Other Cargo
355142000,IMO9642203,Bulk Carrier,34815.0,Bulk Carrier
355148000,IMO9692741,Bulk Carrier,21561.0,Bulk Carrier
355153000,IMO9623740,Bulk Carrier,42995.0,Bulk Carrier
355170000,IMO9270907,Bulk Carrier,19891.0,Bulk Carrier
355174000,IMO9561875,Bulk Carrier,17986.0,Bulk Carrier
355211000,IMO9681493,Bulk Carrier,34812.0,Bulk Carrier
355216000,IMO9251717,Container Ship (Fully Cellular),75590.0,Container Ship
355219000,IMO9860300,Wood Chips Carrier,41838.0,Other Cargo
355222000,IMO9355238,Vehicles Carrier,59217.0,Other Cargo
355234000,IMO9229398,Vehicles Carrier,52863.0,Other Cargo
355256000,IMO9767778,Bulk Carrier,34273.0,Bulk Carrier
355271000,IMO9395161,Container Ship (Fully Cellular),98747.0,Container Ship
355280000,IMO9454515,Bulk Carrier,93152.0,Bulk Carrier
355283000,IMO9398383,Container Ship (Fully Cellular),131771.0,Container Ship
355290000,IMO9590890,Bulk Carrier,92752.0,Bulk Carrier
355304000,IMO9673197,General Cargo Ship,13110.0,Other Cargo
355305000,IMO9203954,Container Ship (Fully Cellular),43575.0,Container Ship
355308000,IMO9225677,Container Ship (Fully Cellular),75590.0,Container Ship
355322000,IMO9552989,Bulk Carrier,33937.0,Bulk Carrier
355328000,IMO9840506,Bulk Carrier,43062.0,Bulk Carrier
355342000,IMO9474620,Bulk Carrier,51195.0,Bulk Carrier
355369000,IMO9548574,Bulk Carrier,32983.0,Bulk Carrier
355378000,IMO9782182,Bulk Carrier,43471.0,Bulk Carrier
355395000,IMO9153563,,,Other Cargo
355398000,IMO8517891,,,Other Cargo
355400000,IMO9560364,Container Ship (Fully Cellular),71787.0,Container Ship
355401000,IMO9426764,Bulk Carrier,33854.0,Bulk Carrier
355410000,IMO9414149,Bulk Carrier,44251.0,Bulk Carrier
355418000,IMO9700964,General Cargo Ship (Open Hatch),23224.0,Other Cargo
355433000,IMO9337626,Container Ship (Fully Cellular),55534.0,Container Ship
355462000,IMO9785603,Bulk Carrier,43062.0,Bulk Carrier
355469000,IMO9519511,General Cargo Ship,8479.0,Other Cargo
355480000,IMO9550369,Container Ship (Fully Cellular),17280.0,Container Ship
355485000,IMO9699725,General Cargo Ship,9989.0,Other Cargo
355488000,IMO9536959,Vehicles Carrier,58997.0,Other Cargo
355494000,IMO9785988,Bulk Carrier,44397.0,Bulk Carrier
355496000,IMO9881172,Bulk Carrier,25010.0,Bulk Carrier
355506000,IMO9852925,Bulk Carrier,44120.0,Bulk Carrier
355518000,IMO9454723,Vehicles Carrier,51699.0,Other Cargo
355528000,IMO9799769,General Cargo Ship (Open Hatch),31926.0,Other Cargo
355534000,IMO9667459,Bulk Carrier,34805.0,Bulk Carrier
355540000,IMO9274939,Bulk Carrier,30064.0,Bulk Carrier
355557000,IMO9317377,Bulk Carrier,31385.0,Bulk Carrier
355558000,IMO9510151,Vehicles Carrier,48927.0,Other Cargo
355572000,IMO9774032,General Cargo Ship (Open Hatch),21162.0,Other Cargo
355576000,IMO9687693,Bulk Carrier,42995.0,Bulk Carrier
355578000,IMO9874284,Bulk Carrier,36463.0,Bulk Carrier
355581000,IMO9302102,Container Ship (Fully Cellular),68570.0,Container Ship
355586000,IMO9427134,Bulk Carrier,19825.0,Bulk Carrier
355594000,IMO9764075,Bulk Carrier,43223.0,Bulk Carrier
355612000,IMO9687095,General Cargo Ship (Open Hatch),31864.0,Other Cargo
355646000,IMO9603996,Bulk Carrier,43974.0,Bulk Carrier
355649000,IMO9247584,Vehicles Carrier,58947.0,Other Cargo
355650000,IMO9189926,General Cargo Ship (Open Hatch),29688.0,Other Cargo
355655000,IMO9606003,General Cargo Ship (Open Hatch),22866.0,Other Cargo
355663000,IMO9810769,General Cargo Ship (Open Hatch),21198.0,Other Cargo
355673000,IMO9658965,Bulk Carrier,34241.0,Bulk Carrier
355677000,IMO9238583,,,Other Cargo
355680000,IMO9574365,General Cargo Ship,7460.0,Other Cargo
355703000,IMO9757230,Container Ship (Fully Cellular),150754.0,Container Ship
355708000,IMO9279329,Vehicles Carrier,59217.0,Other Cargo
355716000,IMO8330528,,,Other Cargo
355729000,IMO9539169,Vehicles Carrier,60284.0,Other Cargo
355745000,IMO9213454,Vehicles Carrier,55878.0,Other Cargo
355748000,IMO9496238,Bulk Carrier,32343.0,Bulk Carrier
355760000,IMO9574377,General Cargo Ship,7460.0,Other Cargo
355768000,IMO9574092,Vehicles Carrier,59547.0,Other Cargo
355783000,IMO9410600,Bulk Carrier,29104.0,Bulk Carrier
355793000,IMO8310877,,,Other Cargo
355797000,IMO9125217,Bulk Carrier,16041.0,Bulk Carrier
355800000,IMO9622801,Bulk Carrier,31768.0,Bulk Carrier
355817000,IMO9838436,Bulk Carrier,22623.0,Bulk Carrier
355825000,IMO9732436,Bulk Carrier,23239.0,Bulk Carrier
355835000,IMO9110274,,,Other Cargo
355853000,IMO9775141,Bulk Carrier,35955.0,Bulk Carrier
355857000,IMO9573907,Bulk Carrier,17019.0,Bulk Carrier
355860000,IMO9460590,Bulk Carrier,40034.0,Bulk Carrier
355867000,IMO9876048,Bulk Carrier,44120.0,Bulk Carrier
355870000,IMO9836907,Bulk Carrier,24331.0,Bulk Carrier
355872000,IMO9609627,Bulk Carrier,43715.0,Bulk Carrier
355882000,IMO8511263,,,Other Cargo
355886000,IMO9491680,General Cargo Ship (Open Hatch),22863.0,Other Cargo
355899000,IMO9563603,Bulk Carrier,40896.0,Bulk Carrier
355911000,IMO9598012,Vehicles Carrier,59022.0,Other Cargo
355913000,IMO9785615,Bulk Carrier,43062.0,Bulk Carrier
355919000,IMO9304423,Container Ship (Fully Cellular),107849.0,Container Ship
355921000,IMO9856270,Bulk Carrier,35906.0,Bulk Carrier
355922000,IMO9831517,Bulk Carrier,23885.0,Bulk Carrier
355924000,IMO9519145,Vehicles Carrier,61002.0,Other Cargo
355953000,IMO9254628,Bulk Carrier,26195.0,Bulk Carrier
355959000,IMO9599092,Bulk Carrier,43248.0,Bulk Carrier
355972000,IMO9668881,Bulk Carrier,43007.0,Bulk Carrier
355980000,IMO9476939,Bulk Carrier,40077.0,Bulk Carrier
356006000,IMO9478822,Bulk Carrier,61150.0,Bulk Carrier
356008000,IMO9164586,,,Other Cargo
356010000,IMO9134177,,,Other Cargo
356046000,IMO9450155,General Cargo Ship (Open Hatch),22852.0,Other Cargo
356066000,IMO9882322,Bulk Carrier,44020.0,Bulk Carrier
356073000,IMO9519119,Vehicles Carrier,59440.0,Other Cargo
356087000,IMO9502829,Bulk Carrier,22402.0,Bulk Carrier
356088000,IMO9288485,Bulk Carrier,30042.0,Bulk Carrier
356093000,IMO9299549,Container Ship (Fully Cellular),91023.0,Container Ship
356108000,IMO8318879,,,Other Cargo
356110000,IMO9690511,Bulk Carrier,31878.0,Bulk Carrier
356112000,IMO9305714,Container Ship (Fully Cellular),107551.0,Container Ship
356124000,IMO9691151,Bulk Carrier,21728.0,Bulk Carrier
356144000,IMO9478937,Bulk Carrier,31243.0,Bulk Carrier
356188000,IMO9641924,Bulk Carrier,17027.0,Bulk Carrier
356189000,IMO9660011,Container Ship (Fully Cellular),71821.0,Container Ship
356205000,IMO9351581,Container Ship (Fully Cellular),41225.0,Container Ship
356219000,IMO9713894,Vehicles Carrier,70048.0,Other Cargo
356222000,IMO9589786,Bulk Carrier,34778.0,Bulk Carrier
356237000,IMO9425851,Bulk Carrier,32210.0,Bulk Carrier
356244000,IMO9749972,General Cargo Ship (Open Hatch),21574.0,Other Cargo
356249000,IMO9110377,Container Ship (Fully Cellular),64055.0,Container Ship
356285000,IMO9553000,General Cargo Ship (Open Hatch),31872.0,Other Cargo
356289000,IMO9703306,Container Ship (Fully Cellular),192237.0,Container Ship
356298000,IMO9362700,Container Ship (Fully Cellular),21018.0,Container Ship
356308000,IMO9490595,Bulk Carrier,89891.0,Bulk Carrier
356309000,IMO9792022,Bulk Carrier,34321.0,Bulk Carrier
356315000,IMO9700809,General Cargo Ship (Open Hatch),30657.0,Other Cargo
356320000,IMO9727297,Bulk Carrier,34778.0,Bulk Carrier
356330000,IMO9372470,Container Ship (Fully Cellular),66399.0,Container Ship
356334000,IMO9801158,Bulk Carrier,23226.0,Bulk Carrier
356340000,IMO9708980,Bulk Carrier,43013.0,Bulk Carrier
356398000,IMO9883508,Bulk Carrier,35034.0,Bulk Carrier
356407000,IMO9604172,Container Ship (Fully Cellular),99995.0,Container Ship
356408000,IMO9481245,Bulk Carrier,88421.0,Bulk Carrier
356411000,IMO9528160,Bulk Carrier,34349.0,Bulk Carrier
356413000,IMO9292230,Container Ship (Fully Cellular),54519.0,Container Ship
356440000,IMO9625932,Bulk Carrier,62704.0,Bulk Carrier
356546000,IMO9550371,Container Ship (Fully Cellular),17280.0,Container Ship
356548000,IMO9689794,Bulk Carrier,21728.0,Bulk Carrier
356555000,IMO9628128,Bulk Carrier,23495.0,Bulk Carrier
356565000,IMO9444261,Container Ship (Fully Cellular),71776.0,Container Ship
356571000,IMO9273909,Vehicles Carrier,62225.0,Other Cargo
356577000,IMO9273894,Vehicles Carrier,61954.0,Other Cargo
356579000,IMO9102746,Container Ship (Fully Cellular),29181.0,Container Ship
356581000,IMO9345403,Container Ship (Fully Cellular),114394.0,Container Ship
356585000,IMO9883015,Bulk Carrier,35834.0,Bulk Carrier
356590000,IMO9465215,Bulk Carrier,92822.0,Bulk Carrier
356624000,IMO9806304,Bulk Carrier,23232.0,Bulk Carrier
356631000,IMO9740160,Bulk Carrier,23281.0,Bulk Carrier
356643000,IMO9561801,Bulk Carrier,17986.0,Bulk Carrier
356660000,IMO9681704,General Cargo Ship (Open Hatch),20981.0,Other Cargo
356668000,IMO9782625,Bulk Carrier,34967.0,Bulk Carrier
356676000,IMO9454292,Bulk Carrier,42709.0,Bulk Carrier
356680000,IMO9593816,Bulk Carrier,43951.0,Bulk Carrier
356688000,IMO9738777,Vehicles Carrier,70048.0,Other Cargo
356701000,IMO9567245,General Cargo Ship,4951.0,Other Cargo
356707000,IMO9659919,Bulk Carrier,34815.0,Bulk Carrier
356708000,IMO9112272,,,Other Cargo
356709000,IMO7116406,General Cargo Ship,1653.0,Other Cargo
356718000,IMO9520663,Bulk Carrier,32319.0,Bulk Carrier
356727000,IMO9580211,Bulk Carrier,9993.0,Bulk Carrier
356744000,IMO9326158,Bulk Carrier,40028.0,Bulk Carrier
356749000,IMO9781035,Bulk Carrier,43110.0,Bulk Carrier
356752000,IMO9726516,Bulk Carrier,36518.0,Bulk Carrier
356755000,IMO9870458,Bulk Carrier,44397.0,Bulk Carrier
356760000,IMO9546100,Bulk Carrier,33044.0,Bulk Carrier
356777000,IMO9642227,Bulk Carrier,34794.0,Bulk Carrier
356779000,IMO9820972,Bulk Carrier,35832.0,Bulk Carrier
356811000,IMO9317092,Bulk Carrier,30057.0,Bulk Carrier
356822000,IMO9628568,Bulk Carrier,23264.0,Bulk Carrier
356827000,IMO9864382,Bulk Carrier,36025.0,Bulk Carrier
356844000,IMO9286877,Wood Chips Carrier,48191.0,Other Cargo
356874000,IMO9728095,Vehicles Carrier,76299.0,Other Cargo
356879000,IMO9840972,Bulk Carrier,47006.0,Bulk Carrier
356882000,IMO9442835,Bulk Carrier,48187.0,Bulk Carrier
356909000,IMO9355252,Vehicles Carrier,59217.0,Other Cargo
356912000,IMO9811921,Bulk Carrier,23232.0,Bulk Carrier
356941000,IMO9757228,Container Ship (Fully Cellular),151333.0,Container Ship
356946000,IMO9251688,Container Ship (Fully Cellular),76512.0,Container Ship
356956000,IMO9519133,Vehicles Carrier,60931.0,Other Cargo
356961000,IMO9477220,Bulk Carrier,58592.0,Bulk Carrier
356963000,IMO9616046,General Cargo Ship,5698.0,Other Cargo
357002000,IMO9668386,Bulk Carrier,34875.0,Bulk Carrier
357016000,IMO9845879,Bulk Carrier,31440.0,Bulk Carrier
357028000,IMO9531662,Bulk Carrier,32726.0,Bulk Carrier
357046000,IMO9782974,Bulk Carrier,23239.0,Bulk Carrier
357053000,IMO9909065,Bulk Carrier,44175.0,Bulk Carrier
357067000,IMO9278143,Container Ship (Fully Cellular),54881.0,Container Ship
357069000,IMO9490260,Bulk Carrier,9992.0,Bulk Carrier
357072000,IMO8413942,,,Other Cargo
357074000,IMO9799745,General Cargo Ship (Open Hatch),31898.0,Other Cargo
357075000,IMO9846287,Bulk Carrier,35953.0,Bulk Carrier
357076000,IMO9675585,Vehicles Carrier,59525.0,Other Cargo
357077000,IMO9169158,Container Ship (Fully Cellular),69246.0,Container Ship
357079000,IMO9402744,Vehicles Carrier,44412.0,Other Cargo
357086000,IMO9426776,Bulk Carrier,33854.0,Bulk Carrier
357094000,IMO9869588,Bulk Carrier,34618.0,Bulk Carrier
357096000,IMO9618276,Container Ship (Fully Cellular),96375.0,Container Ship
357104000,IMO9502972,Container Ship (Fully Cellular),142121.0,Container Ship
357106000,IMO9202649,Container Ship (Fully Cellular),40631.0,Container Ship
357110000,IMO9633109,Bulk Carrier,50626.0,Bulk Carrier
357114000,IMO9849564,Bulk Carrier,44397.0,Bulk Carrier
357116000,IMO9727273,Bulk Carrier,30665.0,Bulk Carrier
357146000,IMO9846330,Bulk Carrier,35835.0,Bulk Carrier
357147000,IMO9610391,Vehicles Carrier,59022.0,Other Cargo
357169000,IMO9594389,Bulk Carrier,23264.0,Bulk Carrier
357175000,IMO9416965,Container Ship (Fully Cellular),55487.0,Container Ship
357180000,IMO9645566,Bulk Carrier,31753.0,Bulk Carrier
357194000,IMO9727089,Bulk Carrier,22501.0,Bulk Carrier
357209000,IMO9858292,Bulk Carrier,43067.0,Bulk Carrier
357213000,IMO9482122,Bulk Carrier,33138.0,Bulk Carrier
357247000,IMO9169316,Vehicles Carrier,50309.0,Other Cargo
357254000,IMO9719343,Bulk Carrier,24159.0,Bulk Carrier
357262000,IMO9518098,Bulk Carrier,43013.0,Bulk Carrier
357277000,IMO9379870,Bulk Carrier,9961.0,Bulk Carrier
357279000,IMO9652480,General Cargo Ship (Open Hatch),21220.0,Other Cargo
357289000,IMO9317468,Bulk Carrier,40017.0,Bulk Carrier
357320000,IMO9701190,Bulk Carrier,34810.0,Bulk Carrier
357329000,IMO9763992,Bulk Carrier,32549.0,Bulk Carrier
357330000,IMO9675743,Bulk Carrier,34794.0,Bulk Carrier
357336000,IMO9169328,Vehicles Carrier,50309.0,Other Cargo
357347000,IMO9267663,Vehicles Carrier,58947.0,Other Cargo
357353000,IMO9561631,General Cargo Ship (with Ro-Ro facility),9984.0,Other Cargo
357357000,IMO9800879,General Cargo Ship,5708.0,Other Cargo
357359000,IMO9860647,Bulk Carrier,35833.0,Bulk Carrier
357370000,IMO9552408,Bulk Carrier,93286.0,Bulk Carrier
357380000,IMO9203502,Container Ship (Fully Cellular),25294.0,Container Ship
357388000,IMO9203526,Container Ship (Fully Cellular),25294.0,Container Ship
357396000,IMO9678329,Bulk Carrier,34794.0,Bulk Carrier
357399000,IMO9342736,Wood Chips Carrier,46432.0,Other Cargo
357401000,IMO9875147,Bulk Carrier,45223.0,Bulk Carrier
357405000,IMO9279977,Container Ship (Fully Cellular),54774.0,Container Ship
357411000,IMO9209104,Container Ship (Fully Cellular),25294.0,Container Ship
357422000,IMO9720079,General Cargo Ship (Open Hatch),35503.0,Other Cargo
357431000,IMO9580235,Cement Carrier,5459.0,Other Cargo
357437000,IMO9550292,Bulk Carrier,17019.0,Bulk Carrier
357444000,IMO9102710,Container Ship (Fully Cellular),29181.0,Container Ship
357451000,IMO9863170,Bulk Carrier,25189.0,Bulk Carrier
357454000,IMO9851347,Bulk Carrier,24332.0,Bulk Carrier
357455000,IMO9102722,Container Ship (Fully Cellular),29181.0,Container Ship
357457000,IMO9775854,Bulk Carrier,34157.0,Bulk Carrier
357458000,IMO9875032,Bulk Carrier,43644.0,Bulk Carrier
357465000,IMO9566461,Bulk Carrier,31764.0,Bulk Carrier
357480000,IMO9599183,Bulk Carrier,51905.0,Bulk Carrier
357486000,IMO9855692,General Cargo Ship,9992.0,Other Cargo
357494000,IMO9888871,Bulk Carrier,23573.0,Bulk Carrier
357499000,IMO9304382,Bulk Carrier,30669.0,Bulk Carrier
357513000,IMO9454058,General Cargo Ship,7460.0,Other Cargo
357533000,IMO9711729,General Cargo Ship (Open Hatch),22926.0,Other Cargo
357547000,IMO9560376,Container Ship (Fully Cellular),72043.0,Container Ship
357568000,IMO9537563,Bulk Carrier,63993.0,Bulk Carrier
357591000,IMO9187576,,,Other Cargo
357601000,IMO9196395,Bulk Carrier,18095.0,Bulk Carrier
357604000,IMO9863106,Bulk Carrier,94973.0,Bulk Carrier
357682000,IMO9181558,Vehicles Carrier,57566.0,Other Cargo
357694000,IMO9565560,Vehicles Carrier,58535.0,Other Cargo
357726000,IMO9452921,General Cargo Ship (Open Hatch),29829.0,Other Cargo
357737000,IMO9168867,Container Ship (Fully Cellular),69246.0,Container Ship
357743000,IMO9615327,General Cargo Ship (Open Hatch),22866.0,Other Cargo
357758000,IMO9899399,Bulk Carrier,34620.0,Bulk Carrier
357764000,IMO9768045,Bulk Carrier,35316.0,Bulk Carrier
357777000,IMO9687215,Bulk Carrier,35669.0,Bulk Carrier
357795000,IMO9553103,Vehicles Carrier,60876.0,Other Cargo
357802000,IMO9181479,Vehicles Carrier,50309.0,Other Cargo
357835000,IMO9434498,Bulk Carrier,34225.0,Bulk Carrier
357839000,IMO9487586,Bulk Carrier,15243.0,Bulk Carrier
357847000,IMO9705421,Bulk Carrier,31557.0,Bulk Carrier
357891000,IMO9469560,Container Ship (Fully Cellular),153115.0,Container Ship
357900000,IMO9206011,Vehicles Carrier,48039.0,Other Cargo
357919000,IMO9355044,Refrigerated Cargo Ship,9576.0,Other Cargo
357926000,IMO9467392,Container Ship (Fully Cellular),140096.0,Container Ship
357928000,IMO9552355,Bulk Carrier,33090.0,Bulk Carrier
357929000,IMO9409065,Bulk Carrier,92286.0,Bulk Carrier
357957000,IMO9368900,Vehicles Carrier,51731.0,Other Cargo
357961000,IMO9207120,Vehicles Carrier,52276.0,Other Cargo
357977000,IMO9700574,General Cargo Ship (Open Hatch),21267.0,Other Cargo
357983000,IMO9184940,Vehicles Carrier,50309.0,Other Cargo
357984000,IMO9355501,Bulk Carrier,29439.0,Bulk Carrier
357988000,IMO9567661,Container Ship (Fully Cellular),86682.0,Container Ship
357993000,IMO9355032,Refrigerated Cargo Ship,9576.0,Other Cargo
357994000,IMO9597408,Bulk Carrier,19819.0,Bulk Carrier
366101400,IMO9191200,,,Other Cargo
366102000,IMO9448425,Vehicles Carrier,57030.0,Other Cargo
366138000,IMO9388144,Platform Supply Ship,1870.0,Other Cargo
366215000,IMO9296353,Platform Supply Ship,1598.0,Other Cargo
366230000,IMO9418975,General Cargo Ship,15549.0,Other Cargo
366231000,IMO9126297,,,Other Cargo
366418000,IMO9349526,Container Ship (Fully Cellular),75579.0,Container Ship
366479000,IMO9121273,Vehicles Carrier,72708.0,Other Cargo
366503000,IMO6905288,,,Other Cargo
366551000,IMO8200711,,,Other Cargo
366562000,IMO7907984,Container Ship (Fully Cellular),41036.0,Container Ship
366563000,IMO7907996,Container Ship (Fully Cellular),41036.0,Container Ship
366574000,IMO6916433,,,Other Cargo
366575000,IMO7226689,,,Other Cargo
366576000,IMO9002037,Container Ship (Fully Cellular),32664.0,Container Ship
366605000,IMO9043885,Pollution Control Vessel,1335.0,Other Cargo
366607000,IMO9043938,Pollution Control Vessel,1335.0,Other Cargo
366629000,IMO7729459,,,Other Cargo
366663000,IMO9505065,Vehicles Carrier,72295.0,Other Cargo
366677000,IMO9213040,Platform Supply Ship,1342.0,Other Cargo
366734000,IMO7390129,,,Other Cargo
366750000,IMO9210309,General Cargo Ship,6170.0,Other Cargo
366758000,IMO7617905,,,Other Cargo
366766000,IMO9407809,Anchor Handling Tug Supply,2540.0,Other Cargo
366771000,IMO9303546,Vehicles Carrier,59705.0,Other Cargo
366791000,IMO7729461,Container Ship (Fully Cellular),36653.0,Container Ship
366799000,IMO7617890,,,Other Cargo
366816910,IMO9260744,Platform Supply Ship,435.0,Other Cargo
366838000,IMO7602259,,,Other Cargo
366839000,IMO7530808,,,Other Cargo
366841000,IMO7530810,,,Other Cargo
366842000,IMO7616377,,,Other Cargo
366845210,IMO0000000,,,Other Cargo
366851610,IMO8976475,Platform Supply Ship,498.0,Other Cargo
366893910,IMO5206362,"Bulk Carrier, Self-discharging, Laker",8018.0,Other Cargo
366911650,IMO8980701,Platform Supply Ship,1101.0,Other Cargo
366954010,IMO9297747,Platform Supply Ship,1101.0,Other Cargo
366969950,IMO5203205,,,Other Cargo
367049000,IMO8219384,,,Other Cargo
367063280,IMO9126297,,,Other Cargo
367070510,IMO8036586,Fishing Vessel,1080.0,Other Cargo
367074110,IMO7366324,Waste Disposal Vessel,2617.0,Other Cargo
367078110,IMO9350379,Platform Supply Ship,498.0,Other Cargo
367080000,IMO9938353,Container Ship (Fully Cellular),59052.0,Container Ship
367093000,IMO9285500,Vehicles Carrier,57280.0,Other Cargo
367111870,IMO9399442,Platform Supply Ship,547.0,Other Cargo
367123560,IMO8658102,Platform Supply Ship,343.0,Other Cargo
367124980,IMO9271200,Platform Supply Ship,702.0,Other Cargo
367125000,IMO9310109,Vehicles Carrier,61321.0,Other Cargo
367141680,IMO8302246,Container Ship (Fully Cellular),11652.0,Container Ship
367166950,IMO9383780,Platform Supply Ship,1659.0,Other Cargo
367185000,IMO9498602,Vehicles Carrier,59501.0,Other Cargo
367186630,IMO7011632,Fishing Vessel,640.0,Other Cargo
367189890,IMO1193859,,,Other Cargo
367190000,IMO7325253,,,Other Cargo
367196000,IMO7908005,,,Other Cargo
367211000,IMO7825423,Logistics Vessel (Naval Ro-Ro Cargo),61256.0,Other Cargo
367304000,IMO9302267,Platform Supply Ship,2698.0,Other Cargo
367309990,IMO8977754,Crew/Supply Vessel,216.0,Other Cargo
367313120,IMO1603447,,,Other Cargo
367332830,IMO9555682,Platform Supply Ship,567.0,Other Cargo
367332840,IMO9555694,Platform Supply Ship,567.0,Other Cargo
367348000,IMO8302442,Logistics Vessel (Naval Ro-Ro Cargo),44543.0,Other Cargo
367353660,IMO9501916,Waste Disposal Vessel,3135.0,Other Cargo
367357000,IMO9452866,Platform Supply Ship,3336.0,Other Cargo
367370000,IMO8302466,Logistics Vessel (Naval Ro-Ro Cargo),44543.0,Other Cargo
367371000,IMO8219396,Logistics Vessel (Naval Ro-Ro Cargo),44543.0,Other Cargo
367390890,IMO8741703,Platform Supply Ship,499.0,Other Cargo
367400840,IMO9585089,,,Other Cargo
367411370,IMO9585431,Crew/Supply Vessel,327.0,Other Cargo
367413160,IMO8964458,Platform Supply Ship,498.0,Other Cargo
367414810,IMO9184122,Platform Supply Ship,443.0,Other Cargo
367422000,IMO9349514,Container Ship (Fully Cellular),75579.0,Container Ship
367432220,IMO9585077,Platform Supply Ship,430.0,Other Cargo
367433790,IMO9578737,Platform Supply Ship,878.0,Other Cargo
367436760,IMO9536258,Platform Supply Ship,1786.0,Other Cargo
367438000,IMO9268538,Container Ship (Fully Cellular),32575.0,Container Ship
367468270,IMO9603295,Platform Supply Ship,1158.0,Other Cargo
367486370,IMO9271195,Platform Supply Ship,486.0,Other Cargo
367492110,IMO9399064,Platform Supply Ship,1201.0,Other Cargo
367503980,IMO9506722,General Cargo Ship,12810.0,Other Cargo
367506560,IMO9568835,Platform Supply Ship,499.0,Other Cargo
367510030,IMO9373759,Platform Supply Ship,498.0,Other Cargo
367510770,IMO1236101,,,Other Cargo
367514980,IMO9132234,Platform Supply Ship,1891.0,Other Cargo
367527000,IMO9273569,Platform Supply Ship,3135.0,Other Cargo
367530350,IMO9643520,Offshore Tug/Supply Ship,861.0,Other Cargo
367531780,IMO8842234,,,Other Cargo
367535950,IMO9437335,General Cargo Ship,15549.0,Other Cargo
367564890,IMO8987876,Platform Supply Ship,486.0,Other Cargo
367567000,IMO8428583,Platform Supply Ship,977.0,Other Cargo
367578740,IMO9218686,Container Ship (Fully Cellular),65792.0,Container Ship
367581980,IMO9260794,Platform Supply Ship,423.0,Other Cargo
367585890,IMO9647679,Platform Supply Ship,5721.0,Other Cargo
367585910,IMO9647576,Platform Supply Ship,3835.0,Other Cargo
367596840,IMO9647590,Platform Supply Ship,3835.0,Other Cargo
367596850,IMO9647681,Platform Supply Ship,4885.0,Other Cargo
367599260,IMO9712058,Platform Supply Ship,879.0,Other Cargo
367602710,IMO9370692,Platform Supply Ship,447.0,Other Cargo
367602790,IMO9095096,Platform Supply Ship,447.0,Other Cargo
367606000,IMO9298686,Container Ship (Fully Cellular),50686.0,Container Ship
367608620,IMO8975287,Platform Supply Ship,701.0,Other Cargo
367612310,IMO9647693,Platform Supply Ship,4627.0,Other Cargo
367612470,IMO9647605,Platform Supply Ship,3835.0,Other Cargo
367612480,IMO9647617,Platform Supply Ship,3835.0,Other Cargo
367612490,IMO9647629,Platform Supply Ship,3835.0,Other Cargo
367612530,IMO9672600,Platform Supply Ship,3835.0,Other Cargo
367622660,IMO9207948,Anchor Handling Tug Supply,1004.0,Other Cargo
367641230,IMO9619684,Ro-Ro Cargo Ship,47279.0,Other Cargo
367643740,IMO9742704,Offshore Support Vessel,5830.0,Other Cargo
367645120,IMO9744623,Platform Supply Ship,1427.0,Other Cargo
367651380,IMO9724295,Platform Supply Ship,1158.0,Other Cargo
367653540,IMO9755090,,,Other Cargo
367655260,IMO9670638,Platform Supply Ship,2312.0,Other Cargo
367665030,IMO9681821,General Cargo Ship,18410.0,Other Cargo
367670000,IMO9688477,Platform Supply Ship,4458.0,Other Cargo
367689970,IMO9724283,Platform Supply Ship,1170.0,Other Cargo
367719640,IMO8793562,Landing Craft,603.0,Other Cargo
367721220,IMO9681833,General Cargo Ship,18410.0,Other Cargo
367737720,IMO8983222,Platform Supply Ship,486.0,Other Cargo
367746000,IMO9624885,Crew/Supply Vessel,449.0,Other Cargo
367750000,IMO9388118,Platform Supply Ship,2261.0,Other Cargo
367754650,IMO9350379,Platform Supply Ship,498.0,Other Cargo
367759000,IMO9305312,Container Ship (Fully Cellular),50686.0,Container Ship
367766220,IMO131462900,,,Other Cargo
367775000,IMO9298698,Container Ship (Fully Cellular),50686.0,Container Ship
367776050,IMO8842416,Tug,134.0,Other Cargo
367781000,IMO9349552,Container Ship (Fully Cellular),75579.0,Container Ship
367782370,IMO9509970,"Heavy Load Carrier, semi submersible",17538.0,Other Cargo
367802000,IMO7714636,,,Other Cargo
367810000,IMO9349552,Container Ship (Fully Cellular),75579.0,Container Ship
367819000,IMO9232254,Logistics Vessel (Naval Ro-Ro Cargo),72737.0,Other Cargo
367822000,IMO7825394,,,Other Cargo
367832000,IMO7227205,Logistics Vessel (Naval Ro-Ro Cargo),67671.0,Other Cargo
367833000,IMO7223508,,,Other Cargo
367834000,IMO7234430,Logistics Vessel (Naval Ro-Ro Cargo),67671.0,Other Cargo
367852000,IMO9552006,Replenishment Dry Cargo Vessel,43758.0,Other Cargo
368013860,IMO9679725,Offshore Support Vessel,5743.0,Other Cargo
368016020,IMO8967852,Passenger Ship,1005.0,Other Cargo
368026000,IMO9218210,Logistics Vessel (Naval Ro-Ro Cargo),69365.0,Other Cargo
368031000,IMO9632583,Offshore Tug/Supply Ship,861.0,Other Cargo
368035830,IMO896482400,,,Other Cargo
368042000,IMO9204570,Platform Supply Ship,1342.0,Other Cargo
368053000,IMO9311701,Container Ship (Fully Cellular),50442.0,Container Ship
368086880,IMO8964769,Platform Supply Ship,440.0,Other Cargo
368099310,IMO9734977,Platform Supply Ship,1158.0,Other Cargo
368099390,IMO9670080,Platform Supply Ship,1158.0,Other Cargo
368099430,IMO9700988,Platform Supply Ship,1158.0,Other Cargo
368100000,IMO9289659,,,Other Cargo
368101000,IMO9175004,Platform Supply Ship,1074.0,Other Cargo
368146000,IMO9938339,Container Ship (Fully Cellular),59052.0,Container Ship
368160000,IMO9322009,Container Ship (Fully Cellular),16803.0,Container Ship
368183220,IMO1063439,,,Other Cargo
368189190,IMO9264623,Platform Supply Ship,441.0,Other Cargo
368224220,IMO8123509,Platform Supply Ship,758.0,Other Cargo
368230820,IMO9469405,Platform Supply Ship,499.0,Other Cargo
368237180,IMO9643087,Platform Supply Ship,970.0,Other Cargo
368237190,IMO9622655,Platform Supply Ship,878.0,Other Cargo
368242000,IMO9347499,Offshore Support Vessel,4057.0,Other Cargo
368264720,IMO9385269,Platform Supply Ship,2996.0,Other Cargo
368269000,IMO9129706,,,Other Cargo
368269780,IMO8998112,Platform Supply Ship,447.0,Other Cargo
368270390,IMO9579157,Platform Supply Ship,586.0,Other Cargo
368270970,IMO9694608,Platform Supply Ship,879.0,Other Cargo
368305000,IMO9273674,Container Ship (Fully Cellular),32575.0,Container Ship
368305620,IMO0000000,,,Other Cargo
368308420,IMO0568812,,,Other Cargo
368311960,IMO9382877,Platform Supply Ship,2994.0,Other Cargo
368311970,IMO9530034,Platform Supply Ship,2998.0,Other Cargo
368315650,IMO9199373,Platform Supply Ship,1171.0,Other Cargo
368324450,IMO9382865,,,Other Cargo
368344630,IMO9529683,Platform Supply Ship,2998.0,Other Cargo
368357320,IMO8975287,Platform Supply Ship,701.0,Other Cargo
368359000,IMO9349564,Container Ship (Fully Cellular),75579.0,Container Ship
368364550,IMO9665334,Platform Supply Ship,1158.0,Other Cargo
368398460,IMO9685097,General Cargo Ship,9719.0,Other Cargo
368400000,IMO9382853,Anchor Handling Tug Supply,5993.0,Other Cargo
368404010,IMO9724295,Platform Supply Ship,1158.0,Other Cargo
368444000,IMO9505039,Vehicles Carrier,74255.0,Other Cargo
368465000,IMO9273454,Platform Supply Ship,1624.0,Other Cargo
368473000,IMO9448114,Vehicles Carrier,57030.0,Other Cargo
368684000,IMO9077276,,,Other Cargo
368707000,IMO9112727,Logistics Vessel (Naval Ro-Ro Cargo),72718.0,Other Cargo
368734000,IMO9117038,Logistics Vessel (Naval Ro-Ro Cargo),72718.0,Other Cargo
368784000,IMO9777890,Vehicles Carrier,58107.0,Other Cargo
368808000,IMO6924571,,,Other Cargo
368850000,IMO7390105,,,Other Cargo
368992000,IMO7303205,,,Other Cargo
369006000,IMO9938389,Container Ship (Fully Cellular),59052.0,Container Ship
369050000,IMO9274991,Well Stimulation Vessel,3191.0,Other Cargo
369207000,IMO9719056,Container Ship (Fully Cellular),48409.0,Container Ship
369209000,IMO9719068,Container Ship (Fully Cellular),48409.0,Container Ship
369215000,IMO9349502,Container Ship (Fully Cellular),75579.0,Container Ship
369222000,IMO9777888,Vehicles Carrier,58107.0,Other Cargo
369224000,IMO9270115,Platform Supply Ship,1739.0,Other Cargo
369240000,IMO9551507,Platform Supply Ship,3336.0,Other Cargo
369246000,IMO9315202,Container Ship (Fully Cellular),80503.0,Container Ship
369286000,IMO9270127,Platform Supply Ship,1749.0,Other Cargo
369293000,IMO9779214,Platform Supply Ship,4379.0,Other Cargo
369296000,IMO9244130,Container Ship (Fully Cellular),32827.0,Container Ship
369309000,IMO9315197,Container Ship (Fully Cellular),80503.0,Container Ship
369326000,IMO9177428,Vehicles Carrier,57449.0,Other Cargo
369327000,IMO9129706,,,Other Cargo
369331000,IMO9645657,Platform Supply Ship,3518.0,Other Cargo
369339000,IMO9295218,Container Ship (Fully Cellular),82794.0,Container Ship
369344000,IMO9278753,Bulk Carrier,28762.0,Bulk Carrier
369355000,IMO9837092,Container Ship (Fully Cellular),45645.0,Container Ship
369357000,IMO9837107,Container Ship (Fully Cellular),45645.0,Container Ship
369363000,IMO9201645,Platform Supply Ship,2217.0,Other Cargo
369390000,IMO9314210,Container Ship (Fully Cellular),50442.0,Container Ship
369462000,IMO9647514,"Heavy Load Carrier, semi submersible",61185.0,Other Cargo
369463000,IMO9647526,"Heavy Load Carrier, semi submersible",58265.0,Other Cargo
369527000,IMO9158288,Vehicles Carrier,57623.0,Other Cargo
369533000,IMO9690389,Platform Supply Ship,3641.0,Other Cargo
369543000,IMO9981910,Vehicles Carrier,74888.0,Other Cargo
369751000,IMO9400069,Container Ship (Fully Cellular),75752.0,Container Ship
369818000,IMO9160853,Articulated Pusher Tug,495.0,Other Cargo
369854000,IMO9271418,Replenishment Dry Cargo Vessel,43758.0,Other Cargo
369886000,IMO9319806,Replenishment Dry Cargo Vessel,43758.0,Other Cargo
369928000,IMO9593115,Replenishment Dry Cargo Vessel,43758.0,Other Cargo
370011000,IMO9334234,Vehicles Carrier,59217.0,Other Cargo
370024000,IMO9527946,General Cargo Ship (Open Hatch),23857.0,Other Cargo
370030000,IMO9520819,Bulk Carrier,32315.0,Bulk Carrier
370090000,IMO9713430,Bulk Carrier,40937.0,Bulk Carrier
370095000,IMO9412751,Refrigerated Cargo Ship,9603.0,Other Cargo
370096000,IMO9581758,Bulk Carrier,92752.0,Bulk Carrier
370101000,IMO9897937,Bulk Carrier,26272.0,Bulk Carrier
370118000,IMO9439125,Bulk Carrier,90091.0,Bulk Carrier
370130000,IMO9477816,Bulk Carrier,48026.0,Bulk Carrier
370135000,IMO9438640,Bulk Carrier,31230.0,Bulk Carrier
370137000,IMO9468724,Bulk Carrier,92080.0,Bulk Carrier
370152000,IMO9909663,Bulk Carrier,24386.0,Bulk Carrier
370185000,IMO9514042,Bulk Carrier,31540.0,Bulk Carrier
370188000,IMO9345439,Container Ship (Fully Cellular),114394.0,Container Ship
370189000,IMO9697894,General Cargo Ship (Open Hatch),22314.0,Other Cargo
370193000,IMO9623726,Bulk Carrier,43100.0,Bulk Carrier
370215000,IMO9606871,Bulk Carrier,19999.0,Bulk Carrier
370216000,IMO9458389,Bulk Carrier,93461.0,Bulk Carrier
370230000,IMO9792034,Bulk Carrier,34321.0,Bulk Carrier
370235000,IMO9375939,Bulk Carrier,44251.0,Bulk Carrier
370254000,IMO9351593,Container Ship (Fully Cellular),41225.0,Container Ship
370258000,IMO9482237,Bulk Carrier,93378.0,Bulk Carrier
370271000,IMO9372494,Container Ship (Fully Cellular),66399.0,Container Ship
370273000,IMO9349825,Container Ship (Fully Cellular),50963.0,Container Ship
370290000,IMO9460033,Bulk Carrier,94817.0,Bulk Carrier
370295000,IMO9392157,Bulk Carrier,21100.0,Bulk Carrier
370299000,IMO9477919,Vehicles Carrier,60876.0,Other Cargo
370302000,IMO9464522,Bulk Carrier,17018.0,Bulk Carrier
370314000,IMO9543263,General Cargo Ship,9593.0,Other Cargo
370316000,IMO9846316,Bulk Carrier,23232.0,Bulk Carrier
370320000,IMO9380271,Container Ship (Fully Cellular),40709.0,Container Ship
370325000,IMO9461166,Bulk Carrier,43012.0,Bulk Carrier
370341000,IMO9461439,Container Ship (Fully Cellular),153115.0,Container Ship
370350000,IMO9616060,General Cargo Ship,5698.0,Other Cargo
370361000,IMO9516868,General Cargo Ship,11927.0,Other Cargo
370362000,IMO9603362,Bulk Carrier,106251.0,Bulk Carrier
370363000,IMO9238521,Vehicles Carrier,55493.0,Other Cargo
370381000,IMO9580247,General Cargo Ship,5715.0,Other Cargo
370392000,IMO9667722,General Cargo Ship (Open Hatch),21174.0,Other Cargo
370407000,IMO9388352,Container Ship (Fully Cellular),88089.0,Container Ship
370413000,IMO9644043,Bulk Carrier,21158.0,Bulk Carrier
370423000,IMO9392080,General Cargo Ship (with Ro-Ro facility),13668.0,Other Cargo
370453000,IMO9597812,Bulk Carrier,44102.0,Bulk Carrier
370458000,IMO9458999,Container Ship (Fully Cellular),44531.0,Container Ship
370475000,IMO9363106,Wood Chips Carrier,49720.0,Other Cargo
370485000,IMO9782364,Bulk Carrier,35810.0,Bulk Carrier
370508000,IMO9402706,Vehicles Carrier,60213.0,Other Cargo
370534000,IMO9425899,Bulk Carrier,32351.0,Bulk Carrier
370544000,IMO9902304,General Cargo Ship,23550.0,Other Cargo
370567000,IMO9383106,Vehicles Carrier,68701.0,Other Cargo
370574000,IMO9897901,Bulk Carrier,43672.0,Bulk Carrier
370587000,IMO9302176,,,Other Cargo
370594000,IMO9525429,General Cargo Ship,7460.0,Other Cargo
370602000,IMO9866677,Bulk Carrier,43471.0,Bulk Carrier
370633000,IMO9420291,Bulk Carrier,30764.0,Bulk Carrier
370640000,IMO9501851,Bulk Carrier,93359.0,Bulk Carrier
370644000,IMO9591052,Vehicles Carrier,59409.0,Other Cargo
370661000,IMO9464455,Vehicles Carrier,62394.0,Other Cargo
370677000,IMO9701047,General Cargo Ship (Open Hatch),21265.0,Other Cargo
370681000,IMO9676864,Vehicles Carrier,69931.0,Other Cargo
370696000,IMO9676101,Bulk Carrier,32370.0,Bulk Carrier
370735000,IMO9326392,Bulk Carrier,58135.0,Bulk Carrier
370737000,IMO9691515,Bulk Carrier,40944.0,Bulk Carrier
370740000,IMO9888857,Bulk Carrier,23573.0,Bulk Carrier
370744000,IMO9772802,Bulk Carrier,21530.0,Bulk Carrier
370751000,IMO9206140,Bulk Carrier,19734.0,Bulk Carrier
370761000,IMO9426130,Bulk Carrier,32309.0,Bulk Carrier
370785000,IMO9423504,Bulk Carrier,32415.0,Bulk Carrier
370808000,IMO9383429,Vehicles Carrier,68701.0,Other Cargo
370852000,IMO9409326,Vehicles Carrier,60330.0,Other Cargo
370865000,IMO9874985,Bulk Carrier,23239.0,Bulk Carrier
370869000,IMO9477830,Vehicles Carrier,60876.0,Other Cargo
370879000,IMO9658680,Bulk Carrier,43796.0,Bulk Carrier
370885000,IMO9470777,General Cargo Ship (Open Hatch),18096.0,Other Cargo
370892000,IMO9399002,Container Ship (Fully Cellular),151559.0,Container Ship
370894000,IMO9401104,Container Ship (Fully Cellular),131771.0,Container Ship
370918000,IMO9693769,Bulk Carrier,44043.0,Bulk Carrier
370930000,IMO9398371,Container Ship (Fully Cellular),131771.0,Container Ship
370937000,IMO9336907,Bulk Carrier,42647.0,Bulk Carrier
370953000,IMO9679139,Bulk Carrier,33192.0,Bulk Carrier
370962000,IMO9363699,Wood Chips Carrier,49294.0,Other Cargo
370967000,IMO9383417,Vehicles Carrier,68701.0,Other Cargo
370968000,IMO9864679,Bulk Carrier,44120.0,Bulk Carrier
370993000,IMO9401116,Container Ship (Fully Cellular),131771.0,Container Ship
371007000,IMO9869590,Bulk Carrier,34618.0,Bulk Carrier
371040000,IMO9536791,Bulk Carrier,91508.0,Bulk Carrier
371046000,IMO9673173,General Cargo Ship,13110.0,Other Cargo
371048000,IMO9328558,Bulk Carrier,39643.0,Bulk Carrier
371051000,IMO9875666,Bulk Carrier,36025.0,Bulk Carrier
371059000,IMO9289104,Container Ship (Fully Cellular),91023.0,Container Ship
371060000,IMO9610432,Vehicles Carrier,59017.0,Other Cargo
371072000,IMO9476525,Bulk Carrier,51265.0,Bulk Carrier
371085000,IMO9836919,Bulk Carrier,24331.0,Bulk Carrier
371128000,IMO9783148,Bulk Carrier,43018.0,Bulk Carrier
371129000,IMO9574860,General Cargo Ship (Open Hatch),46295.0,Other Cargo
371133000,IMO9672222,Bulk Carrier,21525.0,Bulk Carrier
371140000,IMO9574054,Vehicles Carrier,59676.0,Other Cargo
371147000,IMO9339844,Vehicles Carrier,59217.0,Other Cargo
371148000,IMO9880013,Bulk Carrier,25163.0,Bulk Carrier
371153000,IMO9699969,General Cargo Ship,13110.0,Other Cargo
371161000,IMO9296781,Bulk Carrier,25531.0,Bulk Carrier
371163000,IMO9316658,Bulk Carrier,39727.0,Bulk Carrier
371172000,IMO9442873,Vehicles Carrier,59493.0,Other Cargo
371180000,IMO9518189,Bulk Carrier,43008.0,Bulk Carrier
371185000,IMO9338890,Vehicles Carrier,41886.0,Other Cargo
371186000,IMO9866536,Bulk Carrier,35834.0,Bulk Carrier
371208000,IMO9293454,,,Other Cargo
371210000,IMO9694866,Bulk Carrier,10186.0,Bulk Carrier
371215000,IMO9706736,Container Ship (Fully Cellular),150709.0,Container Ship
371218000,IMO9401130,Container Ship (Fully Cellular),151559.0,Container Ship
371222000,IMO9687203,General Cargo Ship (Open Hatch),31926.0,Other Cargo
371225000,IMO9885051,Bulk Carrier,60133.0,Bulk Carrier
371228000,IMO9290531,Container Ship (Fully Cellular),108930.0,Container Ship
371233000,IMO9441001,Container Ship (Fully Cellular),153092.0,Container Ship
371243000,IMO9123154,Container Ship (Fully Cellular),37518.0,Container Ship
371244000,IMO9780706,General Cargo Ship,9989.0,Other Cargo
371245000,IMO9289116,,,Other Cargo
371265000,IMO9659842,Bulk Carrier,50860.0,Bulk Carrier
371274000,IMO9502958,Container Ship (Fully Cellular),142121.0,Container Ship
371277000,IMO9860659,Bulk Carrier,35832.0,Bulk Carrier
371282000,IMO9855563,Bulk Carrier,43968.0,Bulk Carrier
371290000,IMO9691620,Bulk Carrier,34810.0,Bulk Carrier
371293000,IMO9299109,General Cargo Ship,4819.0,Other Cargo
371313000,IMO9727986,Bulk Carrier,44012.0,Bulk Carrier
371318000,IMO9294343,Vehicles Carrier,48927.0,Other Cargo
371330000,IMO9692727,Bulk Carrier,31538.0,Bulk Carrier
371355000,IMO9548732,Bulk Carrier,13691.0,Bulk Carrier
371365000,IMO9846158,Bulk Carrier,22745.0,Bulk Carrier
371374000,IMO9558218,Bulk Carrier,92155.0,Bulk Carrier
371377000,IMO9644304,Bulk Carrier,41963.0,Bulk Carrier
371383000,IMO9840881,Bulk Carrier,47006.0,Bulk Carrier
371384000,IMO9303170,Vehicles Carrier,59217.0,Other Cargo
371389000,IMO9775177,Bulk Carrier,35823.0,Bulk Carrier
371392000,IMO9873278,Bulk Carrier,35048.0,Bulk Carrier
371410000,IMO9643958,Bulk Carrier,23264.0,Bulk Carrier
371416000,IMO9610236,Bulk Carrier,21838.0,Bulk Carrier
371420000,IMO9729881,Bulk Carrier,44043.0,Bulk Carrier
371422000,IMO9286621,Bulk Carrier,39964.0,Bulk Carrier
371427000,IMO9293911,,,Other Cargo
371429000,IMO9347580,Container Ship (Fully Cellular),52581.0,Container Ship
371441000,IMO9883091,Bulk Carrier,35956.0,Bulk Carrier
371443000,IMO9110975,Container Ship (Fully Cellular),37518.0,Container Ship
371449000,IMO9416977,Container Ship (Fully Cellular),55487.0,Container Ship
371463000,IMO9550199,Bulk Carrier,17018.0,Bulk Carrier
371466000,IMO9290543,Container Ship (Fully Cellular),108930.0,Container Ship
371475000,IMO9295397,Container Ship (Fully Cellular),65834.0,Container Ship
371478000,IMO9420265,Bulk Carrier,30816.0,Bulk Carrier
371507000,IMO9687758,Bulk Carrier,32370.0,Bulk Carrier
371513000,IMO8221404,,,Other Cargo
371518000,IMO9805324,General Cargo Ship (Open Hatch),21282.0,Other Cargo
371519000,IMO9307059,Container Ship (Fully Cellular),71892.0,Container Ship
371523000,IMO9317133,Bulk Carrier,30046.0,Bulk Carrier
371545000,IMO9303510,Bulk Carrier,41372.0,Bulk Carrier
371559000,IMO9294355,Vehicles Carrier,48927.0,Other Cargo
371563000,IMO9777814,Vehicles Carrier,63116.0,Other Cargo
371567000,IMO9856309,Bulk Carrier,35906.0,Bulk Carrier
371570000,IMO9296315,Bulk Carrier,17660.0,Bulk Carrier
371576000,IMO9768033,Bulk Carrier,23239.0,Bulk Carrier
371581000,IMO9799707,Bulk Carrier,31493.0,Bulk Carrier
371582000,IMO9467419,Container Ship (Fully Cellular),140096.0,Container Ship
371586000,IMO9875018,Bulk Carrier,43644.0,Bulk Carrier
371590000,IMO9584906,Bulk Carrier,33126.0,Bulk Carrier
371598000,IMO9853632,Bulk Carrier,36463.0,Bulk Carrier
371608000,IMO9392339,Vehicles Carrier,39422.0,Other Cargo
371618000,IMO9293595,Vehicles Carrier,58631.0,Other Cargo
371626000,IMO9342865,Bulk Carrier,39738.0,Bulk Carrier
371628000,IMO9316945,Bulk Carrier,17979.0,Bulk Carrier
371633000,IMO9664897,Container Ship (Fully Cellular),71821.0,Container Ship
371638000,IMO9552276,Bulk Carrier,90641.0,Bulk Carrier
371646000,IMO9732163,Bulk Carrier,32750.0,Bulk Carrier
371648000,IMO9303182,Vehicles Carrier,59217.0,Other Cargo
371651000,IMO9642148,Bulk Carrier,34775.0,Bulk Carrier
371655000,IMO9692818,Bulk Carrier,93735.0,Bulk Carrier
371659000,IMO9336074,Vehicles Carrier,57542.0,Other Cargo
371662000,IMO9543897,General Cargo Ship,10021.0,Other Cargo
371671000,IMO9355240,Vehicles Carrier,59217.0,Other Cargo
371697000,IMO9294367,Vehicles Carrier,48927.0,Other Cargo
371701000,IMO9511014,Bulk Carrier,34812.0,Bulk Carrier
371704000,IMO9350068,Bulk Carrier,29961.0,Bulk Carrier
371706000,IMO9574080,Vehicles Carrier,59524.0,Other Cargo
371707000,IMO9317353,Bulk Carrier,31385.0,Bulk Carrier
371709000,IMO9459151,General Cargo Ship (Open Hatch),21483.0,Other Cargo
371715000,IMO9453298,Vehicles Carrier,59835.0,Other Cargo
371716000,IMO9309617,General Cargo Ship (Open Hatch),19799.0,Other Cargo
371718000,IMO9881495,Bulk Carrier,94481.0,Bulk Carrier
371720000,IMO9128116,Bulk Carrier,16270.0,Bulk Carrier
371752000,IMO9309447,Container Ship (Fully Cellular),94489.0,Container Ship
371753000,IMO9461374,Container Ship (Fully Cellular),153115.0,Container Ship
371798000,IMO9303194,Vehicles Carrier,59217.0,Other Cargo
371799000,IMO9302073,Container Ship (Fully Cellular),68665.0,Container Ship
371811000,IMO9866196,Bulk Carrier,43044.0,Bulk Carrier
371819000,IMO9755672,Bulk Carrier,24328.0,Bulk Carrier
371836000,IMO9333852,Container Ship (Fully Cellular),54098.0,Container Ship
371850000,IMO9633264,Bulk Carrier,34775.0,Bulk Carrier
371851000,IMO9289128,Container Ship (Fully Cellular),91023.0,Container Ship
371860000,IMO9320403,Container Ship (Fully Cellular),50963.0,Container Ship
371862000,IMO9519121,Vehicles Carrier,60876.0,Other Cargo
371873000,IMO9660097,Bulk Carrier,34815.0,Bulk Carrier
371878000,IMO9805647,Bulk Carrier,34316.0,Bulk Carrier
371882000,IMO9860714,Bulk Carrier,35953.0,Bulk Carrier
371883000,IMO9520792,Bulk Carrier,32315.0,Bulk Carrier
371885000,IMO9536961,Vehicles Carrier,58997.0,Other Cargo
371895000,IMO9616058,General Cargo Ship,5698.0,Other Cargo
371897000,IMO9589803,Bulk Carrier,34795.0,Bulk Carrier
371908000,IMO9309459,Container Ship (Fully Cellular),94489.0,Container Ship
371911000,IMO9456446,Bulk Carrier,33433.0,Bulk Carrier
371919000,IMO9696436,Bulk Carrier,36300.0,Bulk Carrier
371929000,IMO9393321,Container Ship (Fully Cellular),95681.0,Container Ship
371932000,IMO9460605,Bulk Carrier,40043.0,Bulk Carrier
371941000,IMO9738947,Bulk Carrier,34810.0,Bulk Carrier
371951000,IMO9780990,Bulk Carrier,35607.0,Bulk Carrier
371956000,IMO9708928,General Cargo Ship (Open Hatch),22468.0,Other Cargo
371962000,IMO9687655,Bulk Carrier,32384.0,Bulk Carrier
371964000,IMO9303209,Vehicles Carrier,59217.0,Other Cargo
371965000,IMO9553115,Vehicles Carrier,62380.0,Other Cargo
371976000,IMO9287182,Bulk Carrier,40017.0,Bulk Carrier
371977000,IMO9336763,Bulk Carrier,19885.0,Bulk Carrier
371980000,IMO9337092,Bulk Carrier,39659.0,Bulk Carrier
371987000,IMO9476769,Vehicles Carrier,60148.0,Other Cargo
371991000,IMO9400928,General Cargo Ship (Open Hatch),20238.0,Other Cargo
372008000,IMO9309473,Container Ship (Fully Cellular),94489.0,Container Ship
372011000,IMO9407483,Bulk Carrier,30816.0,Bulk Carrier
372031000,IMO9565558,Vehicles Carrier,58535.0,Other Cargo
372038000,IMO9302140,Container Ship (Fully Cellular),98747.0,Container Ship
372044000,IMO9605994,General Cargo Ship (Open Hatch),22866.0,Other Cargo
372050000,IMO9304435,Container Ship (Fully Cellular),108930.0,Container Ship
372051000,IMO9299551,Container Ship (Fully Cellular),89954.0,Container Ship
372059000,IMO9758387,Bulk Carrier,43068.0,Bulk Carrier
372084000,IMO9442859,Bulk Carrier,39737.0,Bulk Carrier
372092000,IMO9863845,Bulk Carrier,35906.0,Bulk Carrier
372094000,IMO9672234,Bulk Carrier,21525.0,Bulk Carrier
372097000,IMO9293909,Vehicles Carrier,60118.0,Other Cargo
372104000,IMO9302138,Container Ship (Fully Cellular),98747.0,Container Ship
372117000,IMO9658915,Bulk Carrier,40978.0,Bulk Carrier
372123000,IMO9320439,Container Ship (Fully Cellular),50963.0,Container Ship
372130000,IMO9370214,Wood Chips Carrier,49854.0,Other Cargo
372140000,IMO9308895,Vehicles Carrier,62571.0,Other Cargo
372148000,IMO9362267,Vehicles Carrier,55600.0,Other Cargo
372154000,IMO9587001,General Cargo Ship,9268.0,Other Cargo
372161000,IMO9875006,Bulk Carrier,43644.0,Bulk Carrier
372164000,IMO9874961,Bulk Carrier,35832.0,Bulk Carrier
372177000,IMO9744984,Bulk Carrier,43036.0,Bulk Carrier
372178000,IMO9490600,Bulk Carrier,89603.0,Bulk Carrier
372191000,IMO9614361,Bulk Carrier,21158.0,Bulk Carrier
372198000,IMO9836414,Bulk Carrier,43206.0,Bulk Carrier
372205000,IMO9749958,Bulk Carrier,21574.0,Bulk Carrier
372213000,IMO9798832,Bulk Carrier,43291.0,Bulk Carrier
372218000,IMO9312781,Container Ship (Fully Cellular),97825.0,Container Ship
372238000,IMO8401781,,,Other Cargo
372260000,IMO9510929,General Cargo Ship (Open Hatch),22921.0,Other Cargo
372267000,IMO9330305,Bulk Carrier,89877.0,Bulk Carrier
372270000,IMO9425760,Bulk Carrier,32287.0,Bulk Carrier
372280000,IMO9741413,Container Ship (Fully Cellular),145407.0,Container Ship
372283000,IMO9303223,Vehicles Carrier,59217.0,Other Cargo
372290000,IMO9325788,Vehicles Carrier,41662.0,Other Cargo
372308000,IMO9491678,General Cargo Ship (Open Hatch),22863.0,Other Cargo
372309000,IMO9385506,General Cargo Ship (Open Hatch),30983.0,Other Cargo
372319000,IMO9337688,Container Ship (Fully Cellular),55487.0,Container Ship
372321000,IMO9656553,General Cargo Ship,9989.0,Other Cargo
372339000,IMO9542867,General Cargo Ship,9589.0,Other Cargo
372341000,IMO9323508,Container Ship (Fully Cellular),75308.0,Container Ship
372346000,IMO9325439,Vehicles Carrier,44364.0,Other Cargo
372348000,IMO9701152,Bulk Carrier,40937.0,Bulk Carrier
372355000,IMO9650626,Bulk Carrier,41104.0,Bulk Carrier
372361000,IMO9496989,Bulk Carrier,33232.0,Bulk Carrier
372367000,IMO9302152,Container Ship (Fully Cellular),98747.0,Container Ship
372386000,IMO9372626,Cement Carrier,5222.0,Other Cargo
372390000,IMO9566655,Bulk Carrier,29207.0,Bulk Carrier
372399000,IMO9325221,Vehicles Carrier,59217.0,Other Cargo
372400000,IMO9467421,Container Ship (Fully Cellular),140096.0,Container Ship
372424000,IMO9889100,Vehicles Carrier,72705.0,Other Cargo
372443000,IMO9105566,,,Other Cargo
372457000,IMO9449510,Bulk Carrier,20763.0,Bulk Carrier
372487000,IMO8604979,,,Other Cargo
372491000,IMO9237151,Container Ship (Fully Cellular),40626.0,Container Ship
372506000,IMO9304370,Bulk Carrier,30669.0,Bulk Carrier
372512000,IMO9312793,Container Ship (Fully Cellular),97825.0,Container Ship
372516000,IMO9325233,Vehicles Carrier,59217.0,Other Cargo
372531000,IMO9312808,Container Ship (Fully Cellular),97825.0,Container Ship
372548000,IMO9325776,Vehicles Carrier,39422.0,Other Cargo
372556000,IMO9471795,Bulk Carrier,22683.0,Bulk Carrier
372592000,IMO9580273,General Cargo Ship,5715.0,Other Cargo
372610000,IMO9372315,Vehicles Carrier,43810.0,Other Cargo
372611000,IMO8203402,,,Other Cargo
372612000,IMO9553141,Bulk Carrier,17018.0,Bulk Carrier
372613000,IMO9340570,Vehicles Carrier,59217.0,Other Cargo
372627000,IMO9446013,Vehicles Carrier,70853.0,Other Cargo
372638000,IMO9711901,Bulk Carrier,21168.0,Bulk Carrier
372665000,IMO9302164,Container Ship (Fully Cellular),98800.0,Container Ship
372682000,IMO9616072,General Cargo Ship,5698.0,Other Cargo
372697000,IMO9580261,General Cargo Ship,5715.0,Other Cargo
372707000,IMO9550319,Container Ship (Fully Cellular),17280.0,Container Ship
372712000,IMO9317365,Bulk Carrier,31385.0,Bulk Carrier
372724000,IMO9395159,Container Ship (Fully Cellular),98747.0,Container Ship
372734000,IMO9767467,Bulk Carrier,49991.0,Bulk Carrier
372736000,IMO9336048,Container Ship (Fully Cellular),108930.0,Container Ship
372737000,IMO9320453,Container Ship (Fully Cellular),50963.0,Container Ship
372747000,IMO9381249,Vehicles Carrier,61775.0,Other Cargo
372750000,IMO9851517,Bulk Carrier,43315.0,Bulk Carrier
372759000,IMO9427005,Bulk Carrier,48029.0,Bulk Carrier
372771000,IMO9808340,General Cargo Ship (Open Hatch),23917.0,Other Cargo
372798000,IMO9104524,General Cargo Ship,6641.0,Other Cargo
372802000,IMO9383431,Vehicles Carrier,68701.0,Other Cargo
372812000,IMO9489833,Bulk Carrier,19999.0,Bulk Carrier
372821000,IMO9914371,Bulk Carrier,34516.0,Bulk Carrier
372840000,IMO9780146,Bulk Carrier,43291.0,Bulk Carrier
372843000,IMO9369758,Container Ship (Fully Cellular),66973.0,Container Ship
372857000,IMO9339806,Vehicles Carrier,59217.0,Other Cargo
372875000,IMO9791975,Bulk Carrier,35847.0,Bulk Carrier
372878000,IMO9519212,Bulk Carrier,17023.0,Bulk Carrier
372879000,IMO9403255,General Cargo Ship (Open Hatch),21192.0,Other Cargo
372883000,IMO9636371,Bulk Carrier,33937.0,Bulk Carrier
372884000,IMO9381237,Vehicles Carrier,61775.0,Other Cargo
372901000,IMO9502831,Bulk Carrier,22402.0,Bulk Carrier
372908000,IMO9619775,Bulk Carrier,45223.0,Bulk Carrier
372914000,IMO9336050,Vehicles Carrier,57542.0,Other Cargo
372918000,IMO9435143,General Cargo Ship,22998.0,Other Cargo
372924000,IMO9658795,Bulk Carrier,21168.0,Bulk Carrier
372934000,IMO9335173,Container Ship (Fully Cellular),54778.0,Container Ship
372945000,IMO9372327,Vehicles Carrier,43810.0,Other Cargo
372955000,IMO9333838,Container Ship (Fully Cellular),54098.0,Container Ship
372967000,IMO9491666,General Cargo Ship (Open Hatch),22852.0,Other Cargo
372973000,IMO9339272,Container Ship (Fully Cellular),107849.0,Container Ship
372974000,IMO9805714,General Cargo Ship (Open Hatch),32090.0,Other Cargo
372981000,IMO9519107,Vehicles Carrier,59440.0,Other Cargo
372985000,IMO9863792,Bulk Carrier,35906.0,Bulk Carrier
372995000,IMO9531715,Vehicles Carrier,58908.0,Other Cargo
372997000,IMO9419747,Vehicles Carrier,60396.0,Other Cargo
373004000,IMO9467433,Container Ship (Fully Cellular),140096.0,Container Ship
373005000,IMO9484467,Container Ship (Fully Cellular),143521.0,Container Ship
373012000,IMO9476941,Bulk Carrier,40023.0,Bulk Carrier
373014000,IMO9758739,Bulk Carrier,44425.0,Bulk Carrier
373017000,IMO9477189,Bulk Carrier,46841.0,Bulk Carrier
373021000,IMO8212087,,,Other Cargo
373033000,IMO9603398,Bulk Carrier,106378.0,Bulk Carrier
373035000,IMO9604940,Vehicles Carrier,59337.0,Other Cargo
373044000,IMO9340752,Container Ship (Fully Cellular),39906.0,Container Ship
373046000,IMO9782170,Bulk Carrier,43484.0,Bulk Carrier
373048000,IMO9515216,Wood Chips Carrier,49232.0,Other Cargo
373054000,IMO9860788,Bulk Carrier,21627.0,Bulk Carrier
373057000,IMO9620695,Vehicles Carrier,61020.0,Other Cargo
373060000,IMO9610195,Bulk Carrier,21718.0,Bulk Carrier
373061000,IMO9537018,General Cargo Ship (Open Hatch),21483.0,Other Cargo
373068000,IMO9465291,Container Ship (Fully Cellular),141635.0,Container Ship
373069000,IMO9484481,Container Ship (Fully Cellular),143521.0,Container Ship
373071000,IMO9494747,General Cargo Ship (Open Hatch),20243.0,Other Cargo
373075000,IMO9604976,Bulk Carrier,93074.0,Bulk Carrier
373079000,IMO9625827,Bulk Carrier,45055.0,Bulk Carrier
373085000,IMO9520601,Bulk Carrier,32309.0,Bulk Carrier
373096000,IMO9433640,Bulk Carrier,42711.0,Bulk Carrier
373100000,IMO9667899,Bulk Carrier,31753.0,Bulk Carrier
373102000,IMO9626730,Bulk Carrier,33239.0,Bulk Carrier
373107000,IMO9514121,Bulk Carrier,31572.0,Bulk Carrier
373115000,IMO9041215,,,Other Cargo
373119000,IMO9588081,Container Ship (Fully Cellular),96898.0,Container Ship
373124000,IMO9463205,Vehicles Carrier,59835.0,Other Cargo
373131000,IMO9590072,Bulk Carrier,44282.0,Bulk Carrier
373132000,IMO9524011,Bulk Carrier,31756.0,Bulk Carrier
373139000,IMO9495583,General Cargo Ship (Open Hatch),15861.0,Other Cargo
373146000,IMO9552886,General Cargo Ship (Open Hatch),37046.0,Other Cargo
373153000,IMO9720067,General Cargo Ship (Open Hatch),35503.0,Other Cargo
373158000,IMO9527180,General Cargo Ship (Open Hatch),21483.0,Other Cargo
373176000,IMO9643192,Bulk Carrier,31756.0,Bulk Carrier
373183000,IMO9461415,Container Ship (Fully Cellular),153115.0,Container Ship
373188000,IMO9590084,Bulk Carrier,44282.0,Bulk Carrier
373189000,IMO9606974,Bulk Carrier,9991.0,Bulk Carrier
373190000,IMO9514028,Bulk Carrier,31540.0,Bulk Carrier
373201000,IMO9567738,General Cargo Ship (Open Hatch),31804.0,Other Cargo
373204000,IMO9802085,Bulk Carrier,93451.0,Bulk Carrier
373209000,IMO9819985,General Cargo Ship (Open Hatch),35516.0,Other Cargo
373210000,IMO9626742,Bulk Carrier,33239.0,Bulk Carrier
373214000,IMO9582996,Bulk Carrier,43226.0,Bulk Carrier
373223000,IMO9491408,Bulk Carrier,32987.0,Bulk Carrier
373226000,IMO9909675,Bulk Carrier,24386.0,Bulk Carrier
373227000,IMO9500687,Bulk Carrier,32309.0,Bulk Carrier
373228000,IMO9604926,Vehicles Carrier,59447.0,Other Cargo
373230000,IMO9610200,Bulk Carrier,21838.0,Bulk Carrier
373233000,IMO9484429,Container Ship (Fully Cellular),153115.0,Container Ship
373240000,IMO9635743,Bulk Carrier,23264.0,Bulk Carrier
373256000,IMO9593335,Bulk Carrier,31541.0,Bulk Carrier
373267000,IMO9512343,Bulk Carrier,42980.0,Bulk Carrier
373277000,IMO9614969,Bulk Carrier,34795.0,Bulk Carrier
373279000,IMO9616034,General Cargo Ship,5698.0,Other Cargo
373281000,IMO9609237,Bulk Carrier,32714.0,Bulk Carrier
373285000,IMO9850549,Container Ship (Fully Cellular),117340.0,Container Ship
373298000,IMO9524023,Bulk Carrier,31756.0,Bulk Carrier
373301000,IMO9514107,Bulk Carrier,31572.0,Bulk Carrier
373309000,IMO9902081,Bulk Carrier,23226.0,Bulk Carrier
373310000,IMO9650743,Vehicles Carrier,59550.0,Other Cargo
373312000,IMO9667758,Bulk Carrier,30221.0,Bulk Carrier
373317000,IMO9688221,Bulk Carrier,38453.0,Bulk Carrier
373331000,IMO9591961,Bulk Carrier,41963.0,Bulk Carrier
373334000,IMO9537020,General Cargo Ship (Open Hatch),21483.0,Other Cargo
373355000,IMO9484443,Container Ship (Fully Cellular),143521.0,Container Ship
373361000,IMO9732424,Bulk Carrier,35825.0,Bulk Carrier
373362000,IMO9593347,Bulk Carrier,31541.0,Bulk Carrier
373363000,IMO9104902,,,Other Cargo
373383000,IMO9642136,Bulk Carrier,34800.0,Bulk Carrier
373387000,IMO9889289,Bulk Carrier,107450.0,Bulk Carrier
373398000,IMO9620683,Vehicles Carrier,60928.0,Other Cargo
373402000,IMO9527207,General Cargo Ship,20992.0,Other Cargo
373404000,IMO9467445,Container Ship (Fully Cellular),140096.0,Container Ship
373412000,IMO9623063,General Cargo Ship,22861.0,Other Cargo
373415000,IMO9562453,General Cargo Ship (Open Hatch),21213.0,Other Cargo
373431000,IMO9650494,Bulk Carrier,22402.0,Bulk Carrier
373449000,IMO9727352,Bulk Carrier,107514.0,Bulk Carrier
373454000,IMO9607590,Bulk Carrier,9988.0,Bulk Carrier
373457000,IMO9415727,Container Ship (Fully Cellular),78349.0,Container Ship
373459000,IMO9392559,Container Ship (Fully Cellular),35981.0,Container Ship
373471000,IMO9527958,General Cargo Ship (Open Hatch),23855.0,Other Cargo
373485000,IMO9566382,Container Ship (Fully Cellular),96917.0,Container Ship
373494000,IMO9614983,Bulk Carrier,34794.0,Bulk Carrier
373495000,IMO9591973,Bulk Carrier,41963.0,Bulk Carrier
373500000,IMO9518103,Bulk Carrier,43025.0,Bulk Carrier
373505000,IMO9478846,Bulk Carrier,61150.0,Bulk Carrier
373526000,IMO9498626,Bulk Carrier,23448.0,Bulk Carrier
373529000,IMO9599755,Bulk Carrier,34795.0,Bulk Carrier
373553000,IMO9471666,Bulk Carrier,24150.0,Bulk Carrier
373556000,IMO9609249,Bulk Carrier,32916.0,Bulk Carrier
373557000,IMO9639464,General Cargo Ship (Open Hatch),24020.0,Other Cargo
373569000,IMO9614995,Bulk Carrier,34794.0,Bulk Carrier
373570000,IMO9520998,Bulk Carrier,17018.0,Bulk Carrier
373575000,IMO9526162,General Cargo Ship (Open Hatch),23855.0,Other Cargo
373582000,IMO9316361,Container Ship (Fully Cellular),32060.0,Container Ship
373585000,IMO9624639,Bulk Carrier,34777.0,Bulk Carrier
373598000,IMO9606338,Container Ship (Fully Cellular),176490.0,Container Ship
373605000,IMO9489821,Bulk Carrier,19999.0,Bulk Carrier
373607000,IMO9767015,Bulk Carrier,21520.0,Bulk Carrier
373611000,IMO9614385,Bulk Carrier,9993.0,Bulk Carrier
373622000,IMO9499723,Cement Carrier,18176.0,Other Cargo
373627000,IMO9512290,Bulk Carrier,43025.0,Bulk Carrier
373630000,IMO9158276,Vehicles Carrier,58329.0,Other Cargo
373636000,IMO9656541,General Cargo Ship,9989.0,Other Cargo
373649000,IMO9588079,Container Ship (Fully Cellular),96917.0,Container Ship
373656000,IMO9502843,Bulk Carrier,22402.0,Bulk Carrier
373662000,IMO9616022,General Cargo Ship,5698.0,Other Cargo
373663000,IMO9668063,Bulk Carrier,31779.0,Bulk Carrier
373681000,IMO9609512,Bulk Carrier,40850.0,Bulk Carrier
373694000,IMO9624627,Bulk Carrier,23264.0,Bulk Carrier
373695000,IMO9260378,General Cargo Ship,9611.0,Other Cargo
373701000,IMO9473690,General Cargo Ship (Open Hatch),21213.0,Other Cargo
373712000,IMO9850800,Container Ship (Fully Cellular),116295.0,Container Ship
373721000,IMO9595448,Container Ship (Fully Cellular),99995.0,Container Ship
373733000,IMO9561942,Bulk Carrier,32714.0,Bulk Carrier
373744000,IMO9602356,Bulk Carrier,43093.0,Bulk Carrier
373746000,IMO9610652,Bulk Carrier,22662.0,Bulk Carrier
373757000,IMO9609299,General Cargo Ship (Open Hatch),21173.0,Other Cargo
373765000,IMO9583184,Bulk Carrier,43022.0,Bulk Carrier
373789000,IMO9591985,Bulk Carrier,41963.0,Bulk Carrier
373805000,IMO9512044,Bulk Carrier,64642.0,Bulk Carrier
373810000,IMO9624641,Bulk Carrier,34777.0,Bulk Carrier
373814000,IMO9604990,Bulk Carrier,92752.0,Bulk Carrier
373821000,IMO9643946,Bulk Carrier,23264.0,Bulk Carrier
373835000,IMO9820984,Bulk Carrier,23232.0,Bulk Carrier
373836000,IMO9709348,Bulk Carrier,21525.0,Bulk Carrier
373840000,IMO9633202,Bulk Carrier,23264.0,Bulk Carrier
373841000,IMO9651943,General Cargo Ship,7617.0,Other Cargo
373843000,IMO9624328,Bulk Carrier,17027.0,Bulk Carrier
373871000,IMO9711925,Bulk Carrier,43430.0,Bulk Carrier
373874000,IMO9512329,Bulk Carrier,43012.0,Bulk Carrier
373875000,IMO9625437,General Cargo Ship,9963.0,Other Cargo
373877000,IMO9629976,Bulk Carrier,33729.0,Bulk Carrier
373879000,IMO9597666,General Cargo Ship (Open Hatch),22866.0,Other Cargo
373897000,IMO9821835,Bulk Carrier,35825.0,Bulk Carrier
373904000,IMO9374002,Bulk Carrier,31532.0,Bulk Carrier
373908000,IMO9051686,,,Other Cargo
373911000,IMO9706750,Container Ship (Fully Cellular),151687.0,Container Ship
373913000,IMO9566423,Bulk Carrier,31754.0,Bulk Carrier
373917000,IMO9624263,Bulk Carrier,92752.0,Bulk Carrier
373928000,IMO9622710,General Cargo Ship (with Ro-Ro facility),9984.0,Other Cargo
373932000,IMO9566394,Container Ship (Fully Cellular),96790.0,Container Ship
373943000,IMO9614294,General Cargo Ship,20992.0,Other Cargo
373965000,IMO9771092,Bulk Carrier,35308.0,Bulk Carrier
373970000,IMO9659191,General Cargo Ship (Open Hatch),24067.0,Other Cargo
373981000,IMO9650822,Bulk Carrier,34800.0,Bulk Carrier
373996000,IMO9368895,Vehicles Carrier,51731.0,Other Cargo
373997000,IMO9598127,Bulk Carrier,92752.0,Bulk Carrier
374018000,IMO9790816,Bulk Carrier,43484.0,Bulk Carrier
374033000,IMO9742405,General Cargo Ship,13110.0,Other Cargo
374035000,IMO9856268,Bulk Carrier,35906.0,Bulk Carrier
374042000,IMO9624055,Bulk Carrier,31538.0,Bulk Carrier
374058000,IMO9727443,Bulk Carrier,32378.0,Bulk Carrier
374069000,IMO9827255,Vehicles Carrier,75528.0,Other Cargo
374077000,IMO9760653,General Cargo Ship (Open Hatch),23887.0,Other Cargo
374090000,IMO9760134,Bulk Carrier,34589.0,Bulk Carrier
374092000,IMO9738818,Bulk Carrier,45223.0,Bulk Carrier
374101000,IMO9713806,Bulk Carrier,43007.0,Bulk Carrier
374106000,IMO9757527,Bulk Carrier,10186.0,Bulk Carrier
374113000,IMO9854583,Bulk Carrier,35679.0,Bulk Carrier
374119000,IMO9659749,General Cargo Ship (Open Hatch),27440.0,Other Cargo
374122000,IMO9748069,Bulk Carrier,34860.0,Bulk Carrier
374126000,IMO9747948,Bulk Carrier,92722.0,Bulk Carrier
374134000,IMO9852212,Bulk Carrier,23765.0,Bulk Carrier
374152000,IMO9873890,Bulk Carrier,25163.0,Bulk Carrier
374155000,IMO9836713,Bulk Carrier,43206.0,Bulk Carrier
374158000,IMO9850537,Container Ship (Fully Cellular),117340.0,Container Ship
374171000,IMO9725469,Bulk Carrier,34558.0,Bulk Carrier
374179000,IMO9796561,Bulk Carrier,43231.0,Bulk Carrier
374182000,IMO9908279,Bulk Carrier,36762.0,Bulk Carrier
374185000,IMO9737369,Bulk Carrier,36518.0,Bulk Carrier
374195000,IMO9709001,Bulk Carrier,43040.0,Bulk Carrier
374208000,IMO9867425,Bulk Carrier,43509.0,Bulk Carrier
374211000,IMO9038701,Bulk Carrier,22147.0,Bulk Carrier
374213000,IMO9758753,Bulk Carrier,23226.0,Bulk Carrier
374217000,IMO9748019,Vehicles Carrier,70826.0,Other Cargo
374223000,IMO9855604,Bulk Carrier,44000.0,Bulk Carrier
374233000,IMO9725445,Bulk Carrier,31877.0,Bulk Carrier
374243000,IMO9701023,General Cargo Ship (Open Hatch),21265.0,Other Cargo
374249000,IMO9757890,Bulk Carrier,34618.0,Bulk Carrier
374254000,IMO9748045,Bulk Carrier,45252.0,Bulk Carrier
374267000,IMO9609615,Bulk Carrier,43715.0,Bulk Carrier
374270000,IMO9701700,Bulk Carrier,34806.0,Bulk Carrier
374277000,IMO9708930,General Cargo Ship (Open Hatch),22468.0,Other Cargo
374291000,IMO9742417,General Cargo Ship,13110.0,Other Cargo
374298000,IMO9708966,Bulk Carrier,32540.0,Bulk Carrier
374299000,IMO9748435,Bulk Carrier,23275.0,Bulk Carrier
374318000,IMO9760108,Bulk Carrier,34707.0,Bulk Carrier
374327000,IMO9911721,Bulk Carrier,43987.0,Bulk Carrier
374353000,IMO9779927,General Cargo Ship,9929.0,Other Cargo
374356000,IMO9852664,Bulk Carrier,35834.0,Bulk Carrier
374384000,IMO9773480,Bulk Carrier,24649.0,Bulk Carrier
374417000,IMO9782259,Bulk Carrier,35839.0,Bulk Carrier
374423000,IMO9728136,Bulk Carrier,43013.0,Bulk Carrier
374438000,IMO9728069,Vehicles Carrier,76387.0,Other Cargo
374448000,IMO9867372,Bulk Carrier,23230.0,Bulk Carrier
374450000,IMO9713818,Bulk Carrier,43007.0,Bulk Carrier
374462000,IMO9881366,Bulk Carrier,43496.0,Bulk Carrier
374466000,IMO9460588,Bulk Carrier,40070.0,Bulk Carrier
374475000,IMO9863857,Bulk Carrier,35906.0,Bulk Carrier
374494000,IMO9726695,Vehicles Carrier,75036.0,Other Cargo
374495000,IMO9747467,Bulk Carrier,31883.0,Bulk Carrier
374508000,IMO9817913,Container Ship (Fully Cellular),19035.0,Container Ship
374512000,IMO9758143,Bulk Carrier,34233.0,Bulk Carrier
374514000,IMO9701712,Bulk Carrier,34806.0,Bulk Carrier
374518000,IMO9790830,Bulk Carrier,35839.0,Bulk Carrier
374519000,IMO9719355,Bulk Carrier,24159.0,Bulk Carrier
374546000,IMO9760110,Bulk Carrier,34589.0,Bulk Carrier
374547000,IMO9709324,Bulk Carrier,21525.0,Bulk Carrier
374566000,IMO9875288,General Cargo Ship (Open Hatch),32012.0,Other Cargo
374570000,IMO9790933,Bulk Carrier,35834.0,Bulk Carrier
374577000,IMO9718210,Bulk Carrier,94013.0,Bulk Carrier
374581000,IMO9755696,Bulk Carrier,24328.0,Bulk Carrier
374582000,IMO9287443,General Cargo Ship,4819.0,Other Cargo
374590000,IMO9760641,General Cargo Ship (Open Hatch),23887.0,Other Cargo
374606000,IMO9713791,Bulk Carrier,45223.0,Bulk Carrier
374607000,IMO9839284,Container Ship (Fully Cellular),228741.0,Container Ship
374637000,IMO9916305,Bulk Carrier,36108.0,Bulk Carrier
374645000,IMO9708681,Container Ship (Fully Cellular),192237.0,Container Ship
374650000,IMO9750311,Bulk Carrier,43466.0,Bulk Carrier
374654000,IMO9757826,Bulk Carrier,34776.0,Bulk Carrier
374661000,IMO9567269,General Cargo Ship,4951.0,Other Cargo
374668000,IMO9757785,Bulk Carrier,45253.0,Bulk Carrier
374677000,IMO9732400,Bulk Carrier,35825.0,Bulk Carrier
374678000,IMO9728071,Vehicles Carrier,76299.0,Other Cargo
374696000,IMO9749855,Bulk Carrier,44425.0,Bulk Carrier
374706000,IMO9758870,Bulk Carrier,34776.0,Bulk Carrier
374710000,IMO9731535,Bulk Carrier,31557.0,Bulk Carrier
374727000,IMO9736353,Bulk Carrier,43430.0,Bulk Carrier
374767000,IMO9725457,Bulk Carrier,34558.0,Bulk Carrier
374778000,IMO9860740,Bulk Carrier,35953.0,Bulk Carrier
374779000,IMO9728849,General Cargo Ship,9989.0,Other Cargo
374785000,IMO9600619,Bulk Carrier,44130.0,Bulk Carrier
374792000,IMO9755804,Bulk Carrier,43247.0,Bulk Carrier
374794000,IMO9737357,Bulk Carrier,36518.0,Bulk Carrier
374799000,IMO9742429,General Cargo Ship,13110.0,Other Cargo
374803000,IMO9755701,Bulk Carrier,24328.0,Bulk Carrier
374814000,IMO9708332,Bulk Carrier,47006.0,Bulk Carrier
374815000,IMO9741384,Container Ship (Fully Cellular),144285.0,Container Ship
374821000,IMO9728198,Bulk Carrier,43016.0,Bulk Carrier
374832000,IMO9767479,Bulk Carrier,45252.0,Bulk Carrier
374839000,IMO9715452,Bulk Carrier,43036.0,Bulk Carrier
374840000,IMO9758454,Bulk Carrier,43036.0,Bulk Carrier
374846000,IMO9659737,General Cargo Ship (Open Hatch),27440.0,Other Cargo
374854000,IMO9767766,Bulk Carrier,34274.0,Bulk Carrier
374855000,IMO9316098,Container Ship (Fully Cellular),9957.0,Container Ship
374858000,IMO9806043,Container Ship (Fully Cellular),145647.0,Container Ship
374875000,IMO9738820,Bulk Carrier,34778.0,Bulk Carrier
374880000,IMO9767572,Bulk Carrier,35810.0,Bulk Carrier
374886000,IMO9647461,Container Ship (Fully Cellular),176490.0,Container Ship
374910000,IMO9758442,Bulk Carrier,43036.0,Bulk Carrier
374921000,IMO9715440,Bulk Carrier,43036.0,Bulk Carrier
374922000,IMO9755749,General Cargo Ship (Open Hatch),23749.0,Other Cargo
374935000,IMO9737462,Container Ship (Fully Cellular),152426.0,Container Ship
374964000,IMO9718985,Bulk Carrier,43956.0,Bulk Carrier
374971000,IMO9747041,Bulk Carrier,21530.0,Bulk Carrier
374983000,IMO9916290,Bulk Carrier,36108.0,Bulk Carrier
374986000,IMO9369136,General Cargo Ship,9881.0,Other Cargo
403297001,IMO9498482,General Cargo Ship,23930.0,Other Cargo
403519000,IMO9660554,Bulk Carrier,43894.0,Bulk Carrier
403520001,IMO9620944,Ro-Ro Cargo Ship,50714.0,Other Cargo
403521001,IMO9620956,Ro-Ro Cargo Ship,50714.0,Other Cargo
403526001,IMO9620968,Ro-Ro Cargo Ship,50714.0,Other Cargo
403531001,IMO9626522,Ro-Ro Cargo Ship,50714.0,Other Cargo
403532001,IMO9626534,Ro-Ro Cargo Ship,50714.0,Other Cargo
403533001,IMO9620970,Ro-Ro Cargo Ship,50714.0,Other Cargo
403668001,IMO9826469,Bulk Carrier,36210.0,Bulk Carrier
403698000,IMO9837133,Bulk Carrier,43735.0,Bulk Carrier
403789001,IMO9837121,Bulk Carrier,43735.0,Bulk Carrier
405000242,IMO9793844,Bulk Carrier,25818.0,Bulk Carrier
405000343,IMO9717060,Bulk Carrier,32927.0,Bulk Carrier
405000345,IMO9731705,Bulk Carrier,34748.0,Bulk Carrier
405000348,IMO9454187,Bulk Carrier,31232.0,Bulk Carrier
405000373,IMO9758741,Bulk Carrier,34830.0,Bulk Carrier
412032000,IMO9494371,Bulk Carrier,40896.0,Bulk Carrier
412055000,IMO9223289,"Heavy Load Carrier, semi submersible",15840.0,Other Cargo
412069000,IMO9364758,Bulk Carrier,40892.0,Bulk Carrier
412343000,IMO9285079,Bulk Carrier,30963.0,Bulk Carrier
412344000,IMO9617466,Bulk Carrier,32962.0,Bulk Carrier
412345000,IMO9407859,Bulk Carrier,30963.0,Bulk Carrier
412346000,IMO9406805,Bulk Carrier,30962.0,Bulk Carrier
412347000,IMO9407873,Bulk Carrier,30963.0,Bulk Carrier
412349000,IMO9407861,Bulk Carrier,30963.0,Bulk Carrier
412478000,IMO9864203,Bulk Carrier,47366.0,Bulk Carrier
412768000,IMO9523146,Bulk Carrier,40913.0,Bulk Carrier
412842000,IMO9566942,Bulk Carrier,32964.0,Bulk Carrier
412859000,IMO9523158,Bulk Carrier,40913.0,Bulk Carrier
413147000,IMO9310056,Container Ship (Fully Cellular),41482.0,Container Ship
413148000,IMO9312561,Container Ship (Fully Cellular),41482.0,Container Ship
413149000,IMO9312573,Container Ship (Fully Cellular),41482.0,Container Ship
413151000,IMO9312585,Container Ship (Fully Cellular),41482.0,Container Ship
413153000,IMO9312597,Container Ship (Fully Cellular),41482.0,Container Ship
413159000,IMO9337913,Container Ship (Fully Cellular),90757.0,Container Ship
413161000,IMO9334935,Container Ship (Fully Cellular),90757.0,Container Ship
413165000,IMO9337925,Container Ship (Fully Cellular),90757.0,Container Ship
413171000,IMO9337937,Container Ship (Fully Cellular),90757.0,Container Ship
413173000,IMO9337949,Container Ship (Fully Cellular),90757.0,Container Ship
413196000,IMO9523184,Bulk Carrier,40913.0,Bulk Carrier
413198000,IMO9523196,Bulk Carrier,40913.0,Bulk Carrier
413219590,IMO9277632,Bulk Carrier,29995.0,Bulk Carrier
413279020,IMO9634880,Bulk Carrier,18462.0,Bulk Carrier
413289250,IMO9611618,Bulk Carrier,20924.0,Bulk Carrier
413310040,IMO9915014,Container Ship (Fully Cellular),18731.0,Container Ship
413336090,IMO9915026,Container Ship (Fully Cellular),18731.0,Container Ship
413349820,IMO9432165,General Cargo Ship,24112.0,Other Cargo
413360000,IMO9488217,Bulk Carrier,32460.0,Bulk Carrier
413376000,IMO9488475,Bulk Carrier,40896.0,Bulk Carrier
413390180,IMO9619749,Bulk Carrier,22402.0,Bulk Carrier
413391360,IMO9975727,"Heavy Load Carrier, semi submersible",18021.0,Other Cargo
413471050,IMO9608922,General Cargo Ship,20684.0,Other Cargo
413489920,IMO9722754,General Cargo Ship,26770.0,Other Cargo
413513640,IMO9742998,Bulk Carrier,25769.0,Bulk Carrier
413515960,IMO9742974,Bulk Carrier,25769.0,Bulk Carrier
413518040,IMO9742986,Bulk Carrier,25769.0,Bulk Carrier
413532040,IMO9742950,Bulk Carrier,25769.0,Bulk Carrier
413549320,IMO1014204,Deck Cargo Ship,19611.0,Other Cargo
413686000,IMO9494383,Bulk Carrier,40896.0,Bulk Carrier
413687000,IMO9494395,Bulk Carrier,40896.0,Bulk Carrier
413702030,IMO9742962,Bulk Carrier,25769.0,Bulk Carrier
413896000,IMO9416549,Bulk Carrier,33580.0,Bulk Carrier
413941000,IMO9432737,Bulk Carrier,33547.0,Bulk Carrier
413985000,IMO9523201,Bulk Carrier,40913.0,Bulk Carrier
413996000,IMO9326744,Container Ship (Fully Cellular),41899.0,Container Ship
414031000,IMO9628219,Bulk Carrier,33736.0,Bulk Carrier
414037000,IMO9617272,Bulk Carrier,32964.0,Bulk Carrier
414053000,IMO9628702,Bulk Carrier,33736.0,Bulk Carrier
414058000,IMO9595682,Bulk Carrier,40913.0,Bulk Carrier
414071000,IMO9579274,Bulk Carrier,41830.0,Bulk Carrier
414145000,IMO9620542,Bulk Carrier,64654.0,Bulk Carrier
414148000,IMO9591480,Bulk Carrier,41830.0,Bulk Carrier
414152000,IMO9655822,Bulk Carrier,44725.0,Bulk Carrier
414174000,IMO9663180,Bulk Carrier,32973.0,Bulk Carrier
414175000,IMO9663178,Bulk Carrier,32973.0,Bulk Carrier
414178000,IMO9677337,Bulk Carrier,33738.0,Bulk Carrier
414189000,IMO9252230,Container Ship (Fully Cellular),41834.0,Container Ship
414195000,IMO9326756,Container Ship (Fully Cellular),41899.0,Container Ship
414199000,IMO9533050,Bulk Carrier,32899.0,Bulk Carrier
414224000,IMO9139921,Container Ship (Fully Cellular),41507.0,Container Ship
414230000,IMO9742950,Bulk Carrier,25769.0,Bulk Carrier
414239000,IMO9232113,Container Ship (Fully Cellular),50242.0,Container Ship
414246000,IMO9333060,Container Ship (Fully Cellular),35573.0,Container Ship
414257000,IMO9252242,Container Ship (Fully Cellular),41834.0,Container Ship
414274000,IMO9742974,Bulk Carrier,25769.0,Bulk Carrier
414329000,IMO9742998,Bulk Carrier,25769.0,Bulk Carrier
414333000,IMO9280809,Container Ship (Fully Cellular),40952.0,Container Ship
414334000,IMO9464699,Container Ship (Fully Cellular),42110.0,Container Ship
414348000,IMO9400148,Container Ship (Fully Cellular),50963.0,Container Ship
414349000,IMO9400124,Container Ship (Fully Cellular),50963.0,Container Ship
414365000,IMO9450947,Container Ship (Fully Cellular),42112.0,Container Ship
414366000,IMO9484510,Container Ship (Fully Cellular),42112.0,Container Ship
414430000,IMO9439228,Bulk Carrier,32521.0,Bulk Carrier
414432000,IMO9567403,Bulk Carrier,33044.0,Bulk Carrier
414477000,IMO9864186,Bulk Carrier,47370.0,Bulk Carrier
414478000,IMO9864198,Bulk Carrier,47370.0,Bulk Carrier
414546000,IMO9617478,Bulk Carrier,33044.0,Bulk Carrier
414599000,IMO9672052,Bulk Carrier,36518.0,Bulk Carrier
414693000,IMO9450911,Container Ship (Fully Cellular),42112.0,Container Ship
414701000,IMO9523213,Bulk Carrier,40913.0,Bulk Carrier
414706000,IMO9576791,Bulk Carrier,40913.0,Bulk Carrier
414715000,IMO9576806,Bulk Carrier,40913.0,Bulk Carrier
414718000,IMO9663702,Bulk Carrier,22494.0,Bulk Carrier
414725000,IMO9505455,Bulk Carrier,32976.0,Bulk Carrier
414727000,IMO9505467,Bulk Carrier,32976.0,Bulk Carrier
414740000,IMO9505481,Bulk Carrier,32976.0,Bulk Carrier
414742000,IMO9606431,Bulk Carrier,40913.0,Bulk Carrier
414753000,IMO9505493,Bulk Carrier,32976.0,Bulk Carrier
414771000,IMO9604287,Bulk Carrier,28780.0,Bulk Carrier
414772000,IMO9712060,Bulk Carrier,22494.0,Bulk Carrier
414776000,IMO9604275,Bulk Carrier,28780.0,Bulk Carrier
414785000,IMO9533062,Bulk Carrier,32899.0,Bulk Carrier
414786000,IMO9533074,Bulk Carrier,32953.0,Bulk Carrier
414799000,IMO9928932,General Cargo Ship (Open Hatch),40350.0,Other Cargo
416464000,IMO9462732,Container Ship (Fully Cellular),91586.0,Container Ship
416465000,IMO9462720,Container Ship (Fully Cellular),91586.0,Container Ship
416466000,IMO9462718,Container Ship (Fully Cellular),91586.0,Container Ship
416467000,IMO9462706,Container Ship (Fully Cellular),91586.0,Container Ship
416468000,IMO9462691,Container Ship (Fully Cellular),91586.0,Container Ship
416475000,IMO9595486,Container Ship (Fully Cellular),99995.0,Container Ship
416481000,IMO9595527,Container Ship (Fully Cellular),99995.0,Container Ship
416481100,IMO9595527,Container Ship (Fully Cellular),99995.0,Container Ship
416482000,IMO9604081,Container Ship (Fully Cellular),99995.0,Container Ship
416491000,IMO9496599,Container Ship (Fully Cellular),47952.0,Container Ship
416495000,IMO9604158,Container Ship (Fully Cellular),99995.0,Container Ship
416497000,IMO9629093,Container Ship (Fully Cellular),101063.0,Container Ship
416498000,IMO9629108,Container Ship (Fully Cellular),101063.0,Container Ship
416509000,IMO9629055,Container Ship (Fully Cellular),101063.0,Container Ship
419000160,IMO9561332,Bulk Carrier,19785.0,Bulk Carrier
419000180,IMO9478200,Bulk Carrier,43790.0,Bulk Carrier
419001016,IMO9723851,Bulk Carrier,44127.0,Bulk Carrier
419001168,IMO9706554,Bulk Carrier,44113.0,Bulk Carrier
419001180,IMO9463308,Bulk Carrier,93608.0,Bulk Carrier
419001597,IMO9551727,Bulk Carrier,92155.0,Bulk Carrier
419001672,IMO9455399,Bulk Carrier,22358.0,Bulk Carrier
428000405,IMO9318163,Container Ship (Fully Cellular),39906.0,Container Ship
428002000,IMO9231808,Container Ship (Fully Cellular),53453.0,Container Ship
428041000,IMO9471214,Container Ship (Fully Cellular),40542.0,Container Ship
428042000,IMO9471202,Container Ship (Fully Cellular),40542.0,Container Ship
428403000,IMO9322346,Container Ship (Fully Cellular),39906.0,Container Ship
428404000,IMO9322334,Container Ship (Fully Cellular),39906.0,Container Ship
428405000,IMO9318163,Container Ship (Fully Cellular),39906.0,Container Ship
431003000,IMO9806079,Container Ship (Fully Cellular),146694.0,Container Ship
431009000,IMO9875202,Vehicles Carrier,73515.0,Other Cargo
431013000,IMO9182277,Vehicles Carrier,57484.0,Other Cargo
431014000,IMO9487976,Bulk Carrier,93268.0,Bulk Carrier
431024000,IMO9531741,Vehicles Carrier,63084.0,Other Cargo
431027000,IMO9356701,Container Ship (Fully Cellular),76862.0,Container Ship
431042000,IMO9566382,Container Ship (Fully Cellular),96917.0,Container Ship
431058000,IMO9293519,Vehicles Carrier,59161.0,Other Cargo
431073000,IMO9806081,Container Ship (Fully Cellular),146694.0,Container Ship
431079000,IMO9291133,Vehicles Carrier,62621.0,Other Cargo
431080000,IMO9741372,Container Ship (Fully Cellular),145251.0,Container Ship
431082000,IMO9293521,Vehicles Carrier,59160.0,Other Cargo
431113000,IMO9675664,Bulk Carrier,107598.0,Bulk Carrier
431120000,IMO9475648,Container Ship (Fully Cellular),78449.0,Container Ship
431122000,IMO9552393,Bulk Carrier,93198.0,Bulk Carrier
431139000,IMO9707546,Bulk Carrier,107329.0,Bulk Carrier
431148000,IMO9488009,Bulk Carrier,93270.0,Bulk Carrier
431161000,IMO9477191,Bulk Carrier,46896.0,Bulk Carrier
431172000,IMO9561954,Vehicles Carrier,62927.0,Other Cargo
431188000,IMO9899399,Bulk Carrier,34620.0,Bulk Carrier
431189000,IMO9464455,Vehicles Carrier,62394.0,Other Cargo
431190000,IMO9284752,Vehicles Carrier,62623.0,Other Cargo
431193000,IMO9960227,Vehicles Carrier,77583.0,Other Cargo
431205000,IMO9293571,Vehicles Carrier,58595.0,Other Cargo
431221000,IMO9209518,Vehicles Carrier,56175.0,Other Cargo
431223000,IMO9498602,Vehicles Carrier,59501.0,Other Cargo
431224000,IMO9498597,Vehicles Carrier,59499.0,Other Cargo
431225000,IMO9629914,Container Ship (Fully Cellular),87023.0,Container Ship
431241000,IMO9689603,Container Ship (Fully Cellular),153467.0,Container Ship
431260000,IMO9689615,Container Ship (Fully Cellular),153469.0,Container Ship
431262000,IMO9712644,Vehicles Carrier,75206.0,Other Cargo
431296000,IMO9321263,Container Ship (Fully Cellular),87013.0,Container Ship
431300000,IMO9991197,Vehicles Carrier,77509.0,Other Cargo
431312000,IMO9252204,Vehicles Carrier,56563.0,Other Cargo
431314000,IMO9174490,Vehicles Carrier,58249.0,Other Cargo
431315000,IMO9339662,Container Ship (Fully Cellular),87035.0,Container Ship
431323000,IMO9308883,Vehicles Carrier,62556.0,Other Cargo
431332000,IMO9629902,Container Ship (Fully Cellular),87022.0,Container Ship
431339000,IMO9150341,Vehicles Carrier,36893.0,Other Cargo
431349000,IMO9252228,Vehicles Carrier,56556.0,Other Cargo
431350000,IMO9588081,Container Ship (Fully Cellular),96898.0,Container Ship
431373000,IMO9584059,Vehicles Carrier,58983.0,Other Cargo
431374000,IMO9774379,Bulk Carrier,94116.0,Bulk Carrier
431432000,IMO9392353,Vehicles Carrier,42175.0,Other Cargo
431440000,IMO9610432,Vehicles Carrier,59017.0,Other Cargo
431449000,IMO9409065,Bulk Carrier,92286.0,Bulk Carrier
431472000,IMO9588079,Container Ship (Fully Cellular),96917.0,Container Ship
431479000,IMO9424912,Container Ship (Fully Cellular),78410.0,Container Ship
431491000,IMO9790880,Bulk Carrier,107829.0,Bulk Carrier
431495000,IMO9344057,Wood Chips Carrier,39967.0,Other Cargo
431496000,IMO9629914,Container Ship (Fully Cellular),87023.0,Container Ship
431497000,IMO9991185,Vehicles Carrier,77509.0,Other Cargo
431501000,IMO9482237,Bulk Carrier,93378.0,Bulk Carrier
431510000,IMO9424924,Container Ship (Fully Cellular),78661.0,Container Ship
431522000,IMO9424936,Container Ship (Fully Cellular),78661.0,Container Ship
431527000,IMO9209271,Vehicles Carrier,52308.0,Other Cargo
431528000,IMO9424900,Container Ship (Fully Cellular),78663.0,Container Ship
431534000,IMO9355202,Vehicles Carrier,62568.0,Other Cargo
431536000,IMO1046049,Vehicles Carrier,75259.0,Other Cargo
431546000,IMO9506710,Vehicles Carrier,48936.0,Other Cargo
431550000,IMO9174282,Vehicles Carrier,57442.0,Other Cargo
431552000,IMO9741396,Container Ship (Fully Cellular),145251.0,Container Ship
431554000,IMO9293650,Vehicles Carrier,59992.0,Other Cargo
431556000,IMO9182289,Vehicles Carrier,57542.0,Other Cargo
431573000,IMO9544918,Vehicles Carrier,61067.0,Other Cargo
431578000,IMO9403279,Vehicles Carrier,41894.0,Other Cargo
431585000,IMO9293894,Vehicles Carrier,60169.0,Other Cargo
431605000,IMO9610406,Vehicles Carrier,59598.0,Other Cargo
431637000,IMO9536818,Vehicles Carrier,62694.0,Other Cargo
431647000,IMO9402718,Vehicles Carrier,60163.0,Other Cargo
431651000,IMO9757993,Vehicles Carrier,75185.0,Other Cargo
431654000,IMO9806067,Container Ship (Fully Cellular),146694.0,Container Ship
431655000,IMO9806055,Container Ship (Fully Cellular),146694.0,Container Ship
431664000,IMO9820867,Bulk Carrier,107829.0,Bulk Carrier
431667000,IMO9906984,Vehicles Carrier,72287.0,Other Cargo
431688000,IMO9085687,,,Other Cargo
431695000,IMO9100592,,,Other Cargo
431710000,IMO9468308,Container Ship (Fully Cellular),105644.0,Container Ship
431718000,IMO9604940,Vehicles Carrier,59337.0,Other Cargo
431740000,IMO9554200,Vehicles Carrier,59490.0,Other Cargo
431747000,IMO9553115,Vehicles Carrier,62380.0,Other Cargo
431761000,IMO9539169,Vehicles Carrier,60284.0,Other Cargo
431766000,IMO9477921,Vehicles Carrier,62388.0,Other Cargo
431772000,IMO9741449,Container Ship (Fully Cellular),146412.0,Container Ship
431777000,IMO9335953,Vehicles Carrier,62568.0,Other Cargo
431779000,IMO9363651,Wood Chips Carrier,49072.0,Other Cargo
431783000,IMO9273909,Vehicles Carrier,62225.0,Other Cargo
431792000,IMO9741425,Container Ship (Fully Cellular),146287.0,Container Ship
431800000,IMO9759989,Bulk Carrier,107215.0,Bulk Carrier
431814000,IMO9273894,Vehicles Carrier,61954.0,Other Cargo
431823000,IMO9603403,Bulk Carrier,106354.0,Bulk Carrier
431833000,IMO9888883,Wood Chips Carrier,41320.0,Other Cargo
431839000,IMO9338620,Vehicles Carrier,58599.0,Other Cargo
431842000,IMO9461312,Bulk Carrier,43014.0,Bulk Carrier
431851000,IMO9861861,Vehicles Carrier,72285.0,Other Cargo
431857000,IMO9338632,Vehicles Carrier,39065.0,Other Cargo
431858000,IMO9283875,Vehicles Carrier,62349.0,Other Cargo
431865000,IMO9759977,Bulk Carrier,107215.0,Bulk Carrier
431868000,IMO9293662,Vehicles Carrier,60065.0,Other Cargo
431881000,IMO9476757,Vehicles Carrier,60105.0,Other Cargo
431882000,IMO9658927,Bulk Carrier,50742.0,Bulk Carrier
431888000,IMO9784776,Container Ship (Fully Cellular),146409.0,Container Ship
431912000,IMO9283887,Vehicles Carrier,62397.0,Other Cargo
431921000,IMO9338876,Vehicles Carrier,42082.0,Other Cargo
431929000,IMO9805477,Container Ship (Fully Cellular),152180.0,Container Ship
431934000,IMO9606479,Vehicles Carrier,59601.0,Other Cargo
431981000,IMO9805453,Container Ship (Fully Cellular),152068.0,Container Ship
431986000,IMO9784788,Container Ship (Fully Cellular),145251.0,Container Ship
431989000,IMO9805465,Container Ship (Fully Cellular),152068.0,Container Ship
432433000,IMO9272888,Vehicles Carrier,55457.0,Other Cargo
432440000,IMO9272890,Vehicles Carrier,55458.0,Other Cargo
432624000,IMO9335965,Vehicles Carrier,63001.0,Other Cargo
432629000,IMO9339820,Vehicles Carrier,56973.0,Other Cargo
432633000,IMO9339832,Vehicles Carrier,56951.0,Other Cargo
432651000,IMO9381677,Vehicles Carrier,59262.0,Other Cargo
432664000,IMO9355214,Vehicles Carrier,63004.0,Other Cargo
432665000,IMO9442885,Vehicles Carrier,58990.0,Other Cargo
432666000,IMO9464388,Vehicles Carrier,58989.0,Other Cargo
432669000,IMO9355226,Vehicles Carrier,63007.0,Other Cargo
432712000,IMO9476733,Vehicles Carrier,60212.0,Other Cargo
432716000,IMO9409340,Vehicles Carrier,56978.0,Other Cargo
432722000,IMO9426350,Vehicles Carrier,62993.0,Other Cargo
432723000,IMO9476745,Vehicles Carrier,60212.0,Other Cargo
432729000,IMO9426362,Vehicles Carrier,62993.0,Other Cargo
432734000,IMO9426374,Vehicles Carrier,62994.0,Other Cargo
432783000,IMO9531739,Vehicles Carrier,63085.0,Other Cargo
432803000,IMO9531753,Vehicles Carrier,63083.0,Other Cargo
432817000,IMO9539171,Vehicles Carrier,60394.0,Other Cargo
432824000,IMO9574107,Vehicles Carrier,59030.0,Other Cargo
432839000,IMO9604938,Vehicles Carrier,59029.0,Other Cargo
432857000,IMO9615195,Bulk Carrier,50624.0,Bulk Carrier
432930000,IMO9443073,Vehicles Carrier,58994.0,Other Cargo
440009000,IMO9637246,Container Ship (Fully Cellular),142620.0,Container Ship
440022000,IMO9395939,Container Ship (Fully Cellular),40741.0,Container Ship
440023000,IMO9768928,Bulk Carrier,23173.0,Bulk Carrier
440032000,IMO9623219,"Heavy Load Carrier, semi submersible",22499.0,Other Cargo
440040000,IMO9471616,"Heavy Load Carrier, semi submersible",17825.0,Other Cargo
440049000,IMO9593323,Bulk Carrier,31540.0,Bulk Carrier
440057000,IMO8904068,Refrigerated Cargo Ship,5286.0,Other Cargo
440058000,IMO9203588,Vehicles Carrier,55719.0,Other Cargo
440062000,IMO9114177,,,Other Cargo
440073000,IMO9605994,General Cargo Ship (Open Hatch),22866.0,Other Cargo
440083000,IMO9336050,Vehicles Carrier,57542.0,Other Cargo
440086000,IMO9347425,Container Ship (Fully Cellular),74962.0,Container Ship
440093000,IMO9312834,Vehicles Carrier,57536.0,Other Cargo
440104000,IMO9477919,Vehicles Carrier,60876.0,Other Cargo
440111000,IMO946470400,,,Other Cargo
440112000,IMO9171113,General Cargo Ship,18459.0,Other Cargo
440114000,IMO9176606,Vehicles Carrier,71383.0,Other Cargo
440117000,IMO9742170,Container Ship (Fully Cellular),114023.0,Container Ship
440141000,IMO9312767,Container Ship (Fully Cellular),74962.0,Container Ship
440151000,IMO9312937,Container Ship (Fully Cellular),74962.0,Container Ship
440152000,IMO9626376,Bulk Carrier,22662.0,Bulk Carrier
440161000,IMO9122930,Vehicles Carrier,55680.0,Other Cargo
440172000,IMO9638147,Bulk Carrier,25303.0,Bulk Carrier
440176000,IMO9637234,Container Ship (Fully Cellular),142620.0,Container Ship
440189000,IMO9312949,Container Ship (Fully Cellular),75061.0,Container Ship
440202000,IMO9254848,Container Ship (Fully Cellular),64845.0,Container Ship
440204000,IMO9336074,Vehicles Carrier,57542.0,Other Cargo
440209000,IMO9686546,Bulk Carrier,36259.0,Bulk Carrier
440219000,IMO9767558,Bulk Carrier,35832.0,Bulk Carrier
440220000,IMO9312779,Container Ship (Fully Cellular),74906.0,Container Ship
440245000,IMO9702417,Vehicles Carrier,64717.0,Other Cargo
440249000,IMO9775828,Vehicles Carrier,71342.0,Other Cargo
440252000,IMO9702429,Vehicles Carrier,64717.0,Other Cargo
440253000,IMO9318515,Vehicles Carrier,41192.0,Other Cargo
440254000,IMO9702431,Vehicles Carrier,64776.0,Other Cargo
440255000,IMO9749568,Vehicles Carrier,65748.0,Other Cargo
440257000,IMO9749570,Vehicles Carrier,65748.0,Other Cargo
440260000,IMO9749594,Vehicles Carrier,65785.0,Other Cargo
440269000,IMO9122942,Vehicles Carrier,55680.0,Other Cargo
440292000,IMO9158604,Vehicles Carrier,55729.0,Other Cargo
440314000,IMO9782326,Bulk Carrier,35832.0,Bulk Carrier
440334000,IMO9367592,Vehicles Carrier,51917.0,Other Cargo
440338000,IMO9367580,Vehicles Carrier,51917.0,Other Cargo
440352000,IMO9731391,Bulk Carrier,26436.0,Bulk Carrier
440367000,IMO9477830,Vehicles Carrier,60876.0,Other Cargo
440371000,IMO9158616,Vehicles Carrier,71383.0,Other Cargo
440377000,IMO9860386,Bulk Carrier,34884.0,Bulk Carrier
440379000,IMO9421257,Bulk Carrier,31091.0,Bulk Carrier
440390000,IMO9869215,Container Ship (Fully Cellular),152003.0,Container Ship
440559000,IMO9347607,Container Ship (Fully Cellular),53100.0,Container Ship
440607000,IMO9238820,General Cargo Ship,23119.0,Other Cargo
440657000,IMO9869239,Container Ship (Fully Cellular),152003.0,Container Ship
440737000,IMO9597680,General Cargo Ship (Open Hatch),22852.0,Other Cargo
440797000,IMO9519145,Vehicles Carrier,61002.0,Other Cargo
440880000,IMO9869227,Container Ship (Fully Cellular),152003.0,Container Ship
440906000,IMO9706994,Vehicles Carrier,59968.0,Other Cargo
440981000,IMO9869186,Container Ship (Fully Cellular),152003.0,Container Ship
441005000,IMO9253155,General Cargo Ship,23119.0,Other Cargo
441058000,IMO9869198,Container Ship (Fully Cellular),152003.0,Container Ship
441115000,IMO9446001,Vehicles Carrier,70834.0,Other Cargo
441120000,IMO9445992,Vehicles Carrier,70834.0,Other Cargo
441133000,IMO9674177,Vehicles Carrier,64824.0,Other Cargo
441144000,IMO9606041,General Cargo Ship (Open Hatch),22871.0,Other Cargo
441151000,IMO9674165,Vehicles Carrier,64824.0,Other Cargo
441156000,IMO9674189,Vehicles Carrier,64824.0,Other Cargo
441162000,IMO9869174,Container Ship (Fully Cellular),152003.0,Container Ship
441168000,IMO9651101,Vehicles Carrier,59241.0,Other Cargo
441188000,IMO9651113,Vehicles Carrier,59241.0,Other Cargo
441190000,IMO9590591,Vehicles Carrier,58465.0,Other Cargo
441200000,IMO9590589,Vehicles Carrier,58465.0,Other Cargo
441265000,IMO9392810,General Cargo Ship (Open Hatch),19808.0,Other Cargo
441266000,IMO9347449,Container Ship (Fully Cellular),75474.0,Container Ship
441301000,IMO9455648,Bulk Carrier,32987.0,Bulk Carrier
441302000,IMO9451898,Vehicles Carrier,60559.0,Other Cargo
441304000,IMO9419759,Vehicles Carrier,60559.0,Other Cargo
441310000,IMO9445409,Vehicles Carrier,72946.0,Other Cargo
441343000,IMO9323510,Container Ship (Fully Cellular),75308.0,Container Ship
441344000,IMO9414876,Vehicles Carrier,60552.0,Other Cargo
441357000,IMO9070462,Vehicles Carrier,45121.0,Other Cargo
441397000,IMO9707027,Vehicles Carrier,59954.0,Other Cargo
441398000,IMO9323522,Container Ship (Fully Cellular),75308.0,Container Ship
441399000,IMO9323508,Container Ship (Fully Cellular),75308.0,Container Ship
441467000,IMO9445980,Vehicles Carrier,70834.0,Other Cargo
441486000,IMO9637260,Container Ship (Fully Cellular),142620.0,Container Ship
441487000,IMO9626003,Bulk Carrier,24504.0,Bulk Carrier
441553000,IMO9470313,Bulk Carrier,17018.0,Bulk Carrier
441642000,IMO9605724,Bulk Carrier,35297.0,Bulk Carrier
441688000,IMO9491379,Bulk Carrier,31763.0,Bulk Carrier
441701000,IMO9312755,Container Ship (Fully Cellular),74962.0,Container Ship
441708000,IMO9626015,Bulk Carrier,24504.0,Bulk Carrier
441722000,IMO9176632,Vehicles Carrier,55729.0,Other Cargo
441736000,IMO9347592,Container Ship (Fully Cellular),53100.0,Container Ship
441754000,IMO9637258,Container Ship (Fully Cellular),142620.0,Container Ship
441866000,IMO9312822,Vehicles Carrier,57415.0,Other Cargo
441947000,IMO9203576,Vehicles Carrier,71383.0,Other Cargo
441981000,IMO9637222,Container Ship (Fully Cellular),142620.0,Container Ship
441992000,IMO9122966,Vehicles Carrier,55680.0,Other Cargo
441995000,IMO9203590,Vehicles Carrier,55719.0,Other Cargo
447928700,IMO9359038,Container Ship (Fully Cellular),99002.0,Container Ship
466214000,IMO9317535,Bulk Carrier,46462.0,Bulk Carrier
477001100,IMO9619464,Container Ship (Fully Cellular),94453.0,Container Ship
477001300,IMO9644524,General Cargo Ship (Open Hatch),37441.0,Other Cargo
477001700,IMO9484364,Container Ship (Fully Cellular),40465.0,Container Ship
477002200,IMO9708461,Container Ship (Fully Cellular),145136.0,Container Ship
477002800,IMO9751315,Bulk Carrier,25622.0,Bulk Carrier
477003800,IMO9377963,Bulk Carrier,20987.0,Bulk Carrier
477004700,IMO9484405,Container Ship (Fully Cellular),40465.0,Container Ship
477006100,IMO9723514,Bulk Carrier,94528.0,Bulk Carrier
477006500,IMO9684641,Container Ship (Fully Cellular),145324.0,Container Ship
477007300,IMO8414738,Heavy Load Carrier,37879.0,Other Cargo
477010300,IMO9628324,Container Ship (Fully Cellular),42020.0,Container Ship
477013700,IMO9256353,Bulk Carrier,16978.0,Bulk Carrier
477014600,IMO9227027,Container Ship (Fully Cellular),39941.0,Container Ship
477014800,IMO9224300,Container Ship (Fully Cellular),39941.0,Container Ship
477014900,IMO9290115,Container Ship (Fully Cellular),39941.0,Container Ship
477015100,IMO1039357,Bulk Carrier,25171.0,Bulk Carrier
477015800,IMO9989340,Bulk Carrier,25198.0,Bulk Carrier
477018000,IMO9233466,General Cargo Ship (Open Hatch),29867.0,Other Cargo
477019300,IMO1038391,Bulk Carrier,25171.0,Bulk Carrier
477019400,IMO9621895,Bulk Carrier,24167.0,Bulk Carrier
477019500,IMO1045227,Bulk Carrier,25171.0,Bulk Carrier
477019600,IMO9304382,Bulk Carrier,30669.0,Bulk Carrier
477019800,IMO9988346,Bulk Carrier,44081.0,Bulk Carrier
477020200,IMO9290103,Container Ship (Fully Cellular),39941.0,Container Ship
477020700,IMO9290127,Container Ship (Fully Cellular),39941.0,Container Ship
477021700,IMO9796999,Bulk Carrier,34590.0,Bulk Carrier
477023200,IMO9751339,Bulk Carrier,36413.0,Bulk Carrier
477023400,IMO9755476,Bulk Carrier,32625.0,Bulk Carrier
477023500,IMO9726176,Bulk Carrier,23275.0,Bulk Carrier
477023600,IMO9782015,Bulk Carrier,31863.0,Bulk Carrier
477025400,IMO9949716,Container Ship (Fully Cellular),159260.0,Container Ship
477025500,IMO1044508,Bulk Carrier,25171.0,Bulk Carrier
477027300,IMO9747508,Bulk Carrier,36378.0,Bulk Carrier
477027400,IMO9747522,Bulk Carrier,36378.0,Bulk Carrier
477027500,IMO9751365,Bulk Carrier,24198.0,Bulk Carrier
477027600,IMO9721578,Bulk Carrier,24785.0,Bulk Carrier
477030700,IMO9516416,Container Ship (Fully Cellular),154592.0,Container Ship
477030800,IMO9659189,General Cargo Ship (Open Hatch),23749.0,Other Cargo
477035100,IMO9789922,Bulk Carrier,31863.0,Bulk Carrier
477035200,IMO9731896,Bulk Carrier,36449.0,Bulk Carrier
477035400,IMO9780603,Bulk Carrier,34558.0,Bulk Carrier
477035500,IMO9780615,Bulk Carrier,34558.0,Bulk Carrier
477040800,IMO9272230,General Cargo Ship,24167.0,Other Cargo
477044300,IMO8414726,Heavy Load Carrier,37879.0,Other Cargo
477045400,IMO9728370,Bulk Carrier,21545.0,Bulk Carrier
477046800,IMO9335886,Bulk Carrier,19831.0,Bulk Carrier
477049800,IMO9444924,Bulk Carrier,17018.0,Bulk Carrier
477050400,IMO9642772,Bulk Carrier,44543.0,Bulk Carrier
477050700,IMO9609457,General Cargo Ship (Open Hatch),37441.0,Other Cargo
477050800,IMO9611931,Bulk Carrier,43838.0,Bulk Carrier
477051600,IMO9593713,Bulk Carrier,31540.0,Bulk Carrier
477056400,IMO9334923,Container Ship (Fully Cellular),116739.0,Container Ship
477057400,IMO9751341,Bulk Carrier,36413.0,Bulk Carrier
477058200,IMO9401788,General Cargo Ship (Open Hatch),29758.0,Other Cargo
477065200,IMO9472127,Container Ship (Fully Cellular),141823.0,Container Ship
477066200,IMO9727285,,,Other Cargo
477066700,IMO9713337,Container Ship (Fully Cellular),113042.0,Container Ship
477067800,IMO9477907,Container Ship (Fully Cellular),91953.0,Container Ship
477067900,IMO9486087,Container Ship (Fully Cellular),92111.0,Container Ship
477070400,IMO9290892,Bulk Carrier,31336.0,Bulk Carrier
477071700,IMO9385972,Container Ship (Fully Cellular),26404.0,Container Ship
477076500,IMO9317406,General Cargo Ship (Open Hatch),29758.0,Other Cargo
477077800,IMO9484326,Container Ship (Fully Cellular),40447.0,Container Ship
477078100,IMO9712905,Bulk Carrier,34654.0,Bulk Carrier
477078300,IMO9712216,Bulk Carrier,36322.0,Bulk Carrier
477078900,IMO9712515,Bulk Carrier,36449.0,Bulk Carrier
477083800,IMO9525376,Container Ship (Fully Cellular),50714.0,Container Ship
477085400,IMO9989352,Bulk Carrier,25198.0,Bulk Carrier
477090000,IMO9278868,Bulk Carrier,30124.0,Bulk Carrier
477091500,IMO9568914,Bulk Carrier,94710.0,Bulk Carrier
477095300,IMO9615561,Bulk Carrier,33055.0,Bulk Carrier
477096100,IMO9609500,Bulk Carrier,42960.0,Bulk Carrier
477096900,IMO9542661,Bulk Carrier,19801.0,Bulk Carrier
477098100,IMO9631474,Bulk Carrier,32975.0,Bulk Carrier
477100300,IMO9757840,Container Ship (Fully Cellular),154300.0,Container Ship
477102200,IMO9380764,General Cargo Ship (Open Hatch),29758.0,Other Cargo
477103900,IMO9599119,Bulk Carrier,52186.0,Bulk Carrier
477105200,IMO9317418,General Cargo Ship (Open Hatch),29758.0,Other Cargo
477105300,IMO9301794,Container Ship (Fully Cellular),39941.0,Container Ship
477105600,IMO9300790,Container Ship (Fully Cellular),89010.0,Container Ship
477106800,IMO9301809,Container Ship (Fully Cellular),39941.0,Container Ship
477107200,IMO9355551,Container Ship (Fully Cellular),116739.0,Container Ship
477108100,IMO9472141,Container Ship (Fully Cellular),141823.0,Container Ship
477108600,IMO9451343,General Cargo Ship,20454.0,Other Cargo
477108700,IMO9438614,Bulk Carrier,41586.0,Bulk Carrier
477108800,IMO9537006,General Cargo Ship (Open Hatch),21483.0,Other Cargo
477111800,IMO9385984,Container Ship (Fully Cellular),26404.0,Container Ship
477112100,IMO9731901,Bulk Carrier,36449.0,Bulk Carrier
477112200,IMO9712462,Bulk Carrier,21801.0,Bulk Carrier
477112700,IMO9768605,Bulk Carrier,44029.0,Bulk Carrier
477114300,IMO9377987,Bulk Carrier,20987.0,Bulk Carrier
477116400,IMO9949728,Container Ship (Fully Cellular),159260.0,Container Ship
477116500,IMO9949766,Container Ship (Fully Cellular),159260.0,Container Ship
477117300,IMO9591533,Bulk Carrier,41605.0,Bulk Carrier
477117400,IMO9645877,Container Ship (Fully Cellular),116603.0,Container Ship
477117900,IMO9645891,Container Ship (Fully Cellular),116568.0,Container Ship
477118400,IMO9502336,General Cargo Ship (Open Hatch),37441.0,Other Cargo
477121800,IMO9668922,Bulk Carrier,32424.0,Bulk Carrier
477123700,IMO9624108,Bulk Carrier,44029.0,Bulk Carrier
477123800,IMO9624093,Bulk Carrier,44029.0,Bulk Carrier
477124900,IMO9302891,Container Ship (Fully Cellular),98648.0,Container Ship
477127700,IMO9507532,Bulk Carrier,93452.0,Bulk Carrier
477127900,IMO9685358,Container Ship (Fully Cellular),113042.0,Container Ship
477128700,IMO9949778,Container Ship (Fully Cellular),159260.0,Container Ship
477128800,IMO9949730,Container Ship (Fully Cellular),159260.0,Container Ship
477129300,IMO9708447,Container Ship (Fully Cellular),145136.0,Container Ship
477131300,IMO9748370,Bulk Carrier,34921.0,Bulk Carrier
477131400,IMO9668910,Bulk Carrier,32432.0,Bulk Carrier
477131700,IMO9734733,Bulk Carrier,44120.0,Bulk Carrier
477133300,IMO9397858,Bulk Carrier,31345.0,Bulk Carrier
477133400,IMO9683441,Bulk Carrier,34516.0,Bulk Carrier
477133500,IMO9638434,Bulk Carrier,23405.0,Bulk Carrier
477133700,IMO9200823,Container Ship (Fully Cellular),54668.0,Container Ship
477133800,IMO9300178,Bulk Carrier,19885.0,Bulk Carrier
477135600,IMO9472189,Container Ship (Fully Cellular),141823.0,Container Ship
477136800,IMO9355563,Container Ship (Fully Cellular),116739.0,Container Ship
477137300,IMO9731377,General Cargo Ship,24778.0,Other Cargo
477137800,IMO9751377,Bulk Carrier,24198.0,Bulk Carrier
477138100,IMO9945899,Container Ship (Fully Cellular),157741.0,Container Ship
477138900,IMO9949780,Container Ship (Fully Cellular),159260.0,Container Ship
477139500,IMO9731975,Bulk Carrier,36449.0,Bulk Carrier
477139600,IMO9792876,Bulk Carrier,25711.0,Bulk Carrier
477140100,IMO9949742,Container Ship (Fully Cellular),159260.0,Container Ship
477141200,IMO9386005,Container Ship (Fully Cellular),26404.0,Container Ship
477141700,IMO8700242,Heavy Load Carrier,38255.0,Other Cargo
477142300,IMO9472206,Vehicles Carrier,72408.0,Other Cargo
477142900,IMO9767845,General Cargo Ship (Open Hatch),31164.0,Other Cargo
477143900,IMO9377999,Bulk Carrier,20987.0,Bulk Carrier
477145400,IMO1097086,General Cargo Ship,9963.0,Other Cargo
477145900,IMO9945904,Container Ship (Fully Cellular),157741.0,Container Ship
477147300,IMO9816567,Bulk Carrier,23303.0,Bulk Carrier
477147400,IMO9663269,Bulk Carrier,23393.0,Bulk Carrier
477147800,IMO9722065,Bulk Carrier,36357.0,Bulk Carrier
477148700,IMO9757864,Container Ship (Fully Cellular),154300.0,Container Ship
477148900,IMO9731987,Bulk Carrier,36449.0,Bulk Carrier
477150300,IMO9740134,Bulk Carrier,36415.0,Bulk Carrier
477150500,IMO9644835,Bulk Carrier,36295.0,Bulk Carrier
477150800,IMO9802308,Bulk Carrier,35684.0,Bulk Carrier
477151500,IMO9502348,General Cargo Ship (Open Hatch),37441.0,Other Cargo
477151900,IMO9800623,Bulk Carrier,25561.0,Bulk Carrier
477153200,IMO9786047,Bulk Carrier,25330.0,Bulk Carrier
477156100,IMO9949792,Container Ship (Fully Cellular),159260.0,Container Ship
477156900,IMO9945916,Container Ship (Fully Cellular),157741.0,Container Ship
477157500,IMO9792888,Bulk Carrier,25711.0,Bulk Carrier
477157600,IMO9767857,General Cargo Ship (Open Hatch),31164.0,Other Cargo
477157700,IMO9767998,Container Ship (Fully Cellular),113509.0,Container Ship
477157900,IMO9741126,General Cargo Ship,11619.0,Other Cargo
477159100,IMO9778131,Container Ship (Fully Cellular),113509.0,Container Ship
477160100,IMO9272216,General Cargo Ship,24167.0,Other Cargo
477162100,IMO9727663,Bulk Carrier,36378.0,Bulk Carrier
477162800,IMO9740158,Bulk Carrier,36415.0,Bulk Carrier
477166100,IMO9758492,Bulk Carrier,43017.0,Bulk Carrier
477166300,IMO9778129,Container Ship (Fully Cellular),113509.0,Container Ship
477166600,IMO9757876,Container Ship (Fully Cellular),154300.0,Container Ship
477166700,IMO9768007,Container Ship (Fully Cellular),113509.0,Container Ship
477166800,IMO9811505,Bulk Carrier,22734.0,Bulk Carrier
477167100,IMO9595711,Bulk Carrier,40913.0,Bulk Carrier
477168200,IMO9792890,Bulk Carrier,25711.0,Bulk Carrier
477168400,IMO9785744,Container Ship (Fully Cellular),143179.0,Container Ship
477168600,IMO9543251,Bulk Carrier,20924.0,Bulk Carrier
477170400,IMO9434905,Container Ship (Fully Cellular),26836.0,Container Ship
477172300,IMO9598995,Bulk Carrier,20969.0,Bulk Carrier
477172600,IMO9840790,Bulk Carrier,35035.0,Bulk Carrier
477172900,IMO9792905,Bulk Carrier,25711.0,Bulk Carrier
477173100,IMO9482483,Bulk Carrier,32505.0,Bulk Carrier
477174600,IMO9525479,Container Ship (Fully Cellular),50714.0,Container Ship
477174900,IMO9525388,Container Ship (Fully Cellular),50714.0,Container Ship
477176300,IMO9520912,Bulk Carrier,32305.0,Bulk Carrier
477176800,IMO9361782,Bulk Carrier,19817.0,Bulk Carrier
477177400,IMO9378008,Bulk Carrier,20987.0,Bulk Carrier
477177900,IMO8700254,Heavy Load Carrier,38255.0,Other Cargo
477178200,IMO9334662,Container Ship (Fully Cellular),94055.0,Container Ship
477178400,IMO9332511,Container Ship (Fully Cellular),94055.0,Container Ship
477181700,IMO9708174,Bulk Carrier,36415.0,Bulk Carrier
477181800,IMO9760354,Bulk Carrier,23872.0,Bulk Carrier
477182200,IMO9622588,Container Ship (Fully Cellular),141003.0,Container Ship
477182300,IMO9622590,Container Ship (Fully Cellular),141795.0,Container Ship
477183100,IMO9811517,Bulk Carrier,22734.0,Bulk Carrier
477183200,IMO9735842,Bulk Carrier,36367.0,Bulk Carrier
477183400,IMO9801720,Bulk Carrier,35606.0,Bulk Carrier
477183500,IMO9792917,Bulk Carrier,25711.0,Bulk Carrier
477183600,IMO9735830,Bulk Carrier,36367.0,Bulk Carrier
477183900,IMO9785768,Container Ship (Fully Cellular),143179.0,Container Ship
477188500,IMO9619737,General Cargo Ship (Open Hatch),22863.0,Other Cargo
477189300,IMO9355575,Container Ship (Fully Cellular),116897.0,Container Ship
477191600,IMO9767895,General Cargo Ship (Open Hatch),31257.0,Other Cargo
477193700,IMO9703538,General Cargo Ship,25471.0,Other Cargo
477194600,IMO9757888,Container Ship (Fully Cellular),154300.0,Container Ship
477194800,IMO9785809,Container Ship (Fully Cellular),143179.0,Container Ship
477195100,IMO9235531,Container Ship (Fully Cellular),50686.0,Container Ship
477195600,IMO9580039,Bulk Carrier,19836.0,Bulk Carrier
477195700,IMO9610731,Bulk Carrier,32377.0,Bulk Carrier
477195800,IMO9610717,Bulk Carrier,24428.0,Bulk Carrier
477195900,IMO9659892,Bulk Carrier,23268.0,Bulk Carrier
477196100,IMO9591674,Bulk Carrier,44325.0,Bulk Carrier
477196900,IMO9539365,General Cargo Ship,14859.0,Other Cargo
477197100,IMO9434917,Container Ship (Fully Cellular),26836.0,Container Ship
477197600,IMO9379935,Bulk Carrier,20987.0,Bulk Carrier
477198000,IMO9144354,General Cargo Ship (Open Hatch),29381.0,Other Cargo
477201900,IMO8710182,Heavy Load Carrier,38255.0,Other Cargo
477202800,IMO9520962,Bulk Carrier,32433.0,Bulk Carrier
477203100,IMO9622605,Container Ship (Fully Cellular),141003.0,Container Ship
477207300,IMO9402627,Container Ship (Fully Cellular),26532.0,Container Ship
477207400,IMO9437385,Container Ship (Fully Cellular),40541.0,Container Ship
477207600,IMO9443487,Container Ship (Fully Cellular),40489.0,Container Ship
477207700,IMO9407134,Container Ship (Fully Cellular),54940.0,Container Ship
477209200,IMO9684471,Bulk Carrier,34612.0,Bulk Carrier
477209500,IMO9675781,Bulk Carrier,34803.0,Bulk Carrier
477209900,IMO9684469,Bulk Carrier,34612.0,Bulk Carrier
477211100,IMO9355355,Container Ship (Fully Cellular),35819.0,Container Ship
477211700,IMO9584243,Bulk Carrier,20969.0,Bulk Carrier
477213800,IMO9492713,Container Ship (Fully Cellular),46444.0,Container Ship
477214400,IMO9328481,Container Ship (Fully Cellular),35991.0,Container Ship
477214700,IMO9300805,Container Ship (Fully Cellular),89010.0,Container Ship
477214800,IMO9312664,Bulk Carrier,19796.0,Bulk Carrier
477219700,IMO9669615,Bulk Carrier,23405.0,Bulk Carrier
477219900,IMO9516430,Container Ship (Fully Cellular),154592.0,Container Ship
477220100,IMO9627980,Container Ship (Fully Cellular),141795.0,Container Ship
477220200,IMO9627978,Container Ship (Fully Cellular),141795.0,Container Ship
477220600,IMO9302841,Bulk Carrier,31360.0,Bulk Carrier
477222700,IMO9622617,Container Ship (Fully Cellular),141795.0,Container Ship
477222900,IMO9621144,Bulk Carrier,95086.0,Bulk Carrier
477224600,IMO9591997,Bulk Carrier,41254.0,Bulk Carrier
477224800,IMO9613874,General Cargo Ship (Open Hatch),37499.0,Other Cargo
477230100,IMO9722338,Bulk Carrier,36294.0,Bulk Carrier
477230200,IMO9721073,Bulk Carrier,36353.0,Bulk Carrier
477230300,IMO9720976,Bulk Carrier,36353.0,Bulk Carrier
477230400,IMO9721061,Bulk Carrier,36353.0,Bulk Carrier
477231100,IMO9710892,Bulk Carrier,34612.0,Bulk Carrier
477231500,IMO9663271,Bulk Carrier,23393.0,Bulk Carrier
477232200,IMO9785794,Container Ship (Fully Cellular),143179.0,Container Ship
477233300,IMO9785756,Container Ship (Fully Cellular),143179.0,Container Ship
477233600,IMO9830068,Bulk Carrier,44153.0,Bulk Carrier
477234300,IMO9740108,Bulk Carrier,36415.0,Bulk Carrier
477234900,IMO9782041,Bulk Carrier,22417.0,Bulk Carrier
477243200,IMO9610729,Bulk Carrier,32356.0,Bulk Carrier
477244300,IMO9846251,Bulk Carrier,23232.0,Bulk Carrier
477244400,IMO9767900,General Cargo Ship (Open Hatch),31257.0,Other Cargo
477250100,IMO9438638,Bulk Carrier,41586.0,Bulk Carrier
477252500,IMO9701059,Bulk Carrier,23275.0,Bulk Carrier
477252600,IMO9400289,Container Ship (Fully Cellular),91354.0,Container Ship
477252700,IMO9751298,Bulk Carrier,25622.0,Bulk Carrier
477257100,IMO9645853,Container Ship (Fully Cellular),116603.0,Container Ship
477264900,IMO9473406,Bulk Carrier,20763.0,Bulk Carrier
477266700,IMO9587178,Bulk Carrier,20867.0,Bulk Carrier
477266900,IMO9448815,Container Ship (Fully Cellular),91051.0,Container Ship
477269200,IMO9848522,Bulk Carrier,44114.0,Bulk Carrier
477269400,IMO9785811,Container Ship (Fully Cellular),143179.0,Container Ship
477271100,IMO9683257,Bulk Carrier,94742.0,Bulk Carrier
477271300,IMO9645906,Container Ship (Fully Cellular),116568.0,Container Ship
477271400,IMO9516466,Container Ship (Fully Cellular),154592.0,Container Ship
477271600,IMO9268928,Bulk Carrier,19829.0,Bulk Carrier
477271700,IMO9715311,Bulk Carrier,41073.0,Bulk Carrier
477271800,IMO9666053,Bulk Carrier,36467.0,Bulk Carrier
477271900,IMO9685322,Container Ship (Fully Cellular),113042.0,Container Ship
477280900,IMO9284001,Bulk Carrier,19887.0,Bulk Carrier
477282600,IMO9343481,General Cargo Ship (Open Hatch),29758.0,Other Cargo
477283000,IMO9117741,General Cargo Ship (Open Hatch),36463.0,Other Cargo
477286200,IMO9785770,Container Ship (Fully Cellular),143179.0,Container Ship
477286300,IMO9785782,Container Ship (Fully Cellular),143179.0,Container Ship
477286400,IMO9496147,Bulk Carrier,32426.0,Bulk Carrier
477286800,IMO9830070,Bulk Carrier,44153.0,Bulk Carrier
477287000,IMO9074078,General Cargo Ship (Open Hatch),29381.0,Other Cargo
477288000,IMO9245196,Bulk Carrier,30053.0,Bulk Carrier
477289300,IMO9707625,Bulk Carrier,32452.0,Bulk Carrier
477293100,IMO9627992,Container Ship (Fully Cellular),141535.0,Container Ship
477293200,IMO9628001,Container Ship (Fully Cellular),141712.0,Container Ship
477293400,IMO9611711,Bulk Carrier,45263.0,Bulk Carrier
477293500,IMO9611709,Bulk Carrier,45263.0,Bulk Carrier
477293600,IMO9642045,Bulk Carrier,20969.0,Bulk Carrier
477293900,IMO9645865,Container Ship (Fully Cellular),116603.0,Container Ship
477300100,IMO9663855,Bulk Carrier,23452.0,Bulk Carrier
477300600,IMO9683245,Bulk Carrier,94742.0,Bulk Carrier
477300800,IMO9470399,Bulk Carrier,41718.0,Bulk Carrier
477301100,IMO9747558,Bulk Carrier,41872.0,Bulk Carrier
477301400,IMO9747546,Bulk Carrier,41872.0,Bulk Carrier
477301500,IMO9738492,Bulk Carrier,36429.0,Bulk Carrier
477302100,IMO9496214,Bulk Carrier,32413.0,Bulk Carrier
477302200,IMO9320013,Container Ship (Fully Cellular),25650.0,Container Ship
477302500,IMO9439747,Container Ship (Fully Cellular),39906.0,Container Ship
477305100,IMO9642186,Bulk Carrier,23264.0,Bulk Carrier
477305900,IMO9619476,Container Ship (Fully Cellular),94453.0,Container Ship
477307300,IMO9465306,Container Ship (Fully Cellular),142740.0,Container Ship
477307400,IMO9465318,Container Ship (Fully Cellular),142740.0,Container Ship
477307800,IMO9728681,Bulk Carrier,36353.0,Bulk Carrier
477307900,IMO9739666,Container Ship (Fully Cellular),113042.0,Container Ship
477308100,IMO9789623,Container Ship (Fully Cellular),197658.0,Container Ship
477308200,IMO9753296,Bulk Carrier,25569.0,Bulk Carrier
477308400,IMO9320001,Container Ship (Fully Cellular),25406.0,Container Ship
477308800,IMO9753272,Bulk Carrier,25569.0,Bulk Carrier
477311200,IMO9497268,Bulk Carrier,64769.0,Bulk Carrier
477311400,IMO9603972,Bulk Carrier,43974.0,Bulk Carrier
477312300,IMO9808651,General Cargo Ship (Open Hatch),37441.0,Other Cargo
477312900,IMO9520924,Bulk Carrier,32440.0,Bulk Carrier
477314200,IMO9718624,Bulk Carrier,31863.0,Bulk Carrier
477314800,IMO9728332,Bulk Carrier,21532.0,Bulk Carrier
477318100,IMO9748801,Bulk Carrier,44120.0,Bulk Carrier
477318400,IMO9196852,Container Ship (Fully Cellular),74586.0,Container Ship
477318500,IMO9426336,Bulk Carrier,34028.0,Bulk Carrier
477318600,IMO9421439,Bulk Carrier,34028.0,Bulk Carrier
477318700,IMO9197545,Container Ship (Fully Cellular),74583.0,Container Ship
477319300,IMO9484376,Container Ship (Fully Cellular),40465.0,Container Ship
477319400,IMO9613862,General Cargo Ship (Open Hatch),37499.0,Other Cargo
477326100,IMO9830082,Bulk Carrier,44153.0,Bulk Carrier
477326600,IMO9854337,Bulk Carrier,36287.0,Bulk Carrier
477327200,IMO9649304,Bulk Carrier,44138.0,Bulk Carrier
477327700,IMO9748813,Bulk Carrier,44120.0,Bulk Carrier
477327800,IMO9847205,Bulk Carrier,44196.0,Bulk Carrier
477328800,IMO9615482,Bulk Carrier,33044.0,Bulk Carrier
477333100,IMO9734721,Bulk Carrier,44120.0,Bulk Carrier
477333200,IMO9752424,Bulk Carrier,36272.0,Bulk Carrier
477333300,IMO9440930,Bulk Carrier,32457.0,Bulk Carrier
477333600,IMO9726190,Bulk Carrier,23275.0,Bulk Carrier
477333700,IMO9791963,Bulk Carrier,23432.0,Bulk Carrier
477335300,IMO9603489,Bulk Carrier,33188.0,Bulk Carrier
477340200,IMO9584217,Bulk Carrier,20969.0,Bulk Carrier
477340500,IMO9592434,Bulk Carrier,104361.0,Bulk Carrier
477346500,IMO9535163,Container Ship (Fully Cellular),59307.0,Container Ship
477347400,IMO9704635,Container Ship (Fully Cellular),145324.0,Container Ship
477347500,IMO9738090,Bulk Carrier,24748.0,Bulk Carrier
477348300,IMO9739678,Container Ship (Fully Cellular),113042.0,Container Ship
477348500,IMO9244934,Container Ship (Fully Cellular),74656.0,Container Ship
477351500,IMO9495076,Bulk Carrier,64123.0,Bulk Carrier
477351600,IMO9311402,Bulk Carrier,19791.0,Bulk Carrier
477369100,IMO9860221,Bulk Carrier,34508.0,Bulk Carrier
477379000,IMO9121297,General Cargo Ship (Open Hatch),29381.0,Other Cargo
477387400,IMO9487081,Bulk Carrier,19993.0,Bulk Carrier
477387500,IMO9418303,Bulk Carrier,19993.0,Bulk Carrier
477390100,IMO9695224,General Cargo Ship,22362.0,Other Cargo
477390200,IMO9591557,Bulk Carrier,41605.0,Bulk Carrier
477390300,IMO9630406,Container Ship (Fully Cellular),112967.0,Container Ship
477392200,IMO9523299,Bulk Carrier,43013.0,Bulk Carrier
477392700,IMO9860233,Bulk Carrier,34508.0,Bulk Carrier
477397800,IMO9472177,Container Ship (Fully Cellular),141823.0,Container Ship
477398000,IMO9200421,General Cargo Ship (Open Hatch),29729.0,Other Cargo
477399500,IMO8700266,"Heavy Load Carrier, semi submersible",40015.0,Other Cargo
477401700,IMO9614969,Bulk Carrier,34795.0,Bulk Carrier
477407100,IMO9331907,Bulk Carrier,31304.0,Bulk Carrier
477407900,IMO9630377,Container Ship (Fully Cellular),113012.0,Container Ship
477410100,IMO9537630,Bulk Carrier,43506.0,Bulk Carrier
477410500,IMO9838448,Bulk Carrier,34896.0,Bulk Carrier
477410800,IMO9800439,Bulk Carrier,35040.0,Bulk Carrier
477410900,IMO9847396,Bulk Carrier,44196.0,Bulk Carrier
477413200,IMO9637430,Bulk Carrier,22402.0,Bulk Carrier
477423100,IMO9525467,Container Ship (Fully Cellular),50869.0,Container Ship
477424800,IMO9493640,Bulk Carrier,41073.0,Bulk Carrier
477427300,IMO9619842,Bulk Carrier,42114.0,Bulk Carrier
477427500,IMO9516404,Container Ship (Fully Cellular),154592.0,Container Ship
477427600,IMO9610676,Bulk Carrier,24428.0,Bulk Carrier
477430100,IMO9708459,Container Ship (Fully Cellular),145136.0,Container Ship
477434500,IMO9615676,Bulk Carrier,32964.0,Bulk Carrier
477435600,IMO9336751,General Cargo Ship (Open Hatch),20211.0,Other Cargo
477441300,IMO9719903,Bulk Carrier,94528.0,Bulk Carrier
477441400,IMO9630389,Container Ship (Fully Cellular),113012.0,Container Ship
477441500,IMO9638410,Bulk Carrier,23405.0,Bulk Carrier
477441800,IMO9645889,Container Ship (Fully Cellular),116603.0,Container Ship
477444300,IMO9638484,Bulk Carrier,33188.0,Bulk Carrier
477444500,IMO9613850,General Cargo Ship (Open Hatch),37499.0,Other Cargo
477444700,IMO9610664,Bulk Carrier,24428.0,Bulk Carrier
477454100,IMO9684665,Container Ship (Fully Cellular),145324.0,Container Ship
477454300,IMO9431898,Bulk Carrier,22837.0,Bulk Carrier
477454600,IMO9736286,Bulk Carrier,44329.0,Bulk Carrier
477454900,IMO9613587,Container Ship (Fully Cellular),92111.0,Container Ship
477462400,IMO9535187,Container Ship (Fully Cellular),59307.0,Container Ship
477462500,IMO9593725,Bulk Carrier,31540.0,Bulk Carrier
477462800,IMO9636943,Bulk Carrier,20954.0,Bulk Carrier
477464100,IMO9655846,Bulk Carrier,22434.0,Bulk Carrier
477464200,IMO9640671,Bulk Carrier,44315.0,Bulk Carrier
477464400,IMO9484340,Container Ship (Fully Cellular),40465.0,Container Ship
477464500,IMO9484352,Container Ship (Fully Cellular),40465.0,Container Ship
477468300,IMO9847401,Bulk Carrier,44196.0,Bulk Carrier
477468500,IMO9872523,Bulk Carrier,34573.0,Bulk Carrier
477468600,IMO9872511,Bulk Carrier,34573.0,Bulk Carrier
477468700,IMO9844992,Bulk Carrier,21546.0,Bulk Carrier
477468800,IMO9640059,Bulk Carrier,34794.0,Bulk Carrier
477468900,IMO9840673,Bulk Carrier,41766.0,Bulk Carrier
477477200,IMO9715191,Bulk Carrier,24785.0,Bulk Carrier
477477300,IMO9702716,Bulk Carrier,43007.0,Bulk Carrier
477477500,IMO9712199,Bulk Carrier,36322.0,Bulk Carrier
477478500,IMO9370147,General Cargo Ship (Open Hatch),20238.0,Other Cargo
477478700,IMO9713349,Container Ship (Fully Cellular),113496.0,Container Ship
477486300,IMO9658953,General Cargo Ship (Open Hatch),37441.0,Other Cargo
477493100,IMO9458224,Bulk Carrier,33188.0,Bulk Carrier
477493200,IMO9459644,Bulk Carrier,33188.0,Bulk Carrier
477510600,IMO9244946,Container Ship (Fully Cellular),74656.0,Container Ship
477514700,IMO9589229,Bulk Carrier,18465.0,Bulk Carrier
477518100,IMO9657870,Bulk Carrier,24785.0,Bulk Carrier
477518300,IMO9657844,Bulk Carrier,24785.0,Bulk Carrier
477518500,IMO9698599,Bulk Carrier,36317.0,Bulk Carrier
477519900,IMO9610705,Bulk Carrier,24428.0,Bulk Carrier
477520600,IMO9263071,Bulk Carrier,28795.0,Bulk Carrier
477520900,IMO9294202,Bulk Carrier,29407.0,Bulk Carrier
477521100,IMO9868443,Bulk Carrier,23309.0,Bulk Carrier
477521600,IMO9736406,Bulk Carrier,21801.0,Bulk Carrier
477524100,IMO9704609,Container Ship (Fully Cellular),145324.0,Container Ship
477524700,IMO9704611,Container Ship (Fully Cellular),145324.0,Container Ship
477524900,IMO9738088,Bulk Carrier,24748.0,Bulk Carrier
477527900,IMO9727651,Bulk Carrier,36378.0,Bulk Carrier
477528100,IMO9583017,Bulk Carrier,32540.0,Bulk Carrier
477528400,IMO9468293,Container Ship (Fully Cellular),106154.0,Container Ship
477528500,IMO9480552,Bulk Carrier,43024.0,Bulk Carrier
477534200,IMO9509516,Bulk Carrier,31532.0,Bulk Carrier
477537900,IMO9775165,Bulk Carrier,23303.0,Bulk Carrier
477547100,IMO9407146,Container Ship (Fully Cellular),54875.0,Container Ship
477548400,IMO9708162,Bulk Carrier,36415.0,Bulk Carrier
477552200,IMO9294393,Container Ship (Fully Cellular),50624.0,Container Ship
477552800,IMO9294381,Container Ship (Fully Cellular),50624.0,Container Ship
477554000,IMO9160798,General Cargo Ship (Open Hatch),29729.0,Other Cargo
477559900,IMO9457294,Bulk Carrier,32505.0,Bulk Carrier
477581100,IMO9328493,Container Ship (Fully Cellular),35991.0,Container Ship
477581400,IMO9301835,Container Ship (Fully Cellular),39941.0,Container Ship
477587000,IMO9160803,General Cargo Ship (Open Hatch),29729.0,Other Cargo
477588100,IMO9721554,Bulk Carrier,24785.0,Bulk Carrier
477588200,IMO9728356,Bulk Carrier,21532.0,Bulk Carrier
477591300,IMO9853888,Bulk Carrier,66786.0,Bulk Carrier
477591700,IMO9847413,Bulk Carrier,44196.0,Bulk Carrier
477594600,IMO9865893,Bulk Carrier,44196.0,Bulk Carrier
477595900,IMO9548548,Bulk Carrier,40896.0,Bulk Carrier
477598200,IMO9593751,Bulk Carrier,45271.0,Bulk Carrier
477598800,IMO9472165,Container Ship (Fully Cellular),141823.0,Container Ship
477607600,IMO9343493,General Cargo Ship (Open Hatch),29758.0,Other Cargo
477607700,IMO9310238,Container Ship (Fully Cellular),89010.0,Container Ship
477607709,IMO9310237,,,Other Cargo
477608600,IMO9670808,Bulk Carrier,40913.0,Bulk Carrier
477608700,IMO9660152,General Cargo Ship,13110.0,Other Cargo
477615400,IMO9433107,Bulk Carrier,33044.0,Bulk Carrier
477617600,IMO9417256,Container Ship (Fully Cellular),89631.0,Container Ship
477617700,IMO9417244,Container Ship (Fully Cellular),89010.0,Container Ship
477620100,IMO9712175,Bulk Carrier,36336.0,Bulk Carrier
477620800,IMO9740093,Bulk Carrier,36415.0,Bulk Carrier
477621200,IMO9539743,Bulk Carrier,18499.0,Bulk Carrier
477622700,IMO9548550,Bulk Carrier,40896.0,Bulk Carrier
477624100,IMO9447847,Container Ship (Fully Cellular),141328.0,Container Ship
477624800,IMO9850551,Container Ship (Fully Cellular),117340.0,Container Ship
477625400,IMO9447902,Container Ship (Fully Cellular),140259.0,Container Ship
477625500,IMO9853890,Bulk Carrier,66786.0,Bulk Carrier
477625700,IMO9088237,Vehicles Carrier,44219.0,Other Cargo
477625800,IMO9853905,Bulk Carrier,66630.0,Bulk Carrier
477627300,IMO9407158,Container Ship (Fully Cellular),54940.0,Container Ship
477629200,IMO9890628,Bulk Carrier,35812.0,Bulk Carrier
477629300,IMO9890654,Bulk Carrier,35812.0,Bulk Carrier
477630100,IMO9850563,Container Ship (Fully Cellular),117340.0,Container Ship
477630800,IMO9872470,Bulk Carrier,34573.0,Bulk Carrier
477631200,IMO9619866,Bulk Carrier,42114.0,Bulk Carrier
477631300,IMO9619878,Bulk Carrier,42114.0,Bulk Carrier
477632300,IMO9890604,Bulk Carrier,35812.0,Bulk Carrier
477632400,IMO9890616,Bulk Carrier,35812.0,Bulk Carrier
477633300,IMO9317793,Bulk Carrier,19796.0,Bulk Carrier
477634100,IMO9509528,Bulk Carrier,31532.0,Bulk Carrier
477634700,IMO9231810,Container Ship (Fully Cellular),53453.0,Container Ship
477634900,IMO9434943,Container Ship (Fully Cellular),26836.0,Container Ship
477636600,IMO9768954,Bulk Carrier,23175.0,Bulk Carrier
477636800,IMO9751327,Bulk Carrier,36413.0,Bulk Carrier
477636900,IMO9718636,Bulk Carrier,31863.0,Bulk Carrier
477637500,IMO9727077,Bulk Carrier,22385.0,Bulk Carrier
477637600,IMO9645920,Container Ship (Fully Cellular),116568.0,Container Ship
477637700,IMO9719915,Bulk Carrier,94528.0,Bulk Carrier
477638900,IMO9598177,Bulk Carrier,44373.0,Bulk Carrier
477639300,IMO9484546,Container Ship (Fully Cellular),47877.0,Container Ship
477639500,IMO9484558,Container Ship (Fully Cellular),47877.0,Container Ship
477641700,IMO9482471,Bulk Carrier,32505.0,Bulk Carrier
477648100,IMO9192442,Container Ship (Fully Cellular),27733.0,Container Ship
477648700,IMO9190781,Container Ship (Fully Cellular),50688.0,Container Ship
477648800,IMO9190755,Container Ship (Fully Cellular),50688.0,Container Ship
477652300,IMO9516428,Container Ship (Fully Cellular),154592.0,Container Ship
477652700,IMO9610688,Bulk Carrier,24428.0,Bulk Carrier
477654500,IMO9760598,Container Ship (Fully Cellular),18870.0,Container Ship
477654600,IMO9693214,Bulk Carrier,36336.0,Bulk Carrier
477655900,IMO9407160,Container Ship (Fully Cellular),54940.0,Container Ship
477657600,IMO9343510,General Cargo Ship (Open Hatch),29758.0,Other Cargo
477664600,IMO9190731,Container Ship (Fully Cellular),50688.0,Container Ship
477664800,IMO9874686,Bulk Carrier,94493.0,Bulk Carrier
477665200,IMO9190767,Container Ship (Fully Cellular),50688.0,Container Ship
477665400,IMO9850587,Container Ship (Fully Cellular),117340.0,Container Ship
477669100,IMO9721580,Bulk Carrier,24785.0,Bulk Carrier
477669400,IMO9788629,General Cargo Ship (Open Hatch),23882.0,Other Cargo
477669500,IMO9755464,Bulk Carrier,32625.0,Bulk Carrier
477681400,IMO9705316,Bulk Carrier,34447.0,Bulk Carrier
477681500,IMO9705287,Bulk Carrier,34447.0,Bulk Carrier
477681600,IMO9705299,Bulk Carrier,34447.0,Bulk Carrier
477681700,IMO9705304,Bulk Carrier,34447.0,Bulk Carrier
477681900,IMO9190743,Container Ship (Fully Cellular),50688.0,Container Ship
477684100,IMO9727637,Bulk Carrier,36378.0,Bulk Carrier
477684200,IMO9244922,Container Ship (Fully Cellular),74656.0,Container Ship
477684500,IMO9722431,Bulk Carrier,23506.0,Bulk Carrier
477684600,IMO9763631,General Cargo Ship (Open Hatch),23882.0,Other Cargo
477686200,IMO9284269,Bulk Carrier,31336.0,Bulk Carrier
477686700,IMO9197002,General Cargo Ship (Open Hatch),29729.0,Other Cargo
477686800,IMO9683439,Bulk Carrier,34558.0,Bulk Carrier
477690600,IMO9301847,Container Ship (Fully Cellular),39941.0,Container Ship
477691700,IMO9546899,Bulk Carrier,92247.0,Bulk Carrier
477692400,IMO9705134,Bulk Carrier,94455.0,Bulk Carrier
477692500,IMO9749831,Bulk Carrier,21538.0,Bulk Carrier
477692900,IMO9791951,Bulk Carrier,23506.0,Bulk Carrier
477694300,IMO9626053,Container Ship (Fully Cellular),41286.0,Container Ship
477696200,IMO9909091,Bulk Carrier,34508.0,Bulk Carrier
477696400,IMO9853917,Bulk Carrier,66630.0,Bulk Carrier
477696900,IMO9881677,General Cargo Ship (Open Hatch),40250.0,Other Cargo
477698600,IMO9516478,Container Ship (Fully Cellular),154592.0,Container Ship
477698700,IMO9685334,Container Ship (Fully Cellular),113042.0,Container Ship
477698900,IMO9666027,Bulk Carrier,36403.0,Bulk Carrier
477699600,IMO9630418,Container Ship (Fully Cellular),113531.0,Container Ship
477699700,IMO9720328,Bulk Carrier,36353.0,Bulk Carrier
477699800,IMO9720316,Bulk Carrier,36353.0,Bulk Carrier
477700500,IMO9317482,Bulk Carrier,26479.0,Bulk Carrier
477700600,IMO9438626,Bulk Carrier,41586.0,Bulk Carrier
477706100,IMO9913640,Bulk Carrier,35812.0,Bulk Carrier
477706300,IMO9909106,Bulk Carrier,34508.0,Bulk Carrier
477706700,IMO9913652,Bulk Carrier,35812.0,Bulk Carrier
477706900,IMO9850599,Container Ship (Fully Cellular),117340.0,Container Ship
477708100,IMO9675729,Bulk Carrier,23264.0,Bulk Carrier
477708500,IMO9910894,Bulk Carrier,44492.0,Bulk Carrier
477708600,IMO9874698,Bulk Carrier,94493.0,Bulk Carrier
477711300,IMO9446104,Container Ship (Fully Cellular),26836.0,Container Ship
477712200,IMO9715323,Bulk Carrier,41073.0,Bulk Carrier
477713100,IMO9715220,Bulk Carrier,24785.0,Bulk Carrier
477713200,IMO9702481,Bulk Carrier,109716.0,Bulk Carrier
477713300,IMO9738105,Bulk Carrier,24748.0,Bulk Carrier
477713800,IMO9710177,General Cargo Ship,24778.0,Other Cargo
477714100,IMO9461506,Container Ship (Fully Cellular),91761.0,Container Ship
477714200,IMO9726009,Bulk Carrier,35812.0,Bulk Carrier
477714300,IMO9190779,Container Ship (Fully Cellular),50688.0,Container Ship
477714400,IMO9726011,Bulk Carrier,35812.0,Bulk Carrier
477714600,IMO9461491,Container Ship (Fully Cellular),91761.0,Container Ship
477716400,IMO9853929,Bulk Carrier,66630.0,Bulk Carrier
477716500,IMO9566576,Bulk Carrier,33894.0,Bulk Carrier
477716800,IMO9913664,Bulk Carrier,35812.0,Bulk Carrier
477716900,IMO9911587,Bulk Carrier,49489.0,Bulk Carrier
477717300,IMO9913676,Bulk Carrier,35812.0,Bulk Carrier
477717700,IMO9284556,Bulk Carrier,29398.0,Bulk Carrier
477717800,IMO9874715,Bulk Carrier,94493.0,Bulk Carrier
477721800,IMO9605085,Bulk Carrier,23264.0,Bulk Carrier
477722300,IMO9911599,Bulk Carrier,49489.0,Bulk Carrier
477722600,IMO9853931,Bulk Carrier,66630.0,Bulk Carrier
477722800,IMO9919888,Bulk Carrier,44492.0,Bulk Carrier
477723500,IMO9460394,Bulk Carrier,34039.0,Bulk Carrier
477723800,IMO9570486,Bulk Carrier,34843.0,Bulk Carrier
477723900,IMO9682928,Bulk Carrier,23268.0,Bulk Carrier
477728400,IMO9162215,Container Ship (Fully Cellular),80942.0,Container Ship
477730100,IMO9738117,Bulk Carrier,24748.0,Bulk Carrier
477730900,IMO9728679,Bulk Carrier,36353.0,Bulk Carrier
477732100,IMO9641780,Bulk Carrier,23259.0,Bulk Carrier
477732300,IMO9544140,General Cargo Ship (Open Hatch),23950.0,Other Cargo
477732800,IMO9913688,Bulk Carrier,35812.0,Bulk Carrier
477733300,IMO9295153,Bulk Carrier,19789.0,Bulk Carrier
477735300,IMO9901790,Bulk Carrier,34736.0,Bulk Carrier
477735800,IMO9930909,General Cargo Ship,39433.0,Other Cargo
477735900,IMO9919357,Bulk Carrier,36121.0,Bulk Carrier
477737100,IMO9715206,Bulk Carrier,24785.0,Bulk Carrier
477737600,IMO9704623,Container Ship (Fully Cellular),145324.0,Container Ship
477737800,IMO9727871,Container Ship (Fully Cellular),113042.0,Container Ship
477738200,IMO9448762,Container Ship (Fully Cellular),91051.0,Container Ship
477738500,IMO9417268,Container Ship (Fully Cellular),90021.0,Container Ship
477738700,IMO9404869,Container Ship (Fully Cellular),40284.0,Container Ship
477739700,IMO9629639,Bulk Carrier,40913.0,Bulk Carrier
477742600,IMO9291212,Bulk Carrier,16960.0,Bulk Carrier
477742700,IMO9471240,Bulk Carrier,43822.0,Bulk Carrier
477745700,IMO9573854,Bulk Carrier,34844.0,Bulk Carrier
477746600,IMO9276200,Bulk Carrier,16960.0,Bulk Carrier
477746900,IMO9600839,Bulk Carrier,33044.0,Bulk Carrier
477748500,IMO9435038,Container Ship (Fully Cellular),26404.0,Container Ship
477748600,IMO9432127,General Cargo Ship,24142.0,Other Cargo
477748900,IMO9414905,Bulk Carrier,29104.0,Bulk Carrier
477752800,IMO9268942,Bulk Carrier,19829.0,Bulk Carrier
477752900,IMO9610755,Bulk Carrier,32377.0,Bulk Carrier
477754600,IMO9344681,Container Ship (Fully Cellular),22914.0,Container Ship
477759200,IMO9590230,Bulk Carrier,33042.0,Bulk Carrier
477764600,IMO9472153,Container Ship (Fully Cellular),141823.0,Container Ship
477765800,IMO9484261,Container Ship (Fully Cellular),40447.0,Container Ship
477767300,IMO9632296,Bulk Carrier,32962.0,Bulk Carrier
477767900,IMO9610743,Bulk Carrier,32435.0,Bulk Carrier
477769600,IMO9708435,Container Ship (Fully Cellular),145136.0,Container Ship
477770200,IMO9352042,Container Ship (Fully Cellular),92293.0,Container Ship
477770300,IMO9352030,Container Ship (Fully Cellular),92293.0,Container Ship
477770700,IMO9448774,Container Ship (Fully Cellular),91051.0,Container Ship
477776100,IMO9630365,Container Ship (Fully Cellular),112967.0,Container Ship
477776200,IMO9516442,Container Ship (Fully Cellular),154592.0,Container Ship
477790100,IMO9702704,Bulk Carrier,43007.0,Bulk Carrier
477790200,IMO9739082,Bulk Carrier,23872.0,Bulk Carrier
477790500,IMO9630420,Container Ship (Fully Cellular),113509.0,Container Ship
477790600,IMO9693197,Bulk Carrier,36336.0,Bulk Carrier
477792400,IMO9591832,Bulk Carrier,43951.0,Bulk Carrier
477793600,IMO9928877,General Cargo Ship (Open Hatch),40350.0,Other Cargo
477794000,IMO9218313,Bulk Carrier,19717.0,Bulk Carrier
477798100,IMO9930911,General Cargo Ship,39433.0,Other Cargo
477798500,IMO9913690,Bulk Carrier,35812.0,Bulk Carrier
477798700,IMO9632985,Bulk Carrier,34800.0,Bulk Carrier
477802200,IMO9445174,Bulk Carrier,33042.0,Bulk Carrier
477802700,IMO9531909,Container Ship (Fully Cellular),59307.0,Container Ship
477806000,IMO9199268,Container Ship (Fully Cellular),66677.0,Container Ship
477809700,IMO9934199,Bulk Carrier,36412.0,Bulk Carrier
477811300,IMO9913224,General Cargo Ship,38988.0,Other Cargo
477811800,IMO9919383,Bulk Carrier,54244.0,Bulk Carrier
477813200,IMO9629653,Bulk Carrier,41073.0,Bulk Carrier
477813300,IMO9584231,Bulk Carrier,20969.0,Bulk Carrier
477814100,IMO9571272,Bulk Carrier,22927.0,Bulk Carrier
477815200,IMO9351608,Container Ship (Fully Cellular),41225.0,Container Ship
477815300,IMO9418327,Bulk Carrier,19993.0,Bulk Carrier
477818000,IMO9014066,General Cargo Ship (Open Hatch),29381.0,Other Cargo
477829600,IMO9367621,Bulk Carrier,16951.0,Bulk Carrier
477829700,IMO9310240,Container Ship (Fully Cellular),89705.0,Container Ship
477830800,IMO9301859,Container Ship (Fully Cellular),39941.0,Container Ship
477832100,IMO9293868,Bulk Carrier,17979.0,Bulk Carrier
477832300,IMO9484390,Container Ship (Fully Cellular),40465.0,Container Ship
477832400,IMO9622629,Container Ship (Fully Cellular),141003.0,Container Ship
477832500,IMO9622631,Container Ship (Fully Cellular),141481.0,Container Ship
477832600,IMO9619854,Bulk Carrier,42114.0,Bulk Carrier
477836600,IMO9934175,Bulk Carrier,36412.0,Bulk Carrier
477842400,IMO9945473,Container Ship (Fully Cellular),114643.0,Container Ship
477842500,IMO9945485,Container Ship (Fully Cellular),114643.0,Container Ship
477845200,IMO9666041,Bulk Carrier,36467.0,Bulk Carrier
477845600,IMO9516454,Container Ship (Fully Cellular),154592.0,Container Ship
477846600,IMO9934357,Container Ship (Fully Cellular),154724.0,Container Ship
477848700,IMO9645918,Container Ship (Fully Cellular),116568.0,Container Ship
477849400,IMO9318319,Container Ship (Fully Cellular),50686.0,Container Ship
477849700,IMO9712931,Bulk Carrier,34654.0,Bulk Carrier
477850300,IMO9751303,Bulk Carrier,25622.0,Bulk Carrier
477850400,IMO9747510,Bulk Carrier,36378.0,Bulk Carrier
477850900,IMO9791884,Bulk Carrier,23432.0,Bulk Carrier
477851200,IMO9495064,Bulk Carrier,64123.0,Bulk Carrier
477851700,IMO9487043,General Cargo Ship (Open Hatch),19994.0,Other Cargo
477852800,IMO9423516,General Cargo Ship,14859.0,Other Cargo
477852900,IMO9587154,Bulk Carrier,20867.0,Bulk Carrier
477854900,IMO9741530,Bulk Carrier,36388.0,Bulk Carrier
477855500,IMO9733600,Bulk Carrier,41872.0,Bulk Carrier
477855600,IMO9728394,Bulk Carrier,21538.0,Bulk Carrier
477855700,IMO9728409,Bulk Carrier,21538.0,Bulk Carrier
477856300,IMO9948023,Bulk Carrier,44594.0,Bulk Carrier
477856800,IMO9934369,Container Ship (Fully Cellular),154724.0,Container Ship
477857000,IMO9014078,General Cargo Ship (Open Hatch),29381.0,Other Cargo
477866100,IMO9459333,Bulk Carrier,64769.0,Bulk Carrier
477866200,IMO9492696,Container Ship (Fully Cellular),46444.0,Container Ship
477866300,IMO9492701,Container Ship (Fully Cellular),46444.0,Container Ship
477866600,IMO9539834,Bulk Carrier,33044.0,Bulk Carrier
477867300,IMO9589798,Bulk Carrier,34934.0,Bulk Carrier
477867700,IMO9497878,Bulk Carrier,24079.0,Bulk Carrier
477867800,IMO9934371,Container Ship (Fully Cellular),154724.0,Container Ship
477867900,IMO9934383,Container Ship (Fully Cellular),154724.0,Container Ship
477871200,IMO9936381,Container Ship (Fully Cellular),155545.0,Container Ship
477871300,IMO9936379,Container Ship (Fully Cellular),155545.0,Container Ship
477871400,IMO9931109,Container Ship (Fully Cellular),152204.0,Container Ship
477871500,IMO9931094,Container Ship (Fully Cellular),152204.0,Container Ship
477878000,IMO9117739,General Cargo Ship (Open Hatch),36463.0,Other Cargo
477883200,IMO9363637,General Cargo Ship (Open Hatch),29758.0,Other Cargo
477884500,IMO9715490,Bulk Carrier,94385.0,Bulk Carrier
477885500,IMO9674385,Bulk Carrier,24199.0,Bulk Carrier
477886100,IMO9726229,Bulk Carrier,34806.0,Bulk Carrier
477886600,IMO9476927,Bulk Carrier,33910.0,Bulk Carrier
477886700,IMO9615157,Bulk Carrier,34832.0,Bulk Carrier
477886800,IMO9520596,Bulk Carrier,32309.0,Bulk Carrier
477886900,IMO9757797,Bulk Carrier,23234.0,Bulk Carrier
477887100,IMO9615169,Bulk Carrier,34794.0,Bulk Carrier
477887300,IMO9624641,Bulk Carrier,34777.0,Bulk Carrier
477887400,IMO9940631,Bulk Carrier,54244.0,Bulk Carrier
477890100,IMO9931111,Container Ship (Fully Cellular),152204.0,Container Ship
477890500,IMO9352016,Container Ship (Fully Cellular),92293.0,Container Ship
477891200,IMO9359002,Container Ship (Fully Cellular),99002.0,Container Ship
477891500,IMO9931123,Container Ship (Fully Cellular),152204.0,Container Ship
477891700,IMO9352004,Container Ship (Fully Cellular),92293.0,Container Ship
477893100,IMO9434931,Container Ship (Fully Cellular),26836.0,Container Ship
477893200,IMO9352028,Container Ship (Fully Cellular),92293.0,Container Ship
477893400,IMO9388340,Container Ship (Fully Cellular),88089.0,Container Ship
477893700,IMO9359014,Container Ship (Fully Cellular),99002.0,Container Ship
477895200,IMO9388352,Container Ship (Fully Cellular),88089.0,Container Ship
477895300,IMO9953286,Bulk Carrier,36186.0,Bulk Carrier
477895700,IMO9359052,Container Ship (Fully Cellular),99002.0,Container Ship
477897700,IMO9371062,General Cargo Ship (Open Hatch),29758.0,Other Cargo
477900400,IMO9740079,Bulk Carrier,36415.0,Bulk Carrier
477900500,IMO9712943,Bulk Carrier,34590.0,Bulk Carrier
477900700,IMO9712888,Bulk Carrier,34590.0,Bulk Carrier
477902500,IMO9632284,Bulk Carrier,32962.0,Bulk Carrier
477902600,IMO9632301,Bulk Carrier,32962.0,Bulk Carrier
477904300,IMO9200811,Container Ship (Fully Cellular),54437.0,Container Ship
477906900,IMO9978743,Bulk Carrier,36313.0,Bulk Carrier
477907100,IMO9931135,Container Ship (Fully Cellular),152204.0,Container Ship
477907200,IMO9952696,Container Ship (Fully Cellular),74063.0,Container Ship
477907300,IMO9952684,Container Ship (Fully Cellular),74063.0,Container Ship
477907600,IMO9967952,Container Ship (Fully Cellular),74693.0,Container Ship
477907700,IMO9964663,Bulk Carrier,44560.0,Bulk Carrier
477907900,IMO9944792,Container Ship (Fully Cellular),154724.0,Container Ship
477909100,IMO9801706,Bulk Carrier,35606.0,Bulk Carrier
477909200,IMO9967964,Container Ship (Fully Cellular),74693.0,Container Ship
477909700,IMO9359026,Container Ship (Fully Cellular),99002.0,Container Ship
477913100,IMO9751286,Bulk Carrier,25622.0,Bulk Carrier
477913300,IMO9768930,Bulk Carrier,23175.0,Bulk Carrier
477914200,IMO9458420,General Cargo Ship,20682.0,Other Cargo
477914300,IMO9458432,General Cargo Ship,20682.0,Other Cargo
477914600,IMO9613848,General Cargo Ship (Open Hatch),37499.0,Other Cargo
477914700,IMO9613836,General Cargo Ship (Open Hatch),37499.0,Other Cargo
477915800,IMO9731808,Bulk Carrier,23269.0,Bulk Carrier
477915900,IMO9721566,Bulk Carrier,24785.0,Bulk Carrier
477920300,IMO9285005,Container Ship (Fully Cellular),89501.0,Container Ship
477921500,IMO9953303,Bulk Carrier,36186.0,Bulk Carrier
477921600,IMO9932490,Container Ship (Fully Cellular),152204.0,Container Ship
477921800,IMO9967976,Container Ship (Fully Cellular),74693.0,Container Ship
477921900,IMO9971903,Bulk Carrier,43655.0,Bulk Carrier
477922100,IMO9359040,Container Ship (Fully Cellular),99002.0,Container Ship
477925700,IMO9533361,Bulk Carrier,33044.0,Bulk Carrier
477928700,IMO9359038,Container Ship (Fully Cellular),99002.0,Container Ship
477929100,IMO9932517,Container Ship (Fully Cellular),152204.0,Container Ship
477929600,IMO9967990,Container Ship (Fully Cellular),74693.0,Container Ship
477929700,IMO9967988,Container Ship (Fully Cellular),74693.0,Container Ship
477931100,IMO9605011,Bulk Carrier,34795.0,Bulk Carrier
477931400,IMO9936422,Container Ship (Fully Cellular),155545.0,Container Ship
477931500,IMO9944807,Container Ship (Fully Cellular),154724.0,Container Ship
477931600,IMO9952713,Container Ship (Fully Cellular),74063.0,Container Ship
477931700,IMO9968009,Container Ship (Fully Cellular),74693.0,Container Ship
477933000,IMO9263069,Bulk Carrier,28795.0,Bulk Carrier
477939700,IMO9738519,Bulk Carrier,36429.0,Bulk Carrier
477940100,IMO9978779,Bulk Carrier,36382.0,Bulk Carrier
477940400,IMO9953341,Bulk Carrier,36216.0,Bulk Carrier
477940500,IMO9932505,Container Ship (Fully Cellular),152204.0,Container Ship
477940800,IMO9990832,Bulk Carrier,36230.0,Bulk Carrier
477941200,IMO9932529,Container Ship (Fully Cellular),152204.0,Container Ship
477941300,IMO9953353,Bulk Carrier,36216.0,Bulk Carrier
477941400,IMO9832652,Bulk Carrier,35832.0,Bulk Carrier
477941500,IMO9811921,Bulk Carrier,23232.0,Bulk Carrier
477941800,IMO9952725,Container Ship (Fully Cellular),74063.0,Container Ship
477942100,IMO9274460,Bulk Carrier,30083.0,Bulk Carrier
477945100,IMO9936393,Container Ship (Fully Cellular),155545.0,Container Ship
477945200,IMO9968011,Container Ship (Fully Cellular),74693.0,Container Ship
477945300,IMO9944819,Container Ship (Fully Cellular),154724.0,Container Ship
477945500,IMO9932531,Container Ship (Fully Cellular),152204.0,Container Ship
477946000,IMO9251999,Container Ship (Fully Cellular),89097.0,Container Ship
477947100,IMO9535204,Container Ship (Fully Cellular),59176.0,Container Ship
477947800,IMO9566588,Bulk Carrier,33919.0,Bulk Carrier
477948600,IMO9722443,Bulk Carrier,23506.0,Bulk Carrier
477948700,IMO9715218,Bulk Carrier,24785.0,Bulk Carrier
477948800,IMO9704647,Container Ship (Fully Cellular),145324.0,Container Ship
477948900,IMO9738507,Bulk Carrier,36429.0,Bulk Carrier
477950300,IMO9472139,Container Ship (Fully Cellular),141823.0,Container Ship
477950400,IMO9497218,Bulk Carrier,64769.0,Bulk Carrier
477958900,IMO9164275,Container Ship (Fully Cellular),14063.0,Container Ship
477959200,IMO9448798,Container Ship (Fully Cellular),91051.0,Container Ship
477961200,IMO9580326,Bulk Carrier,17019.0,Bulk Carrier
477961400,IMO9482500,Bulk Carrier,32591.0,Bulk Carrier
477961500,IMO9592886,Bulk Carrier,32899.0,Bulk Carrier
477965600,IMO9952749,Container Ship (Fully Cellular),74063.0,Container Ship
477965700,IMO9968059,Container Ship (Fully Cellular),74693.0,Container Ship
477965800,IMO9968023,Container Ship (Fully Cellular),74693.0,Container Ship
477965900,IMO9968035,Container Ship (Fully Cellular),74693.0,Container Ship
477966100,IMO9968047,Container Ship (Fully Cellular),74693.0,Container Ship
477966400,IMO9990856,Bulk Carrier,36216.0,Bulk Carrier
477967400,IMO9727376,Bulk Carrier,23269.0,Bulk Carrier
477967800,IMO9695145,Container Ship (Fully Cellular),188638.0,Container Ship
477969800,IMO9338541,Bulk Carrier,19822.0,Bulk Carrier
477973000,IMO9233454,General Cargo Ship (Open Hatch),29867.0,Other Cargo
477975000,IMO9285017,Bulk Carrier,30963.0,Bulk Carrier
477978700,IMO9606534,Bulk Carrier,18465.0,Bulk Carrier
477982500,IMO9432141,General Cargo Ship,24142.0,Other Cargo
477982600,IMO9515735,Bulk Carrier,17018.0,Bulk Carrier
477987500,IMO9968085,Container Ship (Fully Cellular),74693.0,Container Ship
477999100,IMO9293583,Vehicles Carrier,58631.0,Other Cargo
518998507,IMO9352224,Diving Support Vessel,2163.0,Other Cargo
525119170,IMO9362322,Container Ship (Fully Cellular),17594.0,Container Ship
533130272,IMO9311828,Bulk Carrier,90091.0,Bulk Carrier
533132134,IMO9206023,Vehicles Carrier,48039.0,Other Cargo
533180014,IMO9316921,Bulk Carrier,21059.0,Bulk Carrier
533180059,IMO9277486,General Cargo Ship (Open Hatch),20211.0,Other Cargo
533180090,IMO9082324,Vehicles Carrier,47077.0,Other Cargo
536052500,IMO9283198,Container Ship (Fully Cellular),69132.0,Container Ship
538001657,IMO9233246,Vehicles Carrier,60587.0,Other Cargo
538001682,IMO7609726,,,Other Cargo
538002113,IMO9316165,Bulk Carrier,31069.0,Bulk Carrier
538002125,IMO9423554,Bulk Carrier,32415.0,Bulk Carrier
538002179,IMO9261023,General Cargo Ship (Open Hatch),19795.0,Other Cargo
538002227,IMO9285043,Bulk Carrier,43027.0,Bulk Carrier
538002314,IMO9729489,Bulk Carrier,36353.0,Bulk Carrier
538002316,IMO9490624,Bulk Carrier,32837.0,Bulk Carrier
538002376,IMO9387358,Bulk Carrier,31117.0,Bulk Carrier
538002381,IMO9320996,Bulk Carrier,31091.0,Bulk Carrier
538002459,IMO9286566,Bulk Carrier,42895.0,Bulk Carrier
538002511,IMO9296808,Bulk Carrier,40219.0,Bulk Carrier
538002544,IMO9490636,Bulk Carrier,32837.0,Bulk Carrier
538002548,IMO9296262,Bulk Carrier,38895.0,Bulk Carrier
538002570,IMO9557123,Bulk Carrier,32837.0,Bulk Carrier
538002572,IMO9490662,Bulk Carrier,32837.0,Bulk Carrier
538002633,IMO9361237,Bulk Carrier,43158.0,Bulk Carrier
538002640,IMO9401491,Bulk Carrier,43168.0,Bulk Carrier
538002641,IMO9361201,Bulk Carrier,43189.0,Bulk Carrier
538002659,IMO9284843,Bulk Carrier,30012.0,Bulk Carrier
538002668,IMO9490698,Bulk Carrier,32837.0,Bulk Carrier
538002733,IMO9324849,Container Ship (Fully Cellular),39906.0,Container Ship
538002743,IMO9490686,Bulk Carrier,32837.0,Bulk Carrier
538002748,IMO9396206,Bulk Carrier,31255.0,Bulk Carrier
538002749,IMO9300532,Bulk Carrier,31255.0,Bulk Carrier
538002750,IMO9396218,Bulk Carrier,31255.0,Bulk Carrier
538002751,IMO9300520,Bulk Carrier,31255.0,Bulk Carrier
538002808,IMO9316153,Bulk Carrier,31069.0,Bulk Carrier
538002823,IMO9359313,Container Ship (Fully Cellular),15995.0,Container Ship
538002825,IMO9218337,Bulk Carrier,26091.0,Bulk Carrier
538002841,IMO9301720,Bulk Carrier,31264.0,Bulk Carrier
538002875,IMO9406893,Bulk Carrier,88955.0,Bulk Carrier
538002953,IMO9302566,Container Ship (Fully Cellular),54214.0,Container Ship
538002955,IMO9302578,Container Ship (Fully Cellular),54586.0,Container Ship
538002961,IMO9403619,Container Ship (Fully Cellular),71906.0,Container Ship
538002980,IMO9368871,Bulk Carrier,32379.0,Bulk Carrier
538003004,IMO9445033,Bulk Carrier,17018.0,Bulk Carrier
538003015,IMO9511832,Bulk Carrier,32837.0,Bulk Carrier
538003016,IMO9490832,Bulk Carrier,32839.0,Bulk Carrier
538003035,IMO9324875,Container Ship (Fully Cellular),39906.0,Container Ship
538003057,IMO9454503,Bulk Carrier,31282.0,Bulk Carrier
538003093,IMO9348900,Container Ship (Fully Cellular),28203.0,Container Ship
538003104,IMO9308027,Container Ship (Fully Cellular),36483.0,Container Ship
538003180,IMO9478494,Container Ship (Fully Cellular),39906.0,Container Ship
538003221,IMO9359325,Container Ship (Fully Cellular),15995.0,Container Ship
538003231,IMO9367906,Bulk Carrier,11743.0,Bulk Carrier
538003242,IMO9546124,Bulk Carrier,33044.0,Bulk Carrier
538003274,IMO9352406,Container Ship (Fully Cellular),39906.0,Container Ship
538003275,IMO9228382,General Cargo Ship (Open Hatch),19882.0,Other Cargo
538003298,IMO9445148,Bulk Carrier,16960.0,Bulk Carrier
538003366,IMO7926148,"Bulk Carrier, Self-discharging",46068.0,Other Cargo
538003379,IMO9397236,Bulk Carrier,19831.0,Bulk Carrier
538003407,IMO9352420,Container Ship (Fully Cellular),39906.0,Container Ship
538003413,IMO9418729,Bulk Carrier,31544.0,Bulk Carrier
538003445,IMO9218428,Bulk Carrier,39126.0,Bulk Carrier
538003477,IMO9478626,Bulk Carrier,31544.0,Bulk Carrier
538003520,IMO9402110,General Cargo Ship (Open Hatch),19800.0,Other Cargo
538003568,IMO9554030,Bulk Carrier,33044.0,Bulk Carrier
538003580,IMO9440150,Container Ship (Fully Cellular),35878.0,Container Ship
538003648,IMO9424900,Container Ship (Fully Cellular),78663.0,Container Ship
538003664,IMO9422081,Bulk Carrier,88397.0,Bulk Carrier
538003692,IMO9482770,Bulk Carrier,23456.0,Bulk Carrier
538003693,IMO9482782,Bulk Carrier,23456.0,Bulk Carrier
538003705,IMO9404998,Bulk Carrier,30962.0,Bulk Carrier
538003710,IMO9441269,Bulk Carrier,33064.0,Bulk Carrier
538003729,IMO9424912,Container Ship (Fully Cellular),78410.0,Container Ship
538003750,IMO9444819,Bulk Carrier,88397.0,Bulk Carrier
538003767,IMO9519183,Bulk Carrier,48029.0,Bulk Carrier
538003777,IMO9441271,Bulk Carrier,33064.0,Bulk Carrier
538003784,IMO9461269,Bulk Carrier,89441.0,Bulk Carrier
538003794,IMO9418731,Bulk Carrier,31544.0,Bulk Carrier
538003810,IMO9424924,Container Ship (Fully Cellular),78661.0,Container Ship
538003817,IMO9441283,Bulk Carrier,33064.0,Bulk Carrier
538003818,IMO9441295,Bulk Carrier,33064.0,Bulk Carrier
538003820,IMO9478511,Bulk Carrier,31544.0,Bulk Carrier
538003831,IMO9476721,Vehicles Carrier,60213.0,Other Cargo
538003878,IMO9514200,Bulk Carrier,31759.0,Bulk Carrier
538003886,IMO9424936,Container Ship (Fully Cellular),78661.0,Container Ship
538003900,IMO9470571,Bulk Carrier,23322.0,Bulk Carrier
538003904,IMO9564097,Bulk Carrier,90126.0,Bulk Carrier
538003905,IMO9441312,Bulk Carrier,33064.0,Bulk Carrier
538003906,IMO9459371,Bulk Carrier,22402.0,Bulk Carrier
538003908,IMO9555149,Bulk Carrier,33044.0,Bulk Carrier
538003946,IMO9441324,Bulk Carrier,33064.0,Bulk Carrier
538003960,IMO9460277,Bulk Carrier,23494.0,Bulk Carrier
538003972,IMO9441336,Bulk Carrier,33064.0,Bulk Carrier
538003973,IMO9441350,Bulk Carrier,33064.0,Bulk Carrier
538003974,IMO9441348,Bulk Carrier,33064.0,Bulk Carrier
538003990,IMO9505352,Bulk Carrier,43073.0,Bulk Carrier
538003993,IMO9475612,Container Ship (Fully Cellular),78316.0,Container Ship
538004052,IMO9426726,Bulk Carrier,34028.0,Bulk Carrier
538004053,IMO9426714,Bulk Carrier,34028.0,Bulk Carrier
538004056,IMO9459383,Bulk Carrier,22402.0,Bulk Carrier
538004065,IMO9469883,General Cargo Ship,23265.0,Other Cargo
538004096,IMO9525821,Bulk Carrier,32945.0,Bulk Carrier
538004100,IMO9497086,Bulk Carrier,20218.0,Bulk Carrier
538004117,IMO9475624,Container Ship (Fully Cellular),78316.0,Container Ship
538004123,IMO9568586,Bulk Carrier,51255.0,Bulk Carrier
538004124,IMO9545508,Bulk Carrier,23494.0,Bulk Carrier
538004139,IMO9597771,Bulk Carrier,44261.0,Bulk Carrier
538004151,IMO9444534,Bulk Carrier,95309.0,Bulk Carrier
538004153,IMO9452543,Bulk Carrier,34378.0,Bulk Carrier
538004166,IMO9545510,Bulk Carrier,23494.0,Bulk Carrier
538004177,IMO9486582,Bulk Carrier,24168.0,Bulk Carrier
538004178,IMO9486594,Bulk Carrier,24168.0,Bulk Carrier
538004179,IMO9577604,Bulk Carrier,24168.0,Bulk Carrier
538004181,IMO9577628,Bulk Carrier,24168.0,Bulk Carrier
538004184,IMO9579743,Bulk Carrier,43445.0,Bulk Carrier
538004193,IMO9441362,Bulk Carrier,33064.0,Bulk Carrier
538004202,IMO9475650,Container Ship (Fully Cellular),78316.0,Container Ship
538004203,IMO9475636,Container Ship (Fully Cellular),78316.0,Container Ship
538004216,IMO9460681,Bulk Carrier,29179.0,Bulk Carrier
538004217,IMO9469895,General Cargo Ship,23265.0,Other Cargo
538004244,IMO9218404,Bulk Carrier,19167.0,Bulk Carrier
538004260,IMO9456549,Bulk Carrier,31540.0,Bulk Carrier
538004269,IMO9602148,Bulk Carrier,43792.0,Bulk Carrier
538004270,IMO9452555,Bulk Carrier,34378.0,Bulk Carrier
538004288,IMO9586344,Bulk Carrier,44625.0,Bulk Carrier
538004295,IMO9625798,Bulk Carrier,33329.0,Bulk Carrier
538004297,IMO9625815,Bulk Carrier,33329.0,Bulk Carrier
538004303,IMO9441374,Bulk Carrier,33064.0,Bulk Carrier
538004305,IMO9613769,Bulk Carrier,43884.0,Bulk Carrier
538004306,IMO9595383,Bulk Carrier,22429.0,Bulk Carrier
538004314,IMO9572070,Bulk Carrier,33139.0,Bulk Carrier
538004326,IMO9594573,Bulk Carrier,33114.0,Bulk Carrier
538004327,IMO9594597,Bulk Carrier,33114.0,Bulk Carrier
538004328,IMO9594602,Bulk Carrier,33114.0,Bulk Carrier
538004329,IMO9594614,Bulk Carrier,33114.0,Bulk Carrier
538004330,IMO9698795,Bulk Carrier,36539.0,Bulk Carrier
538004332,IMO9594638,Bulk Carrier,33114.0,Bulk Carrier
538004333,IMO9621778,Bulk Carrier,33114.0,Bulk Carrier
538004336,IMO9621792,Bulk Carrier,33114.0,Bulk Carrier
538004337,IMO9441386,Bulk Carrier,33064.0,Bulk Carrier
538004340,IMO9441415,Bulk Carrier,33064.0,Bulk Carrier
538004341,IMO9441427,Bulk Carrier,33064.0,Bulk Carrier
538004344,IMO9510694,Bulk Carrier,45999.0,Bulk Carrier
538004352,IMO9595943,Bulk Carrier,32987.0,Bulk Carrier
538004355,IMO9580120,Bulk Carrier,23440.0,Bulk Carrier
538004370,IMO9436769,Bulk Carrier,33302.0,Bulk Carrier
538004382,IMO9595905,Bulk Carrier,24240.0,Bulk Carrier
538004384,IMO9606821,Bulk Carrier,24240.0,Bulk Carrier
538004385,IMO9606833,Bulk Carrier,24240.0,Bulk Carrier
538004387,IMO9610468,Bulk Carrier,24240.0,Bulk Carrier
538004411,IMO9543756,Bulk Carrier,33631.0,Bulk Carrier
538004413,IMO9609160,Bulk Carrier,45271.0,Bulk Carrier
538004415,IMO9469900,General Cargo Ship,23265.0,Other Cargo
538004416,IMO9469912,General Cargo Ship,23265.0,Other Cargo
538004434,IMO9461336,Bulk Carrier,42917.0,Bulk Carrier
538004443,IMO9449895,General Cargo Ship (Open Hatch),19999.0,Other Cargo
538004456,IMO9486398,Bulk Carrier,23322.0,Bulk Carrier
538004477,IMO9580106,Bulk Carrier,23783.0,Bulk Carrier
538004481,IMO9604794,Bulk Carrier,23263.0,Bulk Carrier
538004488,IMO9543706,Bulk Carrier,33631.0,Bulk Carrier
538004493,IMO9605982,General Cargo Ship (Open Hatch),22863.0,Other Cargo
538004494,IMO9495363,General Cargo Ship (Open Hatch),22863.0,Other Cargo
538004534,IMO9629938,Chemical/Products Tanker,29785.0,Other Cargo
538004541,IMO9595371,Bulk Carrier,22432.0,Bulk Carrier
538004542,IMO9608673,Bulk Carrier,22432.0,Bulk Carrier
538004551,IMO9632818,Bulk Carrier,33032.0,Bulk Carrier
538004552,IMO9597123,Bulk Carrier,44557.0,Bulk Carrier
538004555,IMO9373993,Bulk Carrier,31532.0,Bulk Carrier
538004559,IMO9588495,Bulk Carrier,106847.0,Bulk Carrier
538004585,IMO9543770,Bulk Carrier,33631.0,Bulk Carrier
538004586,IMO9640619,Bulk Carrier,33084.0,Bulk Carrier
538004601,IMO9604811,Bulk Carrier,30655.0,Bulk Carrier
538004619,IMO9539224,Vehicles Carrier,60131.0,Other Cargo
538004639,IMO9486403,Bulk Carrier,23322.0,Bulk Carrier
538004641,IMO9422809,General Cargo Ship (Open Hatch),22863.0,Other Cargo
538004642,IMO9515101,Bulk Carrier,20510.0,Bulk Carrier
538004652,IMO9512367,Bulk Carrier,43013.0,Bulk Carrier
538004658,IMO9478755,Bulk Carrier,31280.0,Bulk Carrier
538004670,IMO9590761,Bulk Carrier,44485.0,Bulk Carrier
538004676,IMO9552331,Bulk Carrier,33090.0,Bulk Carrier
538004696,IMO9635391,Bulk Carrier,32715.0,Bulk Carrier
538004697,IMO9539236,Vehicles Carrier,60154.0,Other Cargo
538004710,IMO9580144,Bulk Carrier,23587.0,Bulk Carrier
538004714,IMO9611802,Bulk Carrier,34837.0,Bulk Carrier
538004715,IMO9611814,Bulk Carrier,34837.0,Bulk Carrier
538004721,IMO9626613,Bulk Carrier,24212.0,Bulk Carrier
538004740,IMO9662370,Bulk Carrier,23857.0,Bulk Carrier
538004748,IMO9644495,Bulk Carrier,31648.0,Bulk Carrier
538004749,IMO9658898,Bulk Carrier,31590.0,Bulk Carrier
538004750,IMO9658903,Bulk Carrier,31590.0,Bulk Carrier
538004759,IMO9610420,Vehicles Carrier,59022.0,Other Cargo
538004771,IMO9513919,Bulk Carrier,32795.0,Bulk Carrier
538004774,IMO9638642,Bulk Carrier,44174.0,Bulk Carrier
538004784,IMO9599157,Bulk Carrier,51905.0,Bulk Carrier
538004785,IMO9635406,Bulk Carrier,32715.0,Bulk Carrier
538004793,IMO9520613,Bulk Carrier,32309.0,Bulk Carrier
538004843,IMO9452517,Bulk Carrier,34374.0,Bulk Carrier
538004844,IMO9613290,General Cargo Ship (Open Hatch),39009.0,Other Cargo
538004851,IMO9446582,Bulk Carrier,92758.0,Bulk Carrier
538004881,IMO9567116,Bulk Carrier,91971.0,Bulk Carrier
538004890,IMO9546239,Bulk Carrier,23432.0,Bulk Carrier
538004891,IMO9635626,Bulk Carrier,32987.0,Bulk Carrier
538004911,IMO9635664,Container Ship (Fully Cellular),71021.0,Container Ship
538004912,IMO9635676,Container Ship (Fully Cellular),71021.0,Container Ship
538004913,IMO9641223,Container Ship (Fully Cellular),71021.0,Container Ship
538004920,IMO9639751,Bulk Carrier,23232.0,Bulk Carrier
538004921,IMO9639763,Bulk Carrier,23232.0,Bulk Carrier
538004922,IMO9639775,Bulk Carrier,23232.0,Bulk Carrier
538004923,IMO9639787,Bulk Carrier,23232.0,Bulk Carrier
538004940,IMO9528562,Bulk Carrier,45259.0,Bulk Carrier
538004948,IMO9624093,Bulk Carrier,44029.0,Bulk Carrier
538004966,IMO9659232,Bulk Carrier,44316.0,Bulk Carrier
538004978,IMO9624108,Bulk Carrier,44029.0,Bulk Carrier
538004985,IMO9624926,LNG Tanker,102100.0,Other Cargo
538004996,IMO9518086,Bulk Carrier,43012.0,Bulk Carrier
538004997,IMO9613305,General Cargo Ship (Open Hatch),39009.0,Other Cargo
538004998,IMO9653795,Bulk Carrier,35812.0,Bulk Carrier
538004999,IMO9637296,Bulk Carrier,32715.0,Bulk Carrier
538005001,IMO9617662,Bulk Carrier,32846.0,Bulk Carrier
538005003,IMO9603154,Bulk Carrier,44047.0,Bulk Carrier
538005020,IMO9461972,Bulk Carrier,23148.0,Bulk Carrier
538005026,IMO9286932,Bulk Carrier,38871.0,Bulk Carrier
538005041,IMO9422938,Bulk Carrier,42930.0,Bulk Carrier
538005042,IMO9365829,Container Ship (Fully Cellular),21162.0,Container Ship
538005056,IMO9638070,Bulk Carrier,31770.0,Bulk Carrier
538005057,IMO9603594,Container Ship (Fully Cellular),26412.0,Container Ship
538005058,IMO9626900,Bulk Carrier,36374.0,Bulk Carrier
538005067,IMO9624122,Bulk Carrier,44029.0,Bulk Carrier
538005074,IMO9467615,Bulk Carrier,23426.0,Bulk Carrier
538005112,IMO9603609,Container Ship (Fully Cellular),26412.0,Container Ship
538005113,IMO9640944,"Bulk Carrier, Self-discharging",43691.0,Other Cargo
538005114,IMO9584877,Bulk Carrier,33084.0,Bulk Carrier
538005148,IMO9679282,Bulk Carrier,31753.0,Bulk Carrier
538005152,IMO9552965,General Cargo Ship (Open Hatch),31864.0,Other Cargo
538005156,IMO9679385,Bulk Carrier,32987.0,Bulk Carrier
538005164,IMO9371074,Bulk Carrier,30665.0,Bulk Carrier
538005169,IMO9646699,Bulk Carrier,24247.0,Bulk Carrier
538005170,IMO9449871,General Cargo Ship (Open Hatch),19999.0,Other Cargo
538005190,IMO9332963,Bulk Carrier,31263.0,Bulk Carrier
538005193,IMO9544700,Bulk Carrier,39737.0,Bulk Carrier
538005216,IMO9669330,Bulk Carrier,41298.0,Bulk Carrier
538005224,IMO9603611,Container Ship (Fully Cellular),26412.0,Container Ship
538005231,IMO9310276,Bulk Carrier,42898.0,Bulk Carrier
538005232,IMO9663295,Vehicles Carrier,59615.0,Other Cargo
538005243,IMO9662423,General Cargo Ship (Open Hatch),22852.0,Other Cargo
538005251,IMO9303065,Bulk Carrier,31279.0,Bulk Carrier
538005260,IMO9655212,Bulk Carrier,24163.0,Bulk Carrier
538005261,IMO9646728,Bulk Carrier,24247.0,Bulk Carrier
538005262,IMO9646730,Bulk Carrier,24247.0,Bulk Carrier
538005263,IMO9646704,Bulk Carrier,24247.0,Bulk Carrier
538005268,IMO9290232,Bulk Carrier,30054.0,Bulk Carrier
538005284,IMO9422940,Bulk Carrier,42930.0,Bulk Carrier
538005308,IMO9504607,Container Ship (Fully Cellular),26374.0,Container Ship
538005333,IMO9663300,Vehicles Carrier,59615.0,Other Cargo
538005349,IMO9607095,General Cargo Ship (Open Hatch),46295.0,Other Cargo
538005357,IMO9687100,Bulk Carrier,31505.0,Bulk Carrier
538005359,IMO9632997,Bulk Carrier,34777.0,Bulk Carrier
538005366,IMO9310123,Bulk Carrier,89701.0,Bulk Carrier
538005411,IMO9675559,Bulk Carrier,23269.0,Bulk Carrier
538005430,IMO9675731,Bulk Carrier,23281.0,Bulk Carrier
538005436,IMO9700861,Bulk Carrier,35812.0,Bulk Carrier
538005444,IMO9470507,Bulk Carrier,43013.0,Bulk Carrier
538005452,IMO9669029,Vehicles Carrier,65276.0,Other Cargo
538005453,IMO9651553,Bulk Carrier,45271.0,Bulk Carrier
538005461,IMO9322762,Bulk Carrier,30002.0,Bulk Carrier
538005471,IMO9520845,Bulk Carrier,52186.0,Bulk Carrier
538005488,IMO9214848,Bulk Carrier,26084.0,Bulk Carrier
538005498,IMO9438042,Bulk Carrier,31239.0,Bulk Carrier
538005503,IMO9702405,Vehicles Carrier,64717.0,Other Cargo
538005507,IMO9392133,Bulk Carrier,14501.0,Bulk Carrier
538005516,IMO9706827,Bulk Carrier,24605.0,Bulk Carrier
538005518,IMO9286267,Container Ship (Fully Cellular),91038.0,Container Ship
538005521,IMO9669031,Vehicles Carrier,65276.0,Other Cargo
538005562,IMO9616838,General Cargo Ship (Open Hatch),37447.0,Other Cargo
538005592,IMO9308417,Container Ship (Fully Cellular),27786.0,Container Ship
538005594,IMO9707364,Bulk Carrier,36353.0,Bulk Carrier
538005599,IMO9397731,Bulk Carrier,42604.0,Bulk Carrier
538005602,IMO9598220,Bulk Carrier,44276.0,Bulk Carrier
538005604,IMO9547178,General Cargo Ship (Open Hatch),22852.0,Other Cargo
538005605,IMO9669342,Bulk Carrier,41405.0,Bulk Carrier
538005617,IMO9681431,Vehicles Carrier,65424.0,Other Cargo
538005619,IMO9474694,Bulk Carrier,43767.0,Bulk Carrier
538005625,IMO9694531,Container Ship (Fully Cellular),51872.0,Container Ship
538005651,IMO9697143,Bulk Carrier,25515.0,Bulk Carrier
538005657,IMO9441867,Vehicles Carrier,72408.0,Other Cargo
538005672,IMO9702429,Vehicles Carrier,64717.0,Other Cargo
538005673,IMO9375915,Bulk Carrier,42751.0,Bulk Carrier
538005692,IMO9709245,Bulk Carrier,25546.0,Bulk Carrier
538005693,IMO9709257,Bulk Carrier,25546.0,Bulk Carrier
538005694,IMO9709269,Bulk Carrier,25546.0,Bulk Carrier
538005695,IMO9711731,Bulk Carrier,25546.0,Bulk Carrier
538005696,IMO9711743,Bulk Carrier,25546.0,Bulk Carrier
538005697,IMO9711755,Bulk Carrier,25546.0,Bulk Carrier
538005698,IMO9711767,Bulk Carrier,25546.0,Bulk Carrier
538005699,IMO9711779,Bulk Carrier,25546.0,Bulk Carrier
538005701,IMO9721425,Bulk Carrier,25546.0,Bulk Carrier
538005702,IMO9721437,Bulk Carrier,25546.0,Bulk Carrier
538005707,IMO9714771,Bulk Carrier,25546.0,Bulk Carrier
538005708,IMO9714783,Bulk Carrier,25546.0,Bulk Carrier
538005709,IMO9714795,Bulk Carrier,25546.0,Bulk Carrier
538005710,IMO9738674,Bulk Carrier,25546.0,Bulk Carrier
538005716,IMO9788100,Bulk Carrier,36331.0,Bulk Carrier
538005723,IMO9630729,Bulk Carrier,32839.0,Bulk Carrier
538005724,IMO9623647,Bulk Carrier,32839.0,Bulk Carrier
538005725,IMO9420277,Bulk Carrier,30816.0,Bulk Carrier
538005732,IMO9698628,Container Ship (Fully Cellular),97367.0,Container Ship
538005733,IMO9698630,Container Ship (Fully Cellular),97367.0,Container Ship
538005735,IMO9698654,Container Ship (Fully Cellular),97367.0,Container Ship
538005747,IMO9694567,Container Ship (Fully Cellular),51872.0,Container Ship
538005750,IMO9694593,Container Ship (Fully Cellular),51872.0,Container Ship
538005751,IMO9698252,Container Ship (Fully Cellular),51872.0,Container Ship
538005754,IMO9691644,Bulk Carrier,23216.0,Bulk Carrier
538005795,IMO9430818,Bulk Carrier,31229.0,Bulk Carrier
538005810,IMO9702546,Bulk Carrier,93302.0,Bulk Carrier
538005853,IMO9336892,Bulk Carrier,42647.0,Bulk Carrier
538005855,IMO9655224,Bulk Carrier,24163.0,Bulk Carrier
538005874,IMO9732943,Bulk Carrier,36353.0,Bulk Carrier
538005878,IMO9355513,General Cargo Ship (Open Hatch),30360.0,Other Cargo
538005879,IMO9721932,Bulk Carrier,36353.0,Bulk Carrier
538005884,IMO9643879,Bulk Carrier,54486.0,Bulk Carrier
538005888,IMO9302633,Container Ship (Fully Cellular),90389.0,Container Ship
538005890,IMO9702728,Bulk Carrier,32360.0,Bulk Carrier
538005900,IMO9722015,Bulk Carrier,36353.0,Bulk Carrier
538005903,IMO9311220,Bulk Carrier,42887.0,Bulk Carrier
538005907,IMO9729831,Bulk Carrier,36313.0,Bulk Carrier
538005933,IMO9663104,Bulk Carrier,36294.0,Bulk Carrier
538005936,IMO9550254,Bulk Carrier,17025.0,Bulk Carrier
538005945,IMO9723942,Bulk Carrier,23741.0,Bulk Carrier
538005946,IMO9723954,Bulk Carrier,23741.0,Bulk Carrier
538005958,IMO9686900,Container Ship (Fully Cellular),70704.0,Container Ship
538005959,IMO9686912,Container Ship (Fully Cellular),70704.0,Container Ship
538005960,IMO9702431,Vehicles Carrier,64776.0,Other Cargo
538005964,IMO9702493,Bulk Carrier,36332.0,Bulk Carrier
538005968,IMO9729477,Bulk Carrier,36353.0,Bulk Carrier
538005971,IMO9246308,General Cargo Ship (Open Hatch),19882.0,Other Cargo
538005974,IMO9552367,Bulk Carrier,33096.0,Bulk Carrier
538005981,IMO9706994,Vehicles Carrier,59968.0,Other Cargo
538005986,IMO9693757,Bulk Carrier,44003.0,Bulk Carrier
538005997,IMO9712486,Bulk Carrier,45221.0,Bulk Carrier
538006012,IMO9705328,Bulk Carrier,36421.0,Bulk Carrier
538006013,IMO9705330,Bulk Carrier,36421.0,Bulk Carrier
538006041,IMO9742651,Bulk Carrier,36353.0,Bulk Carrier
538006042,IMO9742663,Bulk Carrier,36353.0,Bulk Carrier
538006055,IMO9712694,Bulk Carrier,34779.0,Bulk Carrier
538006056,IMO9712709,Bulk Carrier,34779.0,Bulk Carrier
538006058,IMO9663116,Bulk Carrier,36294.0,Bulk Carrier
538006059,IMO9663128,Bulk Carrier,36294.0,Bulk Carrier
538006061,IMO9700328,Bulk Carrier,36203.0,Bulk Carrier
538006065,IMO9310630,Bulk Carrier,42909.0,Bulk Carrier
538006090,IMO9700665,Bulk Carrier,36295.0,Bulk Carrier
538006091,IMO9700677,Bulk Carrier,36295.0,Bulk Carrier
538006096,IMO9729348,Bulk Carrier,34349.0,Bulk Carrier
538006102,IMO9707003,Vehicles Carrier,59954.0,Other Cargo
538006106,IMO9643881,Bulk Carrier,54486.0,Bulk Carrier
538006108,IMO9738026,Bulk Carrier,44143.0,Bulk Carrier
538006111,IMO9189342,Container Ship (Fully Cellular),66526.0,Container Ship
538006140,IMO9714707,Bulk Carrier,34835.0,Bulk Carrier
538006143,IMO9714719,Bulk Carrier,34835.0,Bulk Carrier
538006145,IMO9714692,Bulk Carrier,34859.0,Bulk Carrier
538006146,IMO9712498,Bulk Carrier,45220.0,Bulk Carrier
538006155,IMO9703813,Bulk Carrier,24185.0,Bulk Carrier
538006163,IMO9703643,Bulk Carrier,34349.0,Bulk Carrier
538006167,IMO9707015,Vehicles Carrier,59954.0,Other Cargo
538006171,IMO9702508,Bulk Carrier,36332.0,Bulk Carrier
538006174,IMO9694684,Bulk Carrier,25494.0,Bulk Carrier
538006175,IMO9717486,Bulk Carrier,35884.0,Bulk Carrier
538006176,IMO9338565,General Cargo Ship (Open Hatch),19816.0,Other Cargo
538006181,IMO9746231,Chemical/Products Tanker,29767.0,Other Cargo
538006206,IMO9712618,General Cargo Ship (Open Hatch),21179.0,Other Cargo
538006207,IMO9263320,Container Ship (Fully Cellular),35975.0,Container Ship
538006208,IMO9712979,Bulk Carrier,34553.0,Bulk Carrier
538006212,IMO9712955,Bulk Carrier,31848.0,Bulk Carrier
538006215,IMO9738959,Bulk Carrier,34815.0,Bulk Carrier
538006227,IMO9707027,Vehicles Carrier,59954.0,Other Cargo
538006234,IMO9693422,Bulk Carrier,44192.0,Bulk Carrier
538006247,IMO9217656,Bulk Carrier,39783.0,Bulk Carrier
538006268,IMO9719549,Bulk Carrier,43320.0,Bulk Carrier
538006273,IMO9711420,Bulk Carrier,34619.0,Bulk Carrier
538006275,IMO9711444,Bulk Carrier,34619.0,Bulk Carrier
538006278,IMO9697806,Bulk Carrier,20789.0,Bulk Carrier
538006286,IMO9728473,Bulk Carrier,21571.0,Bulk Carrier
538006287,IMO9728461,Bulk Carrier,21571.0,Bulk Carrier
538006295,IMO9748239,Bulk Carrier,36353.0,Bulk Carrier
538006297,IMO9744752,General Cargo Ship (Open Hatch),22457.0,Other Cargo
538006298,IMO9702510,Bulk Carrier,36332.0,Bulk Carrier
538006304,IMO9738466,Bulk Carrier,34619.0,Bulk Carrier
538006305,IMO9723629,Bulk Carrier,44069.0,Bulk Carrier
538006309,IMO9708992,Bulk Carrier,43028.0,Bulk Carrier
538006315,IMO9643893,Bulk Carrier,54486.0,Bulk Carrier
538006326,IMO9712632,Vehicles Carrier,75126.0,Other Cargo
538006338,IMO9702778,Bulk Carrier,43036.0,Bulk Carrier
538006339,IMO9711705,General Cargo Ship (Open Hatch),22872.0,Other Cargo
538006340,IMO9711717,General Cargo Ship (Open Hatch),22872.0,Other Cargo
538006349,IMO9723617,Bulk Carrier,44069.0,Bulk Carrier
538006351,IMO9697818,Bulk Carrier,20789.0,Bulk Carrier
538006353,IMO9715828,Bulk Carrier,34255.0,Bulk Carrier
538006363,IMO9738806,Bulk Carrier,50616.0,Bulk Carrier
538006389,IMO9738911,Bulk Carrier,34773.0,Bulk Carrier
538006396,IMO9405019,Bulk Carrier,30962.0,Bulk Carrier
538006411,IMO9703588,Bulk Carrier,36295.0,Bulk Carrier
538006425,IMO9703825,Bulk Carrier,24184.0,Bulk Carrier
538006427,IMO9743980,Bulk Carrier,44411.0,Bulk Carrier
538006428,IMO9730842,Bulk Carrier,44411.0,Bulk Carrier
538006430,IMO9730830,Bulk Carrier,44411.0,Bulk Carrier
538006431,IMO9730816,Bulk Carrier,44411.0,Bulk Carrier
538006433,IMO9697844,Bulk Carrier,20789.0,Bulk Carrier
538006434,IMO9697856,Bulk Carrier,20789.0,Bulk Carrier
538006435,IMO9702522,Bulk Carrier,36332.0,Bulk Carrier
538006442,IMO9765718,Bulk Carrier,43278.0,Bulk Carrier
538006443,IMO9765706,Bulk Carrier,43278.0,Bulk Carrier
538006451,IMO9490466,Bulk Carrier,43506.0,Bulk Carrier
538006458,IMO9490442,Bulk Carrier,43507.0,Bulk Carrier
538006466,IMO9658977,Bulk Carrier,31584.0,Bulk Carrier
538006467,IMO9658989,Bulk Carrier,31584.0,Bulk Carrier
538006469,IMO9671060,Bulk Carrier,20789.0,Bulk Carrier
538006470,IMO9671072,Bulk Carrier,20789.0,Bulk Carrier
538006473,IMO9671101,Bulk Carrier,20789.0,Bulk Carrier
538006477,IMO9754082,Bulk Carrier,24940.0,Bulk Carrier
538006478,IMO9754094,Bulk Carrier,24940.0,Bulk Carrier
538006494,IMO9700330,Bulk Carrier,36203.0,Bulk Carrier
538006508,IMO9748459,Bulk Carrier,34815.0,Bulk Carrier
538006509,IMO9718131,Bulk Carrier,36415.0,Bulk Carrier
538006519,IMO9718143,Bulk Carrier,36415.0,Bulk Carrier
538006520,IMO9718155,Bulk Carrier,36415.0,Bulk Carrier
538006521,IMO9718167,Bulk Carrier,36415.0,Bulk Carrier
538006523,IMO9310628,Bulk Carrier,42910.0,Bulk Carrier
538006527,IMO9336610,Bulk Carrier,39643.0,Bulk Carrier
538006538,IMO9701243,Bulk Carrier,21532.0,Bulk Carrier
538006548,IMO9719666,Bulk Carrier,35884.0,Bulk Carrier
538006564,IMO9332858,Container Ship (Fully Cellular),71786.0,Container Ship
538006596,IMO9392456,Bulk Carrier,43152.0,Bulk Carrier
538006597,IMO9737137,General Cargo Ship (Open Hatch),21279.0,Other Cargo
538006600,IMO9705366,Bulk Carrier,43007.0,Bulk Carrier
538006603,IMO9403126,Bulk Carrier,32381.0,Bulk Carrier
538006605,IMO9332860,Container Ship (Fully Cellular),71786.0,Container Ship
538006631,IMO9611943,Bulk Carrier,43838.0,Bulk Carrier
538006652,IMO9460916,Bulk Carrier,43152.0,Bulk Carrier
538006654,IMO9589401,Bulk Carrier,93565.0,Bulk Carrier
538006661,IMO9588512,Bulk Carrier,32983.0,Bulk Carrier
538006663,IMO9440966,Bulk Carrier,32415.0,Bulk Carrier
538006680,IMO9748722,General Cargo Ship (Open Hatch),31873.0,Other Cargo
538006693,IMO9749568,Vehicles Carrier,65748.0,Other Cargo
538006703,IMO9747417,Bulk Carrier,34568.0,Bulk Carrier
538006704,IMO9747429,Bulk Carrier,34568.0,Bulk Carrier
538006707,IMO9723136,Bulk Carrier,43036.0,Bulk Carrier
538006708,IMO9737149,General Cargo Ship (Open Hatch),21275.0,Other Cargo
538006717,IMO9749570,Vehicles Carrier,65748.0,Other Cargo
538006720,IMO9749245,Bulk Carrier,34321.0,Bulk Carrier
538006748,IMO9747613,Bulk Carrier,31557.0,Bulk Carrier
538006751,IMO9748083,Bulk Carrier,34781.0,Bulk Carrier
538006753,IMO9200419,Bulk Carrier,20659.0,Bulk Carrier
538006767,IMO9732606,Container Ship (Fully Cellular),93702.0,Container Ship
538006774,IMO9748124,Bulk Carrier,34810.0,Bulk Carrier
538006780,IMO9205885,Bulk Carrier,20659.0,Bulk Carrier
538006791,IMO9749582,Vehicles Carrier,65748.0,Other Cargo
538006798,IMO9749257,Bulk Carrier,34321.0,Bulk Carrier
538006800,IMO9764001,Bulk Carrier,43001.0,Bulk Carrier
538006801,IMO9726255,Bulk Carrier,34905.0,Bulk Carrier
538006811,IMO9500663,Bulk Carrier,32309.0,Bulk Carrier
538006814,IMO9710517,Bulk Carrier,36332.0,Bulk Carrier
538006815,IMO9710505,Bulk Carrier,36332.0,Bulk Carrier
538006823,IMO9719367,Bulk Carrier,24124.0,Bulk Carrier
538006850,IMO9625607,General Cargo Ship (Open Hatch),19999.0,Other Cargo
538006859,IMO9593880,General Cargo Ship (Open Hatch),37447.0,Other Cargo
538006862,IMO9563677,Bulk Carrier,41342.0,Bulk Carrier
538006864,IMO9749269,Bulk Carrier,34321.0,Bulk Carrier
538006867,IMO9670420,Bulk Carrier,24933.0,Bulk Carrier
538006871,IMO9737113,General Cargo Ship (Open Hatch),21179.0,Other Cargo
538006903,IMO9625592,General Cargo Ship (Open Hatch),19999.0,Other Cargo
538006906,IMO9749910,Bulk Carrier,44450.0,Bulk Carrier
538006933,IMO9743289,Bulk Carrier,94839.0,Bulk Carrier
538006935,IMO9490820,Bulk Carrier,32839.0,Bulk Carrier
538006936,IMO9603063,Bulk Carrier,32839.0,Bulk Carrier
538006937,IMO9603051,Bulk Carrier,32839.0,Bulk Carrier
538006954,IMO9470820,Bulk Carrier,17023.0,Bulk Carrier
538006958,IMO9710529,Bulk Carrier,36332.0,Bulk Carrier
538006962,IMO9718179,Bulk Carrier,36415.0,Bulk Carrier
538006967,IMO9713947,Bulk Carrier,34773.0,Bulk Carrier
538006973,IMO9442718,Bulk Carrier,43158.0,Bulk Carrier
538006982,IMO9737072,Bulk Carrier,34905.0,Bulk Carrier
538006983,IMO9737084,Bulk Carrier,34905.0,Bulk Carrier
538006995,IMO9727455,Bulk Carrier,32378.0,Bulk Carrier
538006997,IMO9729910,Bulk Carrier,34614.0,Bulk Carrier
538007004,IMO9386392,Bulk Carrier,32379.0,Bulk Carrier
538007006,IMO9456238,Bulk Carrier,32987.0,Bulk Carrier
538007011,IMO9720926,Bulk Carrier,44642.0,Bulk Carrier
538007024,IMO9784362,Bulk Carrier,43066.0,Bulk Carrier
538007025,IMO9719381,Bulk Carrier,24124.0,Bulk Carrier
538007029,IMO9764025,Bulk Carrier,43001.0,Bulk Carrier
538007036,IMO9489041,Bulk Carrier,44290.0,Bulk Carrier
538007063,IMO9290464,Container Ship (Fully Cellular),82842.0,Container Ship
538007065,IMO9710593,Bulk Carrier,44216.0,Bulk Carrier
538007067,IMO9758399,Bulk Carrier,43028.0,Bulk Carrier
538007079,IMO9743291,Bulk Carrier,94761.0,Bulk Carrier
538007082,IMO9611503,Bulk Carrier,20867.0,Bulk Carrier
538007093,IMO9781956,General Cargo Ship (Open Hatch),31848.0,Other Cargo
538007097,IMO9699115,Container Ship (Fully Cellular),94784.0,Container Ship
538007100,IMO9721360,Bulk Carrier,36308.0,Bulk Carrier
538007101,IMO9718181,Bulk Carrier,36415.0,Bulk Carrier
538007104,IMO9782962,Bulk Carrier,23242.0,Bulk Carrier
538007118,IMO9300295,Bulk Carrier,31091.0,Bulk Carrier
538007122,IMO9782986,Bulk Carrier,23232.0,Bulk Carrier
538007138,IMO9706542,Bulk Carrier,44113.0,Bulk Carrier
538007144,IMO9445710,Bulk Carrier,33280.0,Bulk Carrier
538007145,IMO9449259,Bulk Carrier,33280.0,Bulk Carrier
538007150,IMO9548574,Bulk Carrier,32983.0,Bulk Carrier
538007158,IMO9425863,Bulk Carrier,32296.0,Bulk Carrier
538007166,IMO9615078,Bulk Carrier,17019.0,Bulk Carrier
538007169,IMO9738375,Bulk Carrier,24124.0,Bulk Carrier
538007170,IMO9762601,Bulk Carrier,43007.0,Bulk Carrier
538007173,IMO9272943,Bulk Carrier,39727.0,Bulk Carrier
538007174,IMO9443009,Bulk Carrier,39737.0,Bulk Carrier
538007176,IMO9780976,Bulk Carrier,32372.0,Bulk Carrier
538007182,IMO9507960,Bulk Carrier,40339.0,Bulk Carrier
538007185,IMO9412646,Bulk Carrier,32614.0,Bulk Carrier
538007190,IMO9575187,Bulk Carrier,35812.0,Bulk Carrier
538007192,IMO9412634,Bulk Carrier,32614.0,Bulk Carrier
538007193,IMO9440849,Bulk Carrier,43168.0,Bulk Carrier
538007194,IMO9575163,Bulk Carrier,35812.0,Bulk Carrier
538007195,IMO9722041,Bulk Carrier,36357.0,Bulk Carrier
538007196,IMO9722053,Bulk Carrier,36357.0,Bulk Carrier
538007198,IMO9519157,Bulk Carrier,39737.0,Bulk Carrier
538007200,IMO9514066,Bulk Carrier,31540.0,Bulk Carrier
538007201,IMO9735127,Bulk Carrier,34447.0,Bulk Carrier
538007203,IMO9746712,Bulk Carrier,43041.0,Bulk Carrier
538007209,IMO9231494,Container Ship (Fully Cellular),26582.0,Container Ship
538007227,IMO9735799,Bulk Carrier,36291.0,Bulk Carrier
538007237,IMO9434424,Bulk Carrier,94995.0,Bulk Carrier
538007238,IMO9434436,Bulk Carrier,94995.0,Bulk Carrier
538007240,IMO9639907,Bulk Carrier,32983.0,Bulk Carrier
538007249,IMO9780627,Vehicles Carrier,66802.0,Other Cargo
538007250,IMO9780639,Vehicles Carrier,66802.0,Other Cargo
538007251,IMO9756626,Bulk Carrier,34507.0,Bulk Carrier
538007258,IMO9725471,Bulk Carrier,34553.0,Bulk Carrier
538007269,IMO9748409,Bulk Carrier,23269.0,Bulk Carrier
538007273,IMO9385099,General Cargo Ship (Open Hatch),20238.0,Other Cargo
538007280,IMO9311165,Bulk Carrier,43193.0,Bulk Carrier
538007281,IMO9326275,Bulk Carrier,43193.0,Bulk Carrier
538007287,IMO9449883,Bulk Carrier,19999.0,Bulk Carrier
538007298,IMO9760160,Bulk Carrier,34578.0,Bulk Carrier
538007308,IMO9461063,Bulk Carrier,43817.0,Bulk Carrier
538007314,IMO9380829,General Cargo Ship (Open Hatch),22718.0,Other Cargo
538007317,IMO9588536,Bulk Carrier,33042.0,Bulk Carrier
538007344,IMO9339466,Bulk Carrier,31236.0,Bulk Carrier
538007347,IMO9789805,General Cargo Ship (Open Hatch),31847.0,Other Cargo
538007348,IMO9791896,Bulk Carrier,23269.0,Bulk Carrier
538007349,IMO9302918,General Cargo Ship (Open Hatch),19799.0,Other Cargo
538007351,IMO9288447,Bulk Carrier,39964.0,Bulk Carrier
538007355,IMO9457464,Bulk Carrier,43879.0,Bulk Carrier
538007384,IMO9515632,Bulk Carrier,17018.0,Bulk Carrier
538007385,IMO9728863,Vehicles Carrier,62105.0,Other Cargo
538007387,IMO9605073,Bulk Carrier,17027.0,Bulk Carrier
538007400,IMO9470404,Bulk Carrier,41725.0,Bulk Carrier
538007405,IMO9575204,Bulk Carrier,35837.0,Bulk Carrier
538007406,IMO9575228,Bulk Carrier,35837.0,Bulk Carrier
538007414,IMO9798387,Vehicles Carrier,72376.0,Other Cargo
538007419,IMO9643300,Bulk Carrier,43673.0,Bulk Carrier
538007422,IMO9801196,Bulk Carrier,43473.0,Bulk Carrier
538007433,IMO9550163,Bulk Carrier,17002.0,Bulk Carrier
538007438,IMO9798399,Vehicles Carrier,72376.0,Other Cargo
538007439,IMO9798404,Vehicles Carrier,72376.0,Other Cargo
538007440,IMO9798416,Vehicles Carrier,72376.0,Other Cargo
538007446,IMO9760421,"Heavy Load Carrier, semi submersible",49091.0,Other Cargo
538007449,IMO9575266,Bulk Carrier,35837.0,Bulk Carrier
538007450,IMO9575151,Bulk Carrier,35837.0,Bulk Carrier
538007451,IMO9303871,Bulk Carrier,30707.0,Bulk Carrier
538007452,IMO9735816,Bulk Carrier,36367.0,Bulk Carrier
538007453,IMO9735828,Bulk Carrier,36367.0,Bulk Carrier
538007454,IMO9575216,Bulk Carrier,35837.0,Bulk Carrier
538007455,IMO9747053,Bulk Carrier,21530.0,Bulk Carrier
538007456,IMO9804590,Bulk Carrier,43368.0,Bulk Carrier
538007459,IMO9792436,Bulk Carrier,32388.0,Bulk Carrier
538007473,IMO9693202,Bulk Carrier,36336.0,Bulk Carrier
538007475,IMO9801275,Bulk Carrier,23250.0,Bulk Carrier
538007479,IMO9347542,Container Ship (Fully Cellular),95681.0,Container Ship
538007480,IMO9347554,Container Ship (Fully Cellular),95681.0,Container Ship
538007481,IMO9347566,Container Ship (Fully Cellular),95681.0,Container Ship
538007482,IMO9330707,Container Ship (Fully Cellular),52581.0,Container Ship
538007483,IMO9330719,Container Ship (Fully Cellular),52581.0,Container Ship
538007484,IMO9330721,Container Ship (Fully Cellular),52581.0,Container Ship
538007487,IMO9347619,Container Ship (Fully Cellular),52581.0,Container Ship
538007490,IMO9704831,Bulk Carrier,36336.0,Bulk Carrier
538007491,IMO9661211,Bulk Carrier,48090.0,Bulk Carrier
538007492,IMO9661223,Bulk Carrier,48090.0,Bulk Carrier
538007493,IMO9600645,Bulk Carrier,44252.0,Bulk Carrier
538007497,IMO9597848,Bulk Carrier,93175.0,Bulk Carrier
538007504,IMO9801316,Bulk Carrier,35832.0,Bulk Carrier
538007505,IMO9575242,Bulk Carrier,35837.0,Bulk Carrier
538007507,IMO9705988,Bulk Carrier,35837.0,Bulk Carrier
538007508,IMO9730452,Bulk Carrier,36353.0,Bulk Carrier
538007509,IMO9575278,Bulk Carrier,35837.0,Bulk Carrier
538007510,IMO9575230,Bulk Carrier,35837.0,Bulk Carrier
538007514,IMO9400875,General Cargo Ship (Open Hatch),20236.0,Other Cargo
538007515,IMO9594444,Bulk Carrier,19943.0,Bulk Carrier
538007517,IMO9757981,Vehicles Carrier,75044.0,Other Cargo
538007518,IMO9784233,Container Ship (Fully Cellular),17449.0,Container Ship
538007549,IMO9444039,Bulk Carrier,93152.0,Bulk Carrier
538007550,IMO9473834,Bulk Carrier,31572.0,Bulk Carrier
538007551,IMO9737888,Bulk Carrier,24198.0,Bulk Carrier
538007556,IMO9458987,Bulk Carrier,41586.0,Bulk Carrier
538007559,IMO9747297,Bulk Carrier,44135.0,Bulk Carrier
538007560,IMO9370331,Bulk Carrier,21059.0,Bulk Carrier
538007569,IMO9811919,Bulk Carrier,23351.0,Bulk Carrier
538007572,IMO9594456,Bulk Carrier,19943.0,Bulk Carrier
538007573,IMO9409481,Vehicles Carrier,58685.0,Other Cargo
538007580,IMO9406025,Bulk Carrier,19972.0,Bulk Carrier
538007581,IMO9406075,Bulk Carrier,19972.0,Bulk Carrier
538007582,IMO9406099,Bulk Carrier,19972.0,Bulk Carrier
538007588,IMO9515723,Bulk Carrier,17018.0,Bulk Carrier
538007592,IMO9392339,Vehicles Carrier,39422.0,Other Cargo
538007604,IMO9363285,General Cargo Ship (Open Hatch),20236.0,Other Cargo
538007611,IMO9325764,Vehicles Carrier,39422.0,Other Cargo
538007617,IMO9308015,Container Ship (Fully Cellular),36483.0,Container Ship
538007622,IMO9324863,Container Ship (Fully Cellular),39906.0,Container Ship
538007623,IMO9595187,Bulk Carrier,22662.0,Bulk Carrier
538007628,IMO9334143,Container Ship (Fully Cellular),39906.0,Container Ship
538007629,IMO9630731,Bulk Carrier,32839.0,Bulk Carrier
538007630,IMO9587180,Bulk Carrier,20867.0,Bulk Carrier
538007633,IMO9630743,Bulk Carrier,32839.0,Bulk Carrier
538007637,IMO9514078,Bulk Carrier,31572.0,Bulk Carrier
538007638,IMO9514080,Bulk Carrier,31572.0,Bulk Carrier
538007639,IMO9596179,Bulk Carrier,32311.0,Bulk Carrier
538007640,IMO9761889,Bulk Carrier,24198.0,Bulk Carrier
538007641,IMO9423035,Container Ship (Fully Cellular),36087.0,Container Ship
538007650,IMO9389930,Bulk Carrier,30936.0,Bulk Carrier
538007655,IMO9548835,General Cargo Ship (Open Hatch),33601.0,Other Cargo
538007656,IMO9548823,General Cargo Ship (Open Hatch),33601.0,Other Cargo
538007658,IMO9785134,Bulk Carrier,23296.0,Bulk Carrier
538007659,IMO9577886,Bulk Carrier,20924.0,Bulk Carrier
538007661,IMO9634842,Bulk Carrier,43100.0,Bulk Carrier
538007662,IMO9784245,Container Ship (Fully Cellular),17449.0,Container Ship
538007667,IMO9557238,Bulk Carrier,20198.0,Bulk Carrier
538007668,IMO9463554,General Cargo Ship,9530.0,Other Cargo
538007675,IMO9293777,Container Ship (Fully Cellular),90449.0,Container Ship
538007680,IMO9401075,Container Ship (Fully Cellular),40030.0,Container Ship
538007681,IMO9453365,Container Ship (Fully Cellular),40542.0,Container Ship
538007683,IMO9461623,Container Ship (Fully Cellular),40542.0,Container Ship
538007684,IMO9397585,Container Ship (Fully Cellular),40030.0,Container Ship
538007685,IMO9423580,Bulk Carrier,32309.0,Bulk Carrier
538007687,IMO9626962,Bulk Carrier,33057.0,Bulk Carrier
538007691,IMO9574171,Bulk Carrier,17019.0,Bulk Carrier
538007708,IMO9476290,Bulk Carrier,31572.0,Bulk Carrier
538007709,IMO9445069,Bulk Carrier,17018.0,Bulk Carrier
538007718,IMO9476288,Bulk Carrier,31572.0,Bulk Carrier
538007722,IMO9705976,Bulk Carrier,35884.0,Bulk Carrier
538007730,IMO9409132,Bulk Carrier,31232.0,Bulk Carrier
538007731,IMO9717395,Bulk Carrier,93908.0,Bulk Carrier
538007732,IMO9743174,Bulk Carrier,94185.0,Bulk Carrier
538007749,IMO9464780,Bulk Carrier,43846.0,Bulk Carrier
538007754,IMO9665841,General Cargo Ship (Open Hatch),21163.0,Other Cargo
538007757,IMO9722003,Bulk Carrier,36352.0,Bulk Carrier
538007758,IMO9699282,Bulk Carrier,36352.0,Bulk Carrier
538007759,IMO9699294,Bulk Carrier,36332.0,Bulk Carrier
538007760,IMO9721994,Bulk Carrier,36352.0,Bulk Carrier
538007767,IMO9483786,Vehicles Carrier,46800.0,Other Cargo
538007770,IMO9308247,Bulk Carrier,31236.0,Bulk Carrier
538007779,IMO9700055,Bulk Carrier,36449.0,Bulk Carrier
538007784,IMO9775828,Vehicles Carrier,71342.0,Other Cargo
538007799,IMO9316983,General Cargo Ship (Open Hatch),21192.0,Other Cargo
538007823,IMO9811490,Bulk Carrier,29290.0,Bulk Carrier
538007824,IMO9754991,Bulk Carrier,35837.0,Bulk Carrier
538007835,IMO9374351,General Cargo Ship (Open Hatch),22697.0,Other Cargo
538007842,IMO9425760,Bulk Carrier,32287.0,Bulk Carrier
538007855,IMO9671838,Bulk Carrier,44114.0,Bulk Carrier
538007856,IMO9757931,Bulk Carrier,34626.0,Bulk Carrier
538007861,IMO9423592,Bulk Carrier,32309.0,Bulk Carrier
538007863,IMO9391828,General Cargo Ship (Open Hatch),20236.0,Other Cargo
538007864,IMO9343546,Bulk Carrier,30657.0,Bulk Carrier
538007893,IMO9498561,Bulk Carrier,34402.0,Bulk Carrier
538007895,IMO9828869,Bulk Carrier,44190.0,Bulk Carrier
538007899,IMO9670418,Bulk Carrier,24933.0,Bulk Carrier
538007905,IMO9742168,Container Ship (Fully Cellular),114023.0,Container Ship
538007908,IMO9317547,Bulk Carrier,30721.0,Bulk Carrier
538007909,IMO9478470,General Cargo Ship (Open Hatch),21483.0,Other Cargo
538007921,IMO9473705,General Cargo Ship (Open Hatch),21229.0,Other Cargo
538007926,IMO9750828,Bulk Carrier,93564.0,Bulk Carrier
538007938,IMO9294159,Container Ship (Fully Cellular),28592.0,Container Ship
538007954,IMO9478913,Bulk Carrier,31228.0,Bulk Carrier
538007970,IMO9474266,Bulk Carrier,23432.0,Bulk Carrier
538007972,IMO9474230,Bulk Carrier,23432.0,Bulk Carrier
538007974,IMO9474278,Bulk Carrier,23432.0,Bulk Carrier
538007975,IMO9474280,Bulk Carrier,23432.0,Bulk Carrier
538007976,IMO9474228,Bulk Carrier,23432.0,Bulk Carrier
538007979,IMO9559705,Bulk Carrier,20846.0,Bulk Carrier
538007980,IMO9597989,Bulk Carrier,20846.0,Bulk Carrier
538007981,IMO9729922,Bulk Carrier,34614.0,Bulk Carrier
538007994,IMO9473274,Bulk Carrier,41074.0,Bulk Carrier
538008000,IMO9544736,Bulk Carrier,22683.0,Bulk Carrier
538008003,IMO9707704,Bulk Carrier,36337.0,Bulk Carrier
538008004,IMO9815977,Bulk Carrier,22668.0,Bulk Carrier
538008007,IMO9805271,Bulk Carrier,20763.0,Bulk Carrier
538008010,IMO9370422,General Cargo Ship (Open Hatch),21192.0,Other Cargo
538008017,IMO9633197,General Cargo Ship (Open Hatch),23264.0,Other Cargo
538008020,IMO9473597,General Cargo Ship (Open Hatch),20236.0,Other Cargo
538008021,IMO9577410,Bulk Carrier,34374.0,Bulk Carrier
538008024,IMO9400904,General Cargo Ship (Open Hatch),20236.0,Other Cargo
538008044,IMO9835068,Bulk Carrier,44153.0,Bulk Carrier
538008050,IMO9470387,Bulk Carrier,41718.0,Bulk Carrier
538008051,IMO9401362,Bulk Carrier,41655.0,Bulk Carrier
538008053,IMO9470375,Bulk Carrier,41718.0,Bulk Carrier
538008060,IMO9738349,Bulk Carrier,34547.0,Bulk Carrier
538008075,IMO9336775,Bulk Carrier,19885.0,Bulk Carrier
538008080,IMO9448578,Bulk Carrier,32296.0,Bulk Carrier
538008087,IMO9575137,Bulk Carrier,35812.0,Bulk Carrier
538008106,IMO9213753,Bulk Carrier,19728.0,Bulk Carrier
538008110,IMO9553062,Bulk Carrier,39737.0,Bulk Carrier
538008114,IMO9550412,General Cargo Ship (Open Hatch),18096.0,Other Cargo
538008122,IMO9500091,Bulk Carrier,34492.0,Bulk Carrier
538008132,IMO9717204,Container Ship (Fully Cellular),118615.0,Container Ship
538008133,IMO9717228,Container Ship (Fully Cellular),118615.0,Container Ship
538008140,IMO9835070,Bulk Carrier,44153.0,Bulk Carrier
538008143,IMO9624378,Bulk Carrier,34794.0,Bulk Carrier
538008144,IMO9758129,Bulk Carrier,34185.0,Bulk Carrier
538008164,IMO9698587,Bulk Carrier,36330.0,Bulk Carrier
538008170,IMO9478779,Bulk Carrier,31230.0,Bulk Carrier
538008171,IMO9713715,Bulk Carrier,35873.0,Bulk Carrier
538008172,IMO9848132,Bulk Carrier,34508.0,Bulk Carrier
538008174,IMO9848144,Bulk Carrier,34508.0,Bulk Carrier
538008175,IMO9848118,Bulk Carrier,34508.0,Bulk Carrier
538008187,IMO9494187,Bulk Carrier,32459.0,Bulk Carrier
538008201,IMO9497165,Bulk Carrier,20809.0,Bulk Carrier
538008204,IMO9827334,Container Ship (Fully Cellular/Ro-Ro Facility),8313.0,Other Cargo
538008207,IMO9386407,Bulk Carrier,32379.0,Bulk Carrier
538008208,IMO9720017,Bulk Carrier,35812.0,Bulk Carrier
538008210,IMO9425928,Bulk Carrier,32287.0,Bulk Carrier
538008213,IMO9604809,General Cargo Ship (Open Hatch),23264.0,Other Cargo
538008222,IMO9522099,Bulk Carrier,94250.0,Bulk Carrier
538008236,IMO9425942,Bulk Carrier,32287.0,Bulk Carrier
538008246,IMO9423528,Bulk Carrier,32415.0,Bulk Carrier
538008251,IMO9340063,Bulk Carrier,31236.0,Bulk Carrier
538008252,IMO9423475,Bulk Carrier,32415.0,Bulk Carrier
538008253,IMO9423499,Bulk Carrier,32415.0,Bulk Carrier
538008273,IMO9700134,Bulk Carrier,36353.0,Bulk Carrier
538008274,IMO9839791,Bulk Carrier,34508.0,Bulk Carrier
538008276,IMO9846263,Bulk Carrier,35825.0,Bulk Carrier
538008278,IMO9851359,Bulk Carrier,24332.0,Bulk Carrier
538008296,IMO9839844,Bulk Carrier,34635.0,Bulk Carrier
538008304,IMO9825013,General Cargo Ship (Open Hatch),41416.0,Other Cargo
538008307,IMO9263112,Bulk Carrier,30057.0,Bulk Carrier
538008317,IMO9850769,Bulk Carrier,36464.0,Bulk Carrier
538008318,IMO9850771,Bulk Carrier,36464.0,Bulk Carrier
538008339,IMO9831775,Bulk Carrier,36380.0,Bulk Carrier
538008340,IMO9831787,Bulk Carrier,36380.0,Bulk Carrier
538008341,IMO9831799,Bulk Carrier,36380.0,Bulk Carrier
538008342,IMO9842736,Bulk Carrier,44015.0,Bulk Carrier
538008344,IMO9842827,Bulk Carrier,44015.0,Bulk Carrier
538008346,IMO9699440,Bulk Carrier,35812.0,Bulk Carrier
538008347,IMO9834844,Bulk Carrier,23765.0,Bulk Carrier
538008362,IMO9494814,Bulk Carrier,19785.0,Bulk Carrier
538008371,IMO9666522,Bulk Carrier,41963.0,Bulk Carrier
538008378,IMO9859791,Bulk Carrier,34518.0,Bulk Carrier
538008385,IMO9452139,General Cargo Ship (Open Hatch),33689.0,Other Cargo
538008393,IMO9842487,Bulk Carrier,43989.0,Bulk Carrier
538008398,IMO9483542,Bulk Carrier,43767.0,Bulk Carrier
538008404,IMO9838462,Bulk Carrier,20763.0,Bulk Carrier
538008408,IMO9379674,Bulk Carrier,19825.0,Bulk Carrier
538008434,IMO9852690,Bulk Carrier,23322.0,Bulk Carrier
538008439,IMO9775153,Bulk Carrier,23250.0,Bulk Carrier
538008453,IMO9788681,Bulk Carrier,35025.0,Bulk Carrier
538008454,IMO9470856,Bulk Carrier,17018.0,Bulk Carrier
538008465,IMO9839052,Bulk Carrier,35835.0,Bulk Carrier
538008466,IMO9502362,Bulk Carrier,33096.0,Bulk Carrier
538008468,IMO9842499,Bulk Carrier,43989.0,Bulk Carrier
538008485,IMO9566447,Bulk Carrier,31753.0,Bulk Carrier
538008492,IMO9878345,Bulk Carrier,35812.0,Bulk Carrier
538008493,IMO9878357,Bulk Carrier,35812.0,Bulk Carrier
538008494,IMO9878369,Bulk Carrier,35812.0,Bulk Carrier
538008495,IMO9878371,Bulk Carrier,35812.0,Bulk Carrier
538008508,IMO9867152,Bulk Carrier,44103.0,Bulk Carrier
538008511,IMO9539341,General Cargo Ship (Open Hatch),21213.0,Other Cargo
538008519,IMO9852779,Bulk Carrier,35832.0,Bulk Carrier
538008524,IMO9859296,Bulk Carrier,43368.0,Bulk Carrier
538008537,IMO9849502,Bulk Carrier,35805.0,Bulk Carrier
538008539,IMO9391969,Bulk Carrier,41662.0,Bulk Carrier
538008542,IMO9463310,Container Ship (Fully Cellular),44234.0,Container Ship
538008552,IMO9514030,Bulk Carrier,31540.0,Bulk Carrier
538008553,IMO9849784,Bulk Carrier,34542.0,Bulk Carrier
538008559,IMO9621405,Bulk Carrier,44003.0,Bulk Carrier
538008569,IMO9460813,Bulk Carrier,29218.0,Bulk Carrier
538008572,IMO9730256,Bulk Carrier,34206.0,Bulk Carrier
538008573,IMO9730232,Bulk Carrier,34242.0,Bulk Carrier
538008575,IMO9875604,Bulk Carrier,36106.0,Bulk Carrier
538008578,IMO9747156,Bulk Carrier,23765.0,Bulk Carrier
538008584,IMO9788679,Bulk Carrier,35025.0,Bulk Carrier
538008586,IMO9866639,General Cargo Ship (Open Hatch),23232.0,Other Cargo
538008587,IMO9852729,General Cargo Ship (Open Hatch),23194.0,Other Cargo
538008588,IMO9860661,Bulk Carrier,35832.0,Bulk Carrier
538008589,IMO9845817,Bulk Carrier,36781.0,Bulk Carrier
538008590,IMO9845805,Bulk Carrier,36781.0,Bulk Carrier
538008591,IMO9845829,Bulk Carrier,36781.0,Bulk Carrier
538008593,IMO9295414,Container Ship (Fully Cellular),41359.0,Container Ship
538008595,IMO9860037,Bulk Carrier,44114.0,Bulk Carrier
538008596,IMO9478585,Bulk Carrier,31532.0,Bulk Carrier
538008597,IMO9230921,Bulk Carrier,18311.0,Bulk Carrier
538008602,IMO9424089,Bulk Carrier,19812.0,Bulk Carrier
538008607,IMO9842504,Bulk Carrier,43989.0,Bulk Carrier
538008610,IMO9852224,Bulk Carrier,23765.0,Bulk Carrier
538008612,IMO9699359,Bulk Carrier,36474.0,Bulk Carrier
538008625,IMO9800427,Bulk Carrier,35040.0,Bulk Carrier
538008629,IMO9699373,Bulk Carrier,36474.0,Bulk Carrier
538008631,IMO9699323,Bulk Carrier,36474.0,Bulk Carrier
538008636,IMO9641821,Bulk Carrier,17019.0,Bulk Carrier
538008639,IMO9478896,Bulk Carrier,31284.0,Bulk Carrier
538008641,IMO9699347,Bulk Carrier,36474.0,Bulk Carrier
538008647,IMO9459149,General Cargo Ship (Open Hatch),21483.0,Other Cargo
538008651,IMO9406063,Bulk Carrier,19972.0,Bulk Carrier
538008654,IMO9527996,Bulk Carrier,20809.0,Bulk Carrier
538008657,IMO9860506,Bulk Carrier,43471.0,Bulk Carrier
538008659,IMO9528017,Bulk Carrier,20928.0,Bulk Carrier
538008667,IMO9852884,Bulk Carrier,43041.0,Bulk Carrier
538008673,IMO9424132,Bulk Carrier,19812.0,Bulk Carrier
538008678,IMO9350094,Bulk Carrier,16960.0,Bulk Carrier
538008682,IMO9403085,Bulk Carrier,32379.0,Bulk Carrier
538008684,IMO9602186,Bulk Carrier,24187.0,Bulk Carrier
538008687,IMO9860520,Bulk Carrier,35825.0,Bulk Carrier
538008689,IMO9598282,Bulk Carrier,19943.0,Bulk Carrier
538008690,IMO9598294,Bulk Carrier,19943.0,Bulk Carrier
538008694,IMO9673824,Bulk Carrier,43291.0,Bulk Carrier
538008695,IMO9855848,Bulk Carrier,36551.0,Bulk Carrier
538008696,IMO9855862,Bulk Carrier,36551.0,Bulk Carrier
538008697,IMO9855850,Bulk Carrier,36551.0,Bulk Carrier
538008700,IMO9743590,Bulk Carrier,36338.0,Bulk Carrier
538008701,IMO9743588,Bulk Carrier,36338.0,Bulk Carrier
538008712,IMO9491587,General Cargo Ship (Open Hatch),21483.0,Other Cargo
538008734,IMO9581784,Bulk Carrier,34778.0,Bulk Carrier
538008738,IMO9522958,Bulk Carrier,21934.0,Bulk Carrier
538008748,IMO9624055,Bulk Carrier,31538.0,Bulk Carrier
538008749,IMO9865348,Bulk Carrier,43232.0,Bulk Carrier
538008750,IMO9860673,Bulk Carrier,35832.0,Bulk Carrier
538008751,IMO9758363,Bulk Carrier,32540.0,Bulk Carrier
538008752,IMO9370006,Bulk Carrier,30818.0,Bulk Carrier
538008753,IMO9866615,Bulk Carrier,35828.0,Bulk Carrier
538008755,IMO9450571,Container Ship (Fully Cellular),39984.0,Container Ship
538008756,IMO9443580,Container Ship (Fully Cellular),39984.0,Container Ship
538008758,IMO9866550,General Cargo Ship (Open Hatch),23230.0,Other Cargo
538008769,IMO9595254,Bulk Carrier,21934.0,Bulk Carrier
538008771,IMO9855367,Bulk/Oil/Chemical Carrier (CLEANBU),54043.0,Other Cargo
538008777,IMO9836995,Bulk Carrier,43024.0,Bulk Carrier
538008779,IMO9522946,Bulk Carrier,21934.0,Bulk Carrier
538008791,IMO9514054,Bulk Carrier,31540.0,Bulk Carrier
538008842,IMO9852535,Bulk Carrier,44094.0,Bulk Carrier
538008845,IMO9464687,Container Ship (Fully Cellular),42110.0,Container Ship
538008850,IMO9796195,Bulk Carrier,45366.0,Bulk Carrier
538008863,IMO9559688,Bulk Carrier,20846.0,Bulk Carrier
538008865,IMO9584889,Bulk Carrier,33084.0,Bulk Carrier
538008889,IMO9885049,Bulk Carrier,108901.0,Bulk Carrier
538008891,IMO9842528,Bulk Carrier,43989.0,Bulk Carrier
538008892,IMO9836579,Bulk Carrier,43241.0,Bulk Carrier
538008907,IMO9638496,Bulk Carrier,33188.0,Bulk Carrier
538008920,IMO9875616,Bulk Carrier,36106.0,Bulk Carrier
538008921,IMO9875628,Bulk Carrier,36106.0,Bulk Carrier
538008924,IMO9758301,General Cargo Ship (Open Hatch),25427.0,Other Cargo
538008925,IMO9680255,Bulk Carrier,23435.0,Bulk Carrier
538008933,IMO9880489,Bulk Carrier,44278.0,Bulk Carrier
538008934,IMO9880491,Bulk Carrier,44278.0,Bulk Carrier
538008936,IMO9858620,Bulk Carrier,44029.0,Bulk Carrier
538008940,IMO9875094,Bulk Carrier,35835.0,Bulk Carrier
538008954,IMO9522922,Bulk Carrier,22691.0,Bulk Carrier
538008955,IMO9522910,Bulk Carrier,22691.0,Bulk Carrier
538008958,IMO9854313,Bulk Carrier,44094.0,Bulk Carrier
538008969,IMO9597630,General Cargo Ship (Open Hatch),21192.0,Other Cargo
538008970,IMO9452505,Bulk Carrier,34374.0,Bulk Carrier
538008971,IMO9756250,General Cargo Ship (Open Hatch),25427.0,Other Cargo
538008974,IMO9889655,Bulk Carrier,24679.0,Bulk Carrier
538008975,IMO9615327,General Cargo Ship (Open Hatch),22866.0,Other Cargo
538008977,IMO9852092,Bulk Carrier,35870.0,Bulk Carrier
538008981,IMO9860271,Bulk Carrier,22360.0,Bulk Carrier
538008993,IMO9883754,Bulk Carrier,44103.0,Bulk Carrier
538008994,IMO9883766,Bulk Carrier,44103.0,Bulk Carrier
538008995,IMO9880233,Bulk Carrier,43666.0,Bulk Carrier
538008996,IMO9541887,Bulk Carrier,23456.0,Bulk Carrier
538009005,IMO9607447,Bulk Carrier,24341.0,Bulk Carrier
538009015,IMO9492907,Bulk Carrier,32376.0,Bulk Carrier
538009018,IMO9858345,Bulk Carrier,44487.0,Bulk Carrier
538009034,IMO9883053,General Cargo Ship (Open Hatch),23232.0,Other Cargo
538009043,IMO9872080,Bulk Carrier,94674.0,Bulk Carrier
538009053,IMO9883065,General Cargo Ship (Open Hatch),23232.0,Other Cargo
538009057,IMO9580091,Bulk Carrier,23456.0,Bulk Carrier
538009063,IMO9849899,Bulk Carrier,44094.0,Bulk Carrier
538009071,IMO9890862,Bulk Carrier,23303.0,Bulk Carrier
538009081,IMO9512630,Bulk Carrier,34808.0,Bulk Carrier
538009090,IMO9660621,Bulk Carrier,32350.0,Bulk Carrier
538009095,IMO9901831,Bulk Carrier,43987.0,Bulk Carrier
538009101,IMO9663817,Bulk Carrier,23461.0,Bulk Carrier
538009106,IMO9614971,Bulk Carrier,34795.0,Bulk Carrier
538009115,IMO9849904,Bulk Carrier,44094.0,Bulk Carrier
538009118,IMO9419008,General Cargo Ship,15549.0,Other Cargo
538009119,IMO9758868,Bulk Carrier,34778.0,Bulk Carrier
538009120,IMO9789893,Bulk Carrier,34187.0,Bulk Carrier
538009121,IMO9755866,Bulk Carrier,21547.0,Bulk Carrier
538009124,IMO9597642,General Cargo Ship (Open Hatch),21208.0,Other Cargo
538009125,IMO9215311,Container Ship (Fully Cellular),80609.0,Container Ship
538009126,IMO9211494,,,Other Cargo
538009130,IMO9714680,Bulk Carrier,36421.0,Bulk Carrier
538009131,IMO9714678,Bulk Carrier,36421.0,Bulk Carrier
538009143,IMO9211482,Container Ship (Fully Cellular),80609.0,Container Ship
538009144,IMO9215323,Container Ship (Fully Cellular),80609.0,Container Ship
538009145,IMO9866732,Bulk Carrier,20763.0,Bulk Carrier
538009146,IMO9714745,Bulk Carrier,34507.0,Bulk Carrier
538009148,IMO9479888,Bulk Carrier,94817.0,Bulk Carrier
538009149,IMO9498298,Bulk Carrier,22549.0,Bulk Carrier
538009160,IMO9872121,Bulk Carrier,94674.0,Bulk Carrier
538009163,IMO9800635,Bulk Carrier,34547.0,Bulk Carrier
538009166,IMO9880245,Bulk Carrier,43666.0,Bulk Carrier
538009168,IMO9404431,Bulk Carrier,24165.0,Bulk Carrier
538009176,IMO9574004,Bulk Carrier,30653.0,Bulk Carrier
538009179,IMO9862475,LNG Tanker,116430.0,Other Cargo
538009191,IMO9243409,Container Ship (Fully Cellular),89097.0,Container Ship
538009210,IMO9894806,Bulk Carrier,36177.0,Bulk Carrier
538009216,IMO9243394,Container Ship (Fully Cellular),89097.0,Container Ship
538009218,IMO9760067,Bulk Carrier,34523.0,Bulk Carrier
538009219,IMO9760079,Bulk Carrier,34523.0,Bulk Carrier
538009229,IMO9529463,Bulk Carrier,40142.0,Bulk Carrier
538009245,IMO9866744,Bulk Carrier,20763.0,Bulk Carrier
538009257,IMO9460514,Bulk Carrier,31508.0,Bulk Carrier
538009258,IMO9704855,Bulk Carrier,36336.0,Bulk Carrier
538009271,IMO9860295,Bulk Carrier,22360.0,Bulk Carrier
538009278,IMO9660619,Bulk Carrier,32350.0,Bulk Carrier
538009284,IMO9563407,Bulk Carrier,22409.0,Bulk Carrier
538009286,IMO9909039,Bulk Carrier,43987.0,Bulk Carrier
538009292,IMO9404429,Bulk Carrier,24165.0,Bulk Carrier
538009293,IMO9860116,Bulk Carrier,44094.0,Bulk Carrier
538009294,IMO9860128,Bulk Carrier,44094.0,Bulk Carrier
538009295,IMO9902299,General Cargo Ship,23550.0,Other Cargo
538009296,IMO9782651,Bulk Carrier,23759.0,Bulk Carrier
538009297,IMO9687239,Bulk Carrier,41071.0,Bulk Carrier
538009298,IMO9727120,Bulk Carrier,41071.0,Bulk Carrier
538009299,IMO9727118,Bulk Carrier,41071.0,Bulk Carrier
538009300,IMO9687227,,,Other Cargo
538009301,IMO9346330,Bulk Carrier,90085.0,Bulk Carrier
538009308,IMO9544384,Bulk Carrier,17018.0,Bulk Carrier
538009309,IMO9442380,Bulk Carrier,44366.0,Bulk Carrier
538009312,IMO9674218,Bulk Carrier,31557.0,Bulk Carrier
538009316,IMO9596167,Bulk Carrier,32311.0,Bulk Carrier
538009320,IMO9363675,General Cargo Ship (Open Hatch),29761.0,Other Cargo
538009326,IMO9884966,Bulk Carrier,54066.0,Bulk Carrier
538009327,IMO9884978,Bulk Carrier,54066.0,Bulk Carrier
538009328,IMO9502790,Bulk Carrier,22402.0,Bulk Carrier
538009329,IMO9860348,Wood Chips Carrier,49737.0,Other Cargo
538009334,IMO9669378,Bulk Carrier,36427.0,Bulk Carrier
538009336,IMO9340544,Bulk Carrier,42665.0,Bulk Carrier
538009339,IMO9893503,Bulk Carrier,44487.0,Bulk Carrier
538009340,IMO9877834,Bulk Carrier,49504.0,Bulk Carrier
538009349,IMO9620621,Bulk Carrier,41963.0,Bulk Carrier
538009352,IMO9919010,Bulk Carrier,35846.0,Bulk Carrier
538009354,IMO9927304,Bulk Carrier,35846.0,Bulk Carrier
538009356,IMO9919022,Bulk Carrier,35846.0,Bulk Carrier
538009359,IMO9581370,Bulk Carrier,33331.0,Bulk Carrier
538009369,IMO9700964,General Cargo Ship (Open Hatch),23224.0,Other Cargo
538009370,IMO9539468,General Cargo Ship (Open Hatch),21213.0,Other Cargo
538009372,IMO9907835,Bulk Carrier,43474.0,Bulk Carrier
538009375,IMO9440825,Container Ship (Fully Cellular),41358.0,Container Ship
538009377,IMO9442407,Bulk Carrier,44428.0,Bulk Carrier
538009386,IMO9338539,Bulk Carrier,19822.0,Bulk Carrier
538009387,IMO9757539,Bulk Carrier,21183.0,Bulk Carrier
538009388,IMO9320142,Container Ship (Fully Cellular),27915.0,Container Ship
538009389,IMO9492440,Bulk Carrier,33044.0,Bulk Carrier
538009390,IMO9377559,Container Ship (Fully Cellular),28048.0,Container Ship
538009392,IMO9254848,Container Ship (Fully Cellular),64845.0,Container Ship
538009397,IMO9908358,Bulk Carrier,23226.0,Bulk Carrier
538009398,IMO9585663,General Cargo Ship (Open Hatch),23758.0,Other Cargo
538009402,IMO9471264,Bulk Carrier,43837.0,Bulk Carrier
538009403,IMO9617739,Bulk Carrier,33180.0,Bulk Carrier
538009407,IMO9894818,Bulk Carrier,36177.0,Bulk Carrier
538009408,IMO9514224,Bulk Carrier,92382.0,Bulk Carrier
538009411,IMO9866756,Bulk Carrier,20763.0,Bulk Carrier
538009418,IMO9250701,Bulk Carrier,19872.0,Bulk Carrier
538009419,IMO9300219,Bulk Carrier,19889.0,Bulk Carrier
538009420,IMO9300207,Bulk Carrier,19885.0,Bulk Carrier
538009421,IMO9617741,Bulk Carrier,33180.0,Bulk Carrier
538009422,IMO9522881,Bulk Carrier,22683.0,Bulk Carrier
538009423,IMO9522908,Bulk Carrier,22683.0,Bulk Carrier
538009426,IMO9897913,Bulk Carrier,43672.0,Bulk Carrier
538009428,IMO9582843,Bulk Carrier,43268.0,Bulk Carrier
538009429,IMO9877858,Bulk Carrier,49445.0,Bulk Carrier
538009430,IMO9470296,General Cargo Ship (Open Hatch),22863.0,Other Cargo
538009432,IMO9597331,Bulk Carrier,40341.0,Bulk Carrier
538009433,IMO9877846,Bulk Carrier,49504.0,Bulk Carrier
538009437,IMO9330496,Container Ship (Fully Cellular),36483.0,Container Ship
538009438,IMO9707699,Bulk Carrier,36280.0,Bulk Carrier
538009442,IMO9575149,Bulk Carrier,35812.0,Bulk Carrier
538009444,IMO9377561,Container Ship (Fully Cellular),28048.0,Container Ship
538009445,IMO9473327,Bulk Carrier,41074.0,Bulk Carrier
538009446,IMO9728629,Bulk Carrier,44069.0,Bulk Carrier
538009448,IMO9582477,Bulk Carrier,43004.0,Bulk Carrier
538009451,IMO9667112,Bulk Carrier,44066.0,Bulk Carrier
538009455,IMO9828857,Bulk Carrier,44190.0,Bulk Carrier
538009462,IMO9405071,Bulk Carrier,91400.0,Bulk Carrier
538009469,IMO9650810,Bulk Carrier,23264.0,Bulk Carrier
538009477,IMO9553024,General Cargo Ship (Open Hatch),21192.0,Other Cargo
538009480,IMO9895795,Bulk Carrier,54066.0,Bulk Carrier
538009481,IMO9895800,Bulk Carrier,54066.0,Bulk Carrier
538009486,IMO9747235,Bulk Carrier,24872.0,Bulk Carrier
538009488,IMO9907847,Bulk Carrier,43474.0,Bulk Carrier
538009492,IMO9203291,Vehicles Carrier,55729.0,Other Cargo
538009496,IMO9502752,Bulk Carrier,22402.0,Bulk Carrier
538009497,IMO9502740,Bulk Carrier,22402.0,Bulk Carrier
538009498,IMO9502726,Bulk Carrier,22402.0,Bulk Carrier
538009519,IMO9651280,Bulk Carrier,40350.0,Bulk Carrier
538009520,IMO9757541,Container Ship (Fully Cellular),18910.0,Container Ship
538009521,IMO9725419,Bulk Carrier,24991.0,Bulk Carrier
538009523,IMO9312432,Container Ship (Fully Cellular),27915.0,Container Ship
538009528,IMO9748423,Bulk Carrier,34835.0,Bulk Carrier
538009529,IMO9542685,General Cargo Ship (Open Hatch),19815.0,Other Cargo
538009536,IMO9536856,General Cargo Ship (Open Hatch),21205.0,Other Cargo
538009538,IMO9637210,Bulk Carrier,36332.0,Bulk Carrier
538009539,IMO9687708,Bulk Carrier,44029.0,Bulk Carrier
538009547,IMO9725407,Bulk Carrier,24991.0,Bulk Carrier
538009555,IMO9911769,Bulk Carrier,44318.0,Bulk Carrier
538009558,IMO9527283,Bulk Carrier,39737.0,Bulk Carrier
538009559,IMO9869681,Container Ship (Fully Cellular),21391.0,Container Ship
538009563,IMO9869693,Container Ship (Fully Cellular),21423.0,Container Ship
538009564,IMO9869667,Container Ship (Fully Cellular),21423.0,Container Ship
538009565,IMO9063653,Refrigerated Cargo Ship,9438.0,Other Cargo
538009568,IMO9461233,Bulk Carrier,43012.0,Bulk Carrier
538009572,IMO9877860,Bulk Carrier,49445.0,Bulk Carrier
538009575,IMO9063665,Refrigerated Cargo Ship,9438.0,Other Cargo
538009576,IMO9179402,Refrigerated Cargo Ship,7627.0,Other Cargo
538009581,IMO9314090,Bulk Carrier,90085.0,Bulk Carrier
538009583,IMO9913327,Bulk Carrier,43453.0,Bulk Carrier
538009587,IMO9725392,Bulk Carrier,24991.0,Bulk Carrier
538009588,IMO9725380,Bulk Carrier,24991.0,Bulk Carrier
538009603,IMO9699036,Bulk Carrier,36474.0,Bulk Carrier
538009606,IMO9539444,General Cargo Ship (Open Hatch),21213.0,Other Cargo
538009609,IMO9699311,Bulk Carrier,36474.0,Bulk Carrier
538009620,IMO9370408,General Cargo Ship (Open Hatch),21192.0,Other Cargo
538009621,IMO9525869,Container Ship (Fully Cellular),141650.0,Container Ship
538009627,IMO9691400,Bulk Carrier,42495.0,Bulk Carrier
538009633,IMO9913339,Bulk Carrier,43453.0,Bulk Carrier
538009635,IMO9464390,Bulk Carrier,39737.0,Bulk Carrier
538009652,IMO9926726,Bulk Carrier,44019.0,Bulk Carrier
538009654,IMO9455911,Bulk Carrier,19998.0,Bulk Carrier
538009655,IMO9455923,Bulk Carrier,19998.0,Bulk Carrier
538009656,IMO9508847,Bulk Carrier,22656.0,Bulk Carrier
538009657,IMO9587221,Bulk Carrier,22656.0,Bulk Carrier
538009658,IMO9667447,Bulk Carrier,34800.0,Bulk Carrier
538009659,IMO9587233,Bulk Carrier,22656.0,Bulk Carrier
538009660,IMO9594535,Bulk Carrier,19998.0,Bulk Carrier
538009664,IMO9864887,Bulk Carrier,24667.0,Bulk Carrier
538009667,IMO9416458,General Cargo Ship (Open Hatch),24031.0,Other Cargo
538009669,IMO9576727,Bulk Carrier,23054.0,Bulk Carrier
538009674,IMO9500041,Bulk Carrier,31754.0,Bulk Carrier
538009677,IMO9392729,Bulk Carrier,30722.0,Bulk Carrier
538009678,IMO9523263,Bulk Carrier,43012.0,Bulk Carrier
538009691,IMO9473688,General Cargo Ship (Open Hatch),21192.0,Other Cargo
538009692,IMO9573115,Bulk Carrier,93166.0,Bulk Carrier
538009699,IMO9400693,Diving Support Vessel,4193.0,Other Cargo
538009702,IMO9447990,Bulk Carrier,92183.0,Bulk Carrier
538009707,IMO9406752,Container Ship (Fully Cellular),27003.0,Container Ship
538009709,IMO9604847,General Cargo Ship (Open Hatch),24020.0,Other Cargo
538009714,IMO9489974,Bulk Carrier,23548.0,Bulk Carrier
538009716,IMO9643623,General Cargo Ship,13110.0,Other Cargo
538009721,IMO9398876,Vehicles Carrier,20216.0,Other Cargo
538009723,IMO9481049,Vehicles Carrier,39362.0,Other Cargo
538009724,IMO9407677,Vehicles Carrier,20209.0,Other Cargo
538009726,IMO9481051,Vehicles Carrier,39362.0,Other Cargo
538009728,IMO9673018,Vehicles Carrier,62106.0,Other Cargo
538009729,IMO9481075,Vehicles Carrier,39362.0,Other Cargo
538009731,IMO9514999,Vehicles Carrier,39454.0,Other Cargo
538009733,IMO9318462,Vehicles Carrier,55775.0,Other Cargo
538009734,IMO9515008,Vehicles Carrier,39454.0,Other Cargo
538009740,IMO9634854,Bulk Carrier,43089.0,Bulk Carrier
538009748,IMO9463580,Bulk Carrier,34374.0,Bulk Carrier
538009751,IMO9923334,Bulk Carrier,34650.0,Bulk Carrier
538009775,IMO9100073,General Cargo Ship (Open Hatch),37150.0,Other Cargo
538009782,IMO9791937,Bulk Carrier,23234.0,Bulk Carrier
538009785,IMO9580027,General Cargo Ship (Open Hatch),19785.0,Other Cargo
538009787,IMO9526710,General Cargo Ship (Open Hatch),22866.0,Other Cargo
538009793,IMO9553713,Bulk Carrier,34595.0,Bulk Carrier
538009798,IMO9864899,Bulk Carrier,24667.0,Bulk Carrier
538009812,IMO9899208,Bulk Carrier,34686.0,Bulk Carrier
538009829,IMO9583706,Bulk Carrier,22697.0,Bulk Carrier
538009830,IMO9321029,Container Ship (Fully Cellular),71902.0,Container Ship
538009831,IMO9321031,Container Ship (Fully Cellular),71809.0,Container Ship
538009837,IMO9763708,Bulk Carrier,23974.0,Bulk Carrier
538009838,IMO9805661,Bulk Carrier,34312.0,Bulk Carrier
538009853,IMO9262534,Bulk Carrier,22743.0,Bulk Carrier
538009858,IMO9553725,Bulk Carrier,34595.0,Bulk Carrier
538009861,IMO9932426,Bulk Carrier,24472.0,Bulk Carrier
538009863,IMO9604770,Bulk Carrier,17025.0,Bulk Carrier
538009864,IMO9497426,Bulk Carrier,19994.0,Bulk Carrier
538009867,IMO9490818,Bulk Carrier,32839.0,Bulk Carrier
538009870,IMO9877896,Bulk Carrier,49445.0,Bulk Carrier
538009884,IMO9344552,Container Ship (Fully Cellular),27059.0,Container Ship
538009900,IMO9877901,Bulk Carrier,49445.0,Bulk Carrier
538009904,IMO9545077,Bulk Carrier,22400.0,Bulk Carrier
538009917,IMO9877913,Bulk Carrier,49445.0,Bulk Carrier
538009919,IMO9948425,Bulk Carrier,49445.0,Bulk Carrier
538009920,IMO9541837,Bulk Carrier,34456.0,Bulk Carrier
538009922,IMO9763693,Bulk Carrier,23974.0,Bulk Carrier
538009931,IMO9778997,General Cargo Ship (Open Hatch),23703.0,Other Cargo
538009947,IMO9657868,Bulk Carrier,24785.0,Bulk Carrier
538009948,IMO9928736,Bulk Carrier,34520.0,Bulk Carrier
538009953,IMO9770634,Bulk Carrier,43066.0,Bulk Carrier
538009954,IMO9188817,Vehicles Carrier,33831.0,Other Cargo
538009958,IMO9510333,Bulk Carrier,43024.0,Bulk Carrier
538009967,IMO9767493,Bulk Carrier,34769.0,Bulk Carrier
538009992,IMO9427342,Bulk Carrier,33042.0,Bulk Carrier
538010007,IMO9602693,Bulk Carrier,22409.0,Bulk Carrier
538010010,IMO9345805,Bulk Carrier,88930.0,Bulk Carrier
538010011,IMO9549451,Bulk Carrier,34508.0,Bulk Carrier
538010015,IMO9932971,Bulk Carrier,23226.0,Bulk Carrier
538010017,IMO9461271,Bulk Carrier,89441.0,Bulk Carrier
538010027,IMO9543689,Bulk Carrier,31901.0,Bulk Carrier
538010028,IMO9301859,Container Ship (Fully Cellular),39941.0,Container Ship
538010031,IMO9301122,Container Ship (Fully Cellular),15633.0,Container Ship
538010035,IMO9933418,Bulk Carrier,93718.0,Bulk Carrier
538010041,IMO9502817,Bulk Carrier,22402.0,Bulk Carrier
538010053,IMO9574028,Bulk Carrier,23264.0,Bulk Carrier
538010081,IMO9932799,Bulk Carrier,36091.0,Bulk Carrier
538010083,IMO9932804,Bulk Carrier,36091.0,Bulk Carrier
538010084,IMO9673525,Bulk Carrier,41218.0,Bulk Carrier
538010087,IMO9474204,Bulk Carrier,23432.0,Bulk Carrier
538010092,IMO9419656,Container Ship (Fully Cellular),27003.0,Container Ship
538010093,IMO9762546,Vehicles Carrier,56677.0,Other Cargo
538010094,IMO9544152,General Cargo Ship (Open Hatch),23950.0,Other Cargo
538010106,IMO9955612,Bulk Carrier,25163.0,Bulk Carrier
538010107,IMO9786061,Bulk Carrier,25163.0,Bulk Carrier
538010108,IMO9635690,Bulk Carrier,43842.0,Bulk Carrier
538010119,IMO9963528,Container Ship (Fully Cellular),29421.0,Container Ship
538010121,IMO9963516,Container Ship (Fully Cellular),29421.0,Container Ship
538010124,IMO9932933,Container Ship (Fully Cellular),18658.0,Container Ship
538010136,IMO9967627,Bulk Carrier,35908.0,Bulk Carrier
538010139,IMO9438377,General Cargo Ship,22998.0,Other Cargo
538010157,IMO9967639,Bulk Carrier,35908.0,Bulk Carrier
538010159,IMO9943578,Bulk Carrier,34476.0,Bulk Carrier
538010162,IMO9080297,,,Other Cargo
538010189,IMO9746023,Bulk Carrier,34570.0,Bulk Carrier
538010196,IMO9509619,General Cargo Ship,22863.0,Other Cargo
538010198,IMO9951977,Bulk Carrier,36177.0,Bulk Carrier
538010199,IMO9860611,Bulk Carrier,23232.0,Bulk Carrier
538010200,IMO9544138,General Cargo Ship (Open Hatch),23950.0,Other Cargo
538010202,IMO9950313,Bulk Carrier,36762.0,Bulk Carrier
538010203,IMO9958432,Bulk Carrier,36762.0,Bulk Carrier
538010230,IMO9749972,General Cargo Ship (Open Hatch),21574.0,Other Cargo
538010242,IMO9747405,Bulk Carrier,34551.0,Bulk Carrier
538010246,IMO9748069,Bulk Carrier,34860.0,Bulk Carrier
538010248,IMO9485904,Bulk Carrier,23443.0,Bulk Carrier
538010258,IMO9201645,Platform Supply Ship,2217.0,Other Cargo
538010260,IMO9949182,Bulk Carrier,44579.0,Bulk Carrier
538010263,IMO9943580,Bulk Carrier,34476.0,Bulk Carrier
538010275,IMO9938793,Bulk Carrier,44579.0,Bulk Carrier
538010279,IMO9938808,Bulk Carrier,44579.0,Bulk Carrier
538010283,IMO9509633,General Cargo Ship,22863.0,Other Cargo
538010297,IMO9715452,Bulk Carrier,43036.0,Bulk Carrier
538010307,IMO9235983,General Cargo Ship,23132.0,Other Cargo
538010308,IMO9919515,Bulk Carrier,23238.0,Bulk Carrier
538010309,IMO9764013,General Cargo Ship (Open Hatch),22303.0,Other Cargo
538010311,IMO9231145,General Cargo Ship,23132.0,Other Cargo
538010315,IMO9948839,Bulk Carrier,49445.0,Bulk Carrier
538010327,IMO9491678,General Cargo Ship (Open Hatch),22863.0,Other Cargo
538010328,IMO9714721,Bulk Carrier,34835.0,Bulk Carrier
538010334,IMO9571430,Bulk Carrier,22910.0,Bulk Carrier
538010340,IMO9614311,General Cargo Ship,20992.0,Other Cargo
538010348,IMO9790842,Bulk Carrier,35832.0,Bulk Carrier
538010349,IMO9606053,Bulk Carrier,22866.0,Bulk Carrier
538010366,IMO9721061,Bulk Carrier,36353.0,Bulk Carrier
538010367,IMO9721073,Bulk Carrier,36353.0,Bulk Carrier
538010369,IMO9427940,Vehicles Carrier,47057.0,Other Cargo
538010377,IMO9820960,Bulk Carrier,35835.0,Bulk Carrier
538010381,IMO9786073,Bulk Carrier,25163.0,Bulk Carrier
538010382,IMO9948255,Bulk Carrier,23759.0,Bulk Carrier
538010386,IMO9949352,Bulk Carrier,44579.0,Bulk Carrier
538010389,IMO9720964,Bulk Carrier,36353.0,Bulk Carrier
538010390,IMO9722338,Bulk Carrier,36294.0,Bulk Carrier
538010391,IMO9725744,Bulk Carrier,36426.0,Bulk Carrier
538010392,IMO9612296,Bulk Carrier,22850.0,Bulk Carrier
538010394,IMO9675781,Bulk Carrier,34803.0,Bulk Carrier
538010400,IMO9472206,Vehicles Carrier,72408.0,Other Cargo
538010415,IMO929828400,,,Other Cargo
538010426,IMO9955624,Bulk Carrier,25163.0,Bulk Carrier
538010428,IMO9583146,Bulk Carrier,32305.0,Bulk Carrier
538010430,IMO9950428,Bulk Carrier,36298.0,Bulk Carrier
538010432,IMO9959072,Bulk Carrier,25010.0,Bulk Carrier
538010438,IMO9494486,Bulk Carrier,35246.0,Bulk Carrier
538010441,IMO9952232,Bulk Carrier,36298.0,Bulk Carrier
538010446,IMO9826445,Bulk Carrier,35332.0,Bulk Carrier
538010447,IMO9856232,Bulk Carrier,35906.0,Bulk Carrier
538010451,IMO9336012,Bulk Carrier,89728.0,Bulk Carrier
538010474,IMO9511466,Bulk Carrier,91971.0,Bulk Carrier
538010481,IMO9950624,Bulk Carrier,25831.0,Bulk Carrier
538010497,IMO9494060,Bulk Carrier,32315.0,Bulk Carrier
538010499,IMO9950703,Bulk Carrier,49508.0,Bulk Carrier
538010507,IMO9703459,General Cargo Ship (Open Hatch),22160.0,Other Cargo
538010508,IMO9954955,Bulk Carrier,35433.0,Bulk Carrier
538010512,IMO9955636,Bulk Carrier,25163.0,Bulk Carrier
538010518,IMO9948267,Bulk Carrier,23759.0,Bulk Carrier
538010520,IMO9959084,Bulk Carrier,25010.0,Bulk Carrier
538010526,IMO9964106,Bulk Carrier,36460.0,Bulk Carrier
538010527,IMO9606120,Bulk Carrier,30092.0,Bulk Carrier
538010528,IMO9376373,Bulk Carrier,42702.0,Bulk Carrier
538010539,IMO9949663,Bulk Carrier,43672.0,Bulk Carrier
538010540,IMO9528005,Bulk Carrier,20809.0,Bulk Carrier
538010541,IMO9969120,Bulk Carrier,23232.0,Bulk Carrier
538010542,IMO9960186,Bulk Carrier,23232.0,Bulk Carrier
538010565,IMO9775141,Bulk Carrier,35955.0,Bulk Carrier
538010575,IMO9725885,Bulk Carrier,26411.0,Bulk Carrier
538010588,IMO9612131,Bulk Carrier,24212.0,Bulk Carrier
538010599,IMO9950715,Bulk Carrier,49508.0,Bulk Carrier
538010600,IMO9960174,Bulk Carrier,23228.0,Bulk Carrier
538010605,IMO9708916,Bulk Carrier,32399.0,Bulk Carrier
538010606,IMO9964118,Bulk Carrier,36460.0,Bulk Carrier
538010607,IMO9715438,Bulk Carrier,43036.0,Bulk Carrier
538010610,IMO9594509,General Cargo Ship,22863.0,Other Cargo
538010616,IMO9969144,Bulk Carrier,36142.0,Bulk Carrier
538010620,IMO9948279,Bulk Carrier,23759.0,Bulk Carrier
538010641,IMO9359727,Container Ship (Fully Cellular),27356.0,Container Ship
538010647,IMO9700926,General Cargo Ship (Open Hatch),20981.0,Other Cargo
538010656,IMO9688855,Bulk Carrier,23433.0,Bulk Carrier
538010677,IMO9715440,Bulk Carrier,43036.0,Bulk Carrier
538010680,IMO9973420,Bulk Carrier,23759.0,Bulk Carrier
538010683,IMO9846110,Bulk Carrier,43310.0,Bulk Carrier
538010690,IMO9951721,Container Ship (Fully Cellular),29658.0,Container Ship
538010693,IMO9951733,Container Ship (Fully Cellular),29658.0,Container Ship
538010694,IMO9982055,Bulk Carrier,35548.0,Bulk Carrier
538010700,IMO9461805,Bulk Carrier,33338.0,Bulk Carrier
538010701,IMO9239800,Bulk Carrier,18311.0,Bulk Carrier
538010703,IMO9960459,Bulk Carrier,36412.0,Bulk Carrier
538010707,IMO9672040,Bulk Carrier,36518.0,Bulk Carrier
538010711,IMO9955595,Bulk Carrier,49508.0,Bulk Carrier
538010712,IMO9955583,Bulk Carrier,49508.0,Bulk Carrier
538010720,IMO9660152,General Cargo Ship,13110.0,Other Cargo
538010731,IMO9958339,Bulk Carrier,24754.0,Bulk Carrier
538010732,IMO9965851,Bulk Carrier,36091.0,Bulk Carrier
538010737,IMO9663233,Bulk Carrier,36353.0,Bulk Carrier
538010740,IMO9953834,Container Ship (Fully Cellular),29658.0,Container Ship
538010741,IMO9960784,Container Ship (Fully Cellular),29658.0,Container Ship
538010747,IMO9414448,Bulk Carrier,19999.0,Bulk Carrier
538010754,IMO9960461,Bulk Carrier,36412.0,Bulk Carrier
538010759,IMO9739032,Bulk Carrier,43037.0,Bulk Carrier
538010764,IMO9606003,General Cargo Ship (Open Hatch),22866.0,Other Cargo
538010765,IMO9476953,Bulk Carrier,40077.0,Bulk Carrier
538010773,IMO9860221,Bulk Carrier,34508.0,Bulk Carrier
538010777,IMO9975375,Bulk Carrier,21043.0,Bulk Carrier
538010787,IMO9944338,Bulk Carrier,43672.0,Bulk Carrier
538010794,IMO9322334,Container Ship (Fully Cellular),39906.0,Container Ship
538010802,IMO9698329,Bulk Carrier,35872.0,Bulk Carrier
538010803,IMO9700081,Bulk Carrier,35872.0,Bulk Carrier
538010805,IMO9975387,Bulk Carrier,21043.0,Bulk Carrier
538010807,IMO9985784,Bulk Carrier,36157.0,Bulk Carrier
538010819,IMO9670731,Bulk Carrier,26411.0,Bulk Carrier
538010820,IMO9670743,Bulk Carrier,26411.0,Bulk Carrier
538010821,IMO9670755,Bulk Carrier,26411.0,Bulk Carrier
538010829,IMO9731406,Bulk Carrier,26436.0,Bulk Carrier
538010834,IMO9958341,Bulk Carrier,24754.0,Bulk Carrier
538010854,IMO9490674,Bulk Carrier,32880.0,Bulk Carrier
538010856,IMO9700782,Bulk Carrier,34812.0,Bulk Carrier
538010859,IMO9967122,Bulk Carrier,35716.0,Bulk Carrier
538010868,IMO9318474,Vehicles Carrier,55775.0,Other Cargo
538010871,IMO9633202,Bulk Carrier,23264.0,Bulk Carrier
538010873,IMO9642162,General Cargo Ship (Open Hatch),23273.0,Other Cargo
538010877,IMO9983657,Bulk Carrier,36139.0,Bulk Carrier
538010879,IMO9782156,Bulk Carrier,43471.0,Bulk Carrier
538010909,IMO9668398,Bulk Carrier,34801.0,Bulk Carrier
538010910,IMO9987251,Bulk Carrier,43455.0,Bulk Carrier
538010918,IMO9846108,Bulk Carrier,43310.0,Bulk Carrier
538010919,IMO9969182,Bulk Carrier,36142.0,Bulk Carrier
538010926,IMO9657404,Bulk Carrier,22400.0,Bulk Carrier
538010927,IMO9414759,Bulk Carrier,20809.0,Bulk Carrier
538010944,IMO9509671,General Cargo Ship,22863.0,Other Cargo
538010957,IMO9965655,Bulk Carrier,25015.0,Bulk Carrier
538010965,IMO9953779,Bulk Carrier,35564.0,Bulk Carrier
538010969,IMO1029479,Bulk Carrier,35748.0,Bulk Carrier
538010983,IMO9857444,Container Ship (Fully Cellular),31622.0,Container Ship
538010985,IMO9414761,Bulk Carrier,20809.0,Bulk Carrier
538010987,IMO9548328,Bulk Carrier,20865.0,Bulk Carrier
538011001,IMO9578787,Bulk Carrier,33010.0,Bulk Carrier
538011010,IMO9477816,Bulk Carrier,48026.0,Bulk Carrier
538011011,IMO9674787,Bulk Carrier,21718.0,Bulk Carrier
538011012,IMO9965863,Bulk Carrier,36091.0,Bulk Carrier
538011017,IMO9972892,Container Ship (Fully Cellular),29914.0,Container Ship
538011019,IMO9972995,Container Ship (Fully Cellular),29914.0,Container Ship
538011020,IMO9972983,Container Ship (Fully Cellular),29914.0,Container Ship
538011021,IMO9973004,Container Ship (Fully Cellular),29914.0,Container Ship
538011022,IMO9987249,Bulk Carrier,43455.0,Bulk Carrier
538011025,IMO9725902,Bulk Carrier,26411.0,Bulk Carrier
538011026,IMO9725897,Bulk Carrier,26411.0,Bulk Carrier
538011036,IMO1014424,Bulk Carrier,24441.0,Bulk Carrier
538011062,IMO9659189,General Cargo Ship (Open Hatch),23749.0,Other Cargo
538011064,IMO9985796,Bulk Carrier,36137.0,Bulk Carrier
538011082,IMO9595149,Bulk Carrier,23790.0,Bulk Carrier
538011084,IMO9668972,Ro-Ro Cargo Ship,51055.0,Other Cargo
538011092,IMO9863807,Bulk Carrier,35906.0,Bulk Carrier
538011105,IMO9623764,Bulk Carrier,32370.0,Bulk Carrier
538011106,IMO9497579,Bulk Carrier,64234.0,Bulk Carrier
538011108,IMO9986972,Bulk Carrier,36452.0,Bulk Carrier
538011112,IMO9977153,Bulk Carrier,49508.0,Bulk Carrier
538011116,IMO9414474,Bulk Carrier,19999.0,Bulk Carrier
538011122,IMO9420320,Bulk Carrier,30764.0,Bulk Carrier
538011123,IMO9622837,Bulk Carrier,31767.0,Bulk Carrier
538011127,IMO9865233,Bulk Carrier,24332.0,Bulk Carrier
538011128,IMO9755921,General Cargo Ship (Open Hatch),22522.0,Other Cargo
538011130,IMO9973535,Bulk Carrier,25015.0,Bulk Carrier
538011145,IMO1044065,Bulk Carrier,35724.0,Bulk Carrier
538011158,IMO9668984,Ro-Ro Cargo Ship,51055.0,Other Cargo
538011163,IMO9975416,Bulk Carrier,21043.0,Bulk Carrier
538011164,IMO9974008,Bulk Carrier,43659.0,Bulk Carrier
538011173,IMO9738727,Bulk Carrier,23281.0,Bulk Carrier
538011184,IMO9749843,Bulk Carrier,21538.0,Bulk Carrier
538011185,IMO9979230,Bulk Carrier,36142.0,Bulk Carrier
538011186,IMO9343625,General Cargo Ship (Open Hatch),20236.0,Other Cargo
538011187,IMO9517549,Bulk Carrier,21497.0,Bulk Carrier
538011202,IMO9401843,General Cargo Ship (Open Hatch),29829.0,Other Cargo
538011205,IMO9681871,Bulk Carrier,24785.0,Bulk Carrier
538011207,IMO9937543,Container Ship (Fully Cellular),73172.0,Container Ship
538011210,IMO9977165,Bulk Carrier,49508.0,Bulk Carrier
538011221,IMO9330616,Vehicles Carrier,59705.0,Other Cargo
538011223,IMO9983475,Bulk Carrier,24754.0,Bulk Carrier
538011248,IMO9965538,Bulk Carrier,24496.0,Bulk Carrier
538011259,IMO9976032,Bulk Carrier,25010.0,Bulk Carrier
538011260,IMO9597678,General Cargo Ship (Open Hatch),22866.0,Other Cargo
538011271,IMO9767065,Bulk Carrier,34624.0,Bulk Carrier
538011286,IMO9580247,General Cargo Ship,5715.0,Other Cargo
538011295,IMO9749996,General Cargo Ship (Open Hatch),21521.0,Other Cargo
538011302,IMO9652507,Bulk Carrier,43656.0,Bulk Carrier
538011303,IMO9464780,Bulk Carrier,43846.0,Bulk Carrier
538011323,IMO9365831,Container Ship (Fully Cellular),21092.0,Container Ship
538011325,IMO9972529,Bulk Carrier,25171.0,Bulk Carrier
538011350,IMO9779018,General Cargo Ship (Open Hatch),23703.0,Other Cargo
538011352,IMO9623740,Bulk Carrier,42995.0,Bulk Carrier
538011356,IMO9552991,Bulk Carrier,43740.0,Bulk Carrier
538011357,IMO1035997,Bulk Carrier,25003.0,Bulk Carrier
538011369,IMO9711937,Bulk Carrier,43379.0,Bulk Carrier
538011392,IMO9668556,General Cargo Ship (Open Hatch),22469.0,Other Cargo
538011395,IMO9416446,Bulk Carrier,23985.0,Bulk Carrier
538011401,IMO9449340,Bulk Carrier,23456.0,Bulk Carrier
538011430,IMO1060746,Bulk Carrier,25837.0,Bulk Carrier
538011449,IMO9693771,Bulk Carrier,44046.0,Bulk Carrier
538011480,IMO9426104,Bulk Carrier,51255.0,Bulk Carrier
538011490,IMO1042146,Bulk Carrier,25855.0,Bulk Carrier
538011494,IMO1015741,Bulk Carrier,24467.0,Bulk Carrier
538011497,IMO1051410,Bulk Carrier,44895.0,Bulk Carrier
538011511,IMO9993511,Bulk Carrier,24754.0,Bulk Carrier
538011553,IMO9421257,Bulk Carrier,31091.0,Bulk Carrier
538011562,IMO9880283,Bulk Carrier,44403.0,Bulk Carrier
538011567,IMO1037658,Bulk Carrier,36388.0,Bulk Carrier
538011576,IMO9796561,Bulk Carrier,43231.0,Bulk Carrier
538011651,IMO9834856,Bulk Carrier,23765.0,Bulk Carrier
538011706,IMO9625463,Bulk Carrier,23638.0,Bulk Carrier
538011711,IMO9738894,Bulk Carrier,23260.0,Bulk Carrier
538011714,IMO9954175,Container Ship (Fully Cellular),52228.0,Container Ship
538011724,IMO1026582,Bulk Carrier,44771.0,Bulk Carrier
538011725,IMO9767443,Bulk Carrier,23351.0,Bulk Carrier
538011832,IMO9811517,Bulk Carrier,22734.0,Bulk Carrier
538011860,IMO9509528,Bulk Carrier,31532.0,Bulk Carrier
538011871,IMO9603154,Bulk Carrier,44047.0,Bulk Carrier
538011963,IMO9827310,Bulk Carrier,21547.0,Bulk Carrier
538090070,IMO9231092,General Cargo Ship,23132.0,Other Cargo
538090538,IMO9827310,Bulk Carrier,21547.0,Bulk Carrier
538090542,IMO9830769,Heavy Load Carrier,18401.0,Other Cargo
538090551,IMO9834856,Bulk Carrier,23765.0,Bulk Carrier
538090555,IMO9634438,Bulk Carrier,31754.0,Bulk Carrier
538090556,IMO9827322,Bulk Carrier,21547.0,Bulk Carrier
538090560,IMO9262560,General Cargo Ship,24918.0,Other Cargo
538090564,IMO9225249,General Cargo Ship,27828.0,Other Cargo
538090565,IMO9225251,General Cargo Ship,27839.0,Other Cargo
538090572,IMO9412622,General Cargo Ship (Open Hatch),19846.0,Other Cargo
538090573,IMO9379650,Bulk Carrier,19846.0,Bulk Carrier
538090581,IMO9663738,Bulk Carrier,25303.0,Bulk Carrier
538090583,IMO9459436,Container Ship (Fully Cellular),38388.0,Container Ship
538090584,IMO9456953,Container Ship (Fully Cellular),41331.0,Container Ship
538090604,IMO9253155,General Cargo Ship,23119.0,Other Cargo
538090606,IMO9765586,Container Ship (Fully Cellular),17907.0,Container Ship
538090614,IMO9709233,Bulk Carrier,25546.0,Bulk Carrier
538090638,IMO9650755,Bulk Carrier,41963.0,Bulk Carrier
538090640,IMO9707742,Bulk Carrier,25303.0,Bulk Carrier
538090642,IMO9526722,General Cargo Ship (Open Hatch),22866.0,Other Cargo
538090644,IMO9427952,Vehicles Carrier,47057.0,Other Cargo
538090649,IMO9717345,Bulk Carrier,43968.0,Bulk Carrier
538090660,IMO9741736,Bulk Carrier,25598.0,Bulk Carrier
538090663,IMO9830123,Bulk Carrier,25546.0,Bulk Carrier
538090667,IMO9566590,Bulk Carrier,58596.0,Bulk Carrier
538090668,IMO9393632,General Cargo Ship (Open Hatch),22697.0,Other Cargo
538090673,IMO9393620,General Cargo Ship (Open Hatch),22697.0,Other Cargo
548263500,IMO9327592,Container Ship (Fully Cellular),9957.0,Container Ship
548533000,IMO9855446,Bulk Carrier,25189.0,Bulk Carrier
548652000,IMO9254501,Bulk Carrier,30011.0,Bulk Carrier
548694000,IMO9867578,Bulk Carrier,43310.0,Bulk Carrier
548704000,IMO7920962,,,Other Cargo
548743000,IMO9934814,Bulk Carrier,25163.0,Bulk Carrier
548758000,IMO9989285,Bulk Carrier,25171.0,Bulk Carrier
548862000,IMO9932141,Bulk Carrier,25163.0,Bulk Carrier
548899000,IMO9700005,Bulk Carrier,24868.0,Bulk Carrier
548910000,IMO9700029,Bulk Carrier,24868.0,Bulk Carrier
548913000,IMO9700031,Bulk Carrier,24868.0,Bulk Carrier
548922000,IMO9743215,Bulk Carrier,24868.0,Bulk Carrier
548928000,IMO9703423,Bulk Carrier,25442.0,Bulk Carrier
548932000,IMO9717345,Bulk Carrier,43968.0,Bulk Carrier
548937000,IMO9747247,Bulk Carrier,24872.0,Bulk Carrier
548940000,IMO9743227,Bulk Carrier,24872.0,Bulk Carrier
548946000,IMO9761231,Bulk Carrier,24842.0,Bulk Carrier
548950000,IMO9756925,Bulk Carrier,43968.0,Bulk Carrier
548954000,IMO9771482,Bulk Carrier,24872.0,Bulk Carrier
548961000,IMO9808663,Bulk Carrier,25189.0,Bulk Carrier
548962000,IMO9989314,Bulk Carrier,25171.0,Bulk Carrier
548965000,IMO9989364,Bulk Carrier,25171.0,Bulk Carrier
548966000,IMO9808675,Bulk Carrier,25189.0,Bulk Carrier
548973000,IMO9831488,Bulk Carrier,25189.0,Bulk Carrier
548976000,IMO9831490,Bulk Carrier,25189.0,Bulk Carrier
548977000,IMO9831505,Bulk Carrier,25189.0,Bulk Carrier
548980000,IMO9855410,Bulk Carrier,25189.0,Bulk Carrier
548984000,IMO9855525,Bulk Carrier,43968.0,Bulk Carrier
548986000,IMO9855422,Bulk Carrier,25189.0,Bulk Carrier
548987000,IMO9855549,Bulk Carrier,43968.0,Bulk Carrier
548989000,IMO9846093,Bulk Carrier,43310.0,Bulk Carrier
548990000,IMO9856232,Bulk Carrier,35906.0,Bulk Carrier
548991000,IMO9838498,Bulk Carrier,34728.0,Bulk Carrier
548993000,IMO9856244,Bulk Carrier,35906.0,Bulk Carrier
548995000,IMO9855460,Bulk Carrier,25189.0,Bulk Carrier
548996000,IMO9846108,Bulk Carrier,43310.0,Bulk Carrier
548997000,IMO9856256,Bulk Carrier,35906.0,Bulk Carrier
548998000,IMO9838503,Bulk Carrier,34728.0,Bulk Carrier
563000400,IMO9289922,Container Ship (Fully Cellular),93511.0,Container Ship
563000500,IMO9289958,Container Ship (Fully Cellular),93511.0,Container Ship
563000600,IMO9308649,Container Ship (Fully Cellular),93511.0,Container Ship
563000700,IMO9299927,Container Ship (Fully Cellular),93511.0,Container Ship
563000800,IMO9289946,Container Ship (Fully Cellular),93511.0,Container Ship
563000900,IMO9289934,Container Ship (Fully Cellular),93511.0,Container Ship
563001700,IMO9726671,Container Ship (Fully Cellular),95205.0,Container Ship
563001900,IMO9686338,Bulk Carrier,23857.0,Bulk Carrier
563002100,IMO9725718,Container Ship (Fully Cellular),95205.0,Container Ship
563002700,IMO9736080,Bulk Carrier,34157.0,Bulk Carrier
563004200,IMO9697428,Container Ship (Fully Cellular),95128.0,Container Ship
563004900,IMO9300441,Container Ship (Fully Cellular),76261.0,Container Ship
563005500,IMO9782326,Bulk Carrier,35832.0,Bulk Carrier
563005600,IMO9626302,Bulk Carrier,22664.0,Bulk Carrier
563006200,IMO9782261,Bulk Carrier,34778.0,Bulk Carrier
563006800,IMO9726669,Container Ship (Fully Cellular),95205.0,Container Ship
563006900,IMO9703590,Bulk Carrier,36286.0,Bulk Carrier
563007100,IMO9703605,Bulk Carrier,36286.0,Bulk Carrier
563008300,IMO9752199,Bulk Carrier,109716.0,Bulk Carrier
563008500,IMO9782168,Bulk Carrier,43484.0,Bulk Carrier
563008700,IMO9663312,Bulk Carrier,34808.0,Bulk Carrier
563012100,IMO9317559,Bulk Carrier,30678.0,Bulk Carrier
563012500,IMO9727182,Bulk Carrier,34229.0,Bulk Carrier
563014400,IMO9772864,Bulk Carrier,43984.0,Bulk Carrier
563015400,IMO9806770,Bulk Carrier,35187.0,Bulk Carrier
563015800,IMO9782027,Bulk Carrier,43665.0,Bulk Carrier
563016600,IMO9725005,Bulk Carrier,35336.0,Bulk Carrier
563016700,IMO9725017,Bulk Carrier,35336.0,Bulk Carrier
563018500,IMO9766920,General Cargo Ship (Open Hatch),39655.0,Other Cargo
563020100,IMO9726449,Bulk Carrier,36416.0,Bulk Carrier
563020400,IMO9737474,Container Ship (Fully Cellular),152426.0,Container Ship
563020500,IMO9796949,Bulk Carrier,34605.0,Bulk Carrier
563023500,IMO9796951,Bulk Carrier,34605.0,Bulk Carrier
563024600,IMO9743473,Container Ship (Fully Cellular),27279.0,Container Ship
563024700,IMO9743485,Container Ship (Fully Cellular),27279.0,Container Ship
563024800,IMO9743497,Container Ship (Fully Cellular),27279.0,Container Ship
563024900,IMO9743502,Container Ship (Fully Cellular),27279.0,Container Ship
563025500,IMO9725029,Bulk Carrier,35336.0,Bulk Carrier
563025600,IMO9312810,Container Ship (Fully Cellular),97825.0,Container Ship
563025800,IMO9799771,Bulk Carrier,34229.0,Bulk Carrier
563027200,IMO9407524,Bulk Carrier,30811.0,Bulk Carrier
563027400,IMO9744520,Bulk Carrier,35832.0,Bulk Carrier
563028400,IMO9811555,Bulk Carrier,34164.0,Bulk Carrier
563029200,IMO9403023,Bulk Carrier,32414.0,Bulk Carrier
563029900,IMO9737498,Container Ship (Fully Cellular),153014.0,Container Ship
563032700,IMO9303534,Container Ship (Fully Cellular),94483.0,Container Ship
563032800,IMO9303522,Container Ship (Fully Cellular),94483.0,Container Ship
563032900,IMO9306550,Container Ship (Fully Cellular),94483.0,Container Ship
563033000,IMO9629110,Container Ship (Fully Cellular),101063.0,Container Ship
563033400,IMO9781073,Bulk Carrier,35613.0,Bulk Carrier
563033500,IMO9817559,Bulk Carrier,34164.0,Bulk Carrier
563034800,IMO9786724,Container Ship (Fully Cellular),114418.0,Container Ship
563038600,IMO9755921,General Cargo Ship (Open Hatch),22522.0,Other Cargo
563039400,IMO9440978,Bulk Carrier,32415.0,Bulk Carrier
563040700,IMO9781085,Bulk Carrier,35613.0,Bulk Carrier
563041400,IMO9736949,Bulk Carrier,93297.0,Bulk Carrier
563048400,IMO9312987,Container Ship (Fully Cellular),98799.0,Container Ship
563049700,IMO9626388,Bulk Carrier,22662.0,Bulk Carrier
563049900,IMO9699189,Container Ship (Fully Cellular),94930.0,Container Ship
563050100,IMO9273923,Container Ship (Fully Cellular),25709.0,Container Ship
563050400,IMO9348065,Container Ship (Fully Cellular),69132.0,Container Ship
563050500,IMO9786774,Container Ship (Fully Cellular),43628.0,Container Ship
563050600,IMO9283227,Container Ship (Fully Cellular),69132.0,Container Ship
563051200,IMO9283186,Container Ship (Fully Cellular),69132.0,Container Ship
563051300,IMO9283203,Container Ship (Fully Cellular),69132.0,Container Ship
563051400,IMO9283215,Container Ship (Fully Cellular),69132.0,Container Ship
563051500,IMO9786786,Container Ship (Fully Cellular),43628.0,Container Ship
563051700,IMO9348053,Container Ship (Fully Cellular),69132.0,Container Ship
563051800,IMO9283239,Container Ship (Fully Cellular),69132.0,Container Ship
563052100,IMO9357949,Container Ship (Fully Cellular),69132.0,Container Ship
563052400,IMO9348077,Container Ship (Fully Cellular),69132.0,Container Ship
563052500,IMO9283198,Container Ship (Fully Cellular),69132.0,Container Ship
563052700,IMO9484572,Container Ship (Fully Cellular),47877.0,Container Ship
563052800,IMO9699206,Container Ship (Fully Cellular),94930.0,Container Ship
563053200,IMO9782649,Bulk Carrier,34986.0,Bulk Carrier
563053600,IMO9440928,Bulk Carrier,32415.0,Bulk Carrier
563053900,IMO9551674,Bulk Carrier,32987.0,Bulk Carrier
563056500,IMO9403140,Bulk Carrier,32379.0,Bulk Carrier
563056700,IMO9256391,Container Ship (Fully Cellular),18334.0,Container Ship
563057700,IMO9767443,Bulk Carrier,23351.0,Bulk Carrier
563059100,IMO9837286,Bulk Carrier,43325.0,Bulk Carrier
563060500,IMO9700146,Bulk Carrier,36353.0,Bulk Carrier
563061300,IMO9313008,Container Ship (Fully Cellular),99543.0,Container Ship
563061900,IMO9802267,Bulk Carrier,35607.0,Bulk Carrier
563062200,IMO9725706,Container Ship (Fully Cellular),95128.0,Container Ship
563062300,IMO9697416,Container Ship (Fully Cellular),95128.0,Container Ship
563062600,IMO9525950,Container Ship (Fully Cellular),26374.0,Container Ship
563062700,IMO9525948,Container Ship (Fully Cellular),26374.0,Container Ship
563065800,IMO9841938,Bulk Carrier,25696.0,Bulk Carrier
563066900,IMO9786750,Container Ship (Fully Cellular),43628.0,Container Ship
563070300,IMO9490674,Bulk Carrier,32880.0,Bulk Carrier
563070700,IMO9790866,Bulk Carrier,35832.0,Bulk Carrier
563073100,IMO9841940,Bulk Carrier,25696.0,Bulk Carrier
563073500,IMO9757216,Container Ship (Fully Cellular),151451.0,Container Ship
563073700,IMO9348651,Container Ship (Fully Cellular),74642.0,Container Ship
563073800,IMO9193240,Container Ship (Fully Cellular),50698.0,Container Ship
563076200,IMO9235543,Container Ship (Fully Cellular),50686.0,Container Ship
563076300,IMO9235555,Container Ship (Fully Cellular),50686.0,Container Ship
563076400,IMO9701164,Bulk Carrier,40937.0,Bulk Carrier
563076900,IMO9820673,Bulk Carrier,44062.0,Bulk Carrier
563077000,IMO9367580,Vehicles Carrier,51917.0,Other Cargo
563077400,IMO9235579,Container Ship (Fully Cellular),50686.0,Container Ship
563077800,IMO9300427,Container Ship (Fully Cellular),76185.0,Container Ship
563079000,IMO9416989,Container Ship (Fully Cellular),55487.0,Container Ship
563079400,IMO9836464,Bulk Carrier,43071.0,Bulk Carrier
563080300,IMO9859313,Bulk Carrier,35868.0,Bulk Carrier
563081200,IMO9836438,Bulk Carrier,43206.0,Bulk Carrier
563081600,IMO9858527,Bulk Carrier,43518.0,Bulk Carrier
563081700,IMO9633147,Bulk Carrier,50626.0,Bulk Carrier
563084400,IMO9219800,Container Ship (Fully Cellular),92198.0,Container Ship
563084800,IMO9300439,Container Ship (Fully Cellular),76261.0,Container Ship
563088600,IMO9731212,Bulk Carrier,54946.0,Bulk Carrier
563089500,IMO9870874,Bulk Carrier,35061.0,Bulk Carrier
563090200,IMO9398436,Container Ship (Fully Cellular),114044.0,Container Ship
563090300,IMO9501239,Container Ship (Fully Cellular),142121.0,Container Ship
563090400,IMO9502910,Container Ship (Fully Cellular),142121.0,Container Ship
563090500,IMO9502867,Container Ship (Fully Cellular),142121.0,Container Ship
563093300,IMO9860738,Bulk Carrier,35953.0,Bulk Carrier
563094500,IMO9767481,Bulk Carrier,34804.0,Bulk Carrier
563094600,IMO9528665,Bulk Carrier,94051.0,Bulk Carrier
563096200,IMO9866641,General Cargo Ship (Open Hatch),23232.0,Other Cargo
563096500,IMO9697026,Container Ship (Fully Cellular),28316.0,Container Ship
563096700,IMO9300465,Container Ship (Fully Cellular),76261.0,Container Ship
563098300,IMO9858539,Bulk Carrier,43518.0,Bulk Carrier
563098700,IMO9836373,Bulk Carrier,43044.0,Bulk Carrier
563098900,IMO9443360,General Cargo Ship,21238.0,Other Cargo
563099500,IMO9861160,Bulk Carrier,25696.0,Bulk Carrier
563101600,IMO9632480,Container Ship (Fully Cellular),51032.0,Container Ship
563102000,IMO9394870,Container Ship (Fully Cellular),35835.0,Container Ship
563102400,IMO9300477,Container Ship (Fully Cellular),76261.0,Container Ship
563103200,IMO9786762,Container Ship (Fully Cellular),43628.0,Container Ship
563103900,IMO9443358,General Cargo Ship,21238.0,Other Cargo
563104800,IMO9871206,Bulk Carrier,44397.0,Bulk Carrier
563105100,IMO9874272,Bulk Carrier,36463.0,Bulk Carrier
563106200,IMO9882994,Bulk Carrier,23232.0,Bulk Carrier
563107300,IMO9865556,Bulk Carrier,44397.0,Bulk Carrier
563107400,IMO9880362,Bulk Carrier,34629.0,Bulk Carrier
563107500,IMO9853060,Bulk Carrier,50595.0,Bulk Carrier
563107600,IMO9881378,Bulk Carrier,43376.0,Bulk Carrier
563107900,IMO9883120,Bulk Carrier,35956.0,Bulk Carrier
563108700,IMO9884370,Bulk Carrier,23239.0,Bulk Carrier
563108800,IMO9785976,Bulk Carrier,44397.0,Bulk Carrier
563108900,IMO9882982,Bulk Carrier,35953.0,Bulk Carrier
563109100,IMO9644536,Bulk Carrier,40954.0,Bulk Carrier
563109300,IMO9870460,Bulk Carrier,44397.0,Bulk Carrier
563109600,IMO9573751,Bulk Carrier,92752.0,Bulk Carrier
563109700,IMO9877327,General Cargo Ship (Open Hatch),23703.0,Other Cargo
563112400,IMO9597343,Bulk Carrier,40341.0,Bulk Carrier
563112700,IMO9536844,General Cargo Ship (Open Hatch),21290.0,Other Cargo
563113900,IMO9731391,Bulk Carrier,26436.0,Bulk Carrier
563114800,IMO9888209,Bulk Carrier,35607.0,Bulk Carrier
563115200,IMO9860269,Bulk Carrier,22360.0,Bulk Carrier
563115700,IMO9739032,Bulk Carrier,43037.0,Bulk Carrier
563116200,IMO9888869,Bulk Carrier,23573.0,Bulk Carrier
563118100,IMO9875355,Container Ship (Fully Cellular),31629.0,Container Ship
563119000,IMO9387449,Container Ship (Fully Cellular),27003.0,Container Ship
563119200,IMO9866720,Bulk Carrier,52956.0,Bulk Carrier
563119800,IMO9876919,Bulk Carrier,43672.0,Bulk Carrier
563121400,IMO9317690,General Cargo Ship (Open Hatch),22698.0,Other Cargo
563121900,IMO9833383,Container Ship (Fully Cellular),19169.0,Container Ship
563122700,IMO9860283,Bulk Carrier,22360.0,Bulk Carrier
563122800,IMO9714812,Bulk Carrier,34447.0,Bulk Carrier
563123500,IMO9400186,Container Ship (Fully Cellular),43079.0,Container Ship
563124100,IMO9767584,Bulk Carrier,34830.0,Bulk Carrier
563124400,IMO9817353,Container Ship (Fully Cellular),34529.0,Container Ship
563126500,IMO9440784,Container Ship (Fully Cellular),41358.0,Container Ship
563126700,IMO9307035,Container Ship (Fully Cellular),71837.0,Container Ship
563127900,IMO9398424,Container Ship (Fully Cellular),91158.0,Container Ship
563128100,IMO9892951,LPG Tanker,49997.0,Other Cargo
563128400,IMO9890240,Bulk Carrier,22360.0,Bulk Carrier
563129600,IMO9470739,Container Ship (Fully Cellular),17211.0,Container Ship
563129700,IMO9881873,Bulk Carrier,36087.0,Bulk Carrier
563130100,IMO9622019,Container Ship (Fully Cellular),47873.0,Container Ship
563130400,IMO9398242,Container Ship (Fully Cellular),75582.0,Container Ship
563130600,IMO9348663,Container Ship (Fully Cellular),54675.0,Container Ship
563131100,IMO9906300,Bulk Carrier,44375.0,Bulk Carrier
563131400,IMO9908499,Bulk Carrier,36177.0,Bulk Carrier
563131500,IMO9706748,Container Ship (Fully Cellular),151687.0,Container Ship
563131600,IMO9433066,Container Ship (Fully Cellular),18326.0,Container Ship
563131700,IMO9744685,Container Ship (Fully Cellular),18826.0,Container Ship
563131800,IMO9400198,Container Ship (Fully Cellular),43079.0,Container Ship
563132000,IMO9728203,Bulk Carrier,43016.0,Bulk Carrier
563133400,IMO9322308,Container Ship (Fully Cellular),39906.0,Container Ship
563134200,IMO9917048,Bulk Carrier,34467.0,Bulk Carrier
563134700,IMO9626912,Bulk Carrier,33057.0,Bulk Carrier
563135300,IMO9298997,Container Ship (Fully Cellular),66332.0,Container Ship
563135500,IMO9521837,General Cargo Ship,13579.0,Other Cargo
563138300,IMO9917050,Bulk Carrier,34467.0,Bulk Carrier
563138500,IMO9922005,Bulk Carrier,43672.0,Bulk Carrier
563138700,IMO9908310,Bulk Carrier,34817.0,Bulk Carrier
563139400,IMO9861172,Bulk Carrier,25696.0,Bulk Carrier
563140400,IMO9909223,Bulk Carrier,43672.0,Bulk Carrier
563140700,IMO9682887,Bulk Carrier,23254.0,Bulk Carrier
563140800,IMO9893802,Bulk Carrier,22360.0,Bulk Carrier
563140900,IMO9926130,Bulk Carrier,44732.0,Bulk Carrier
563141100,IMO9743277,Bulk Carrier,94544.0,Bulk Carrier
563141200,IMO9789972,Container Ship (Fully Cellular),118524.0,Container Ship
563141900,IMO9929390,Bulk Carrier,44732.0,Bulk Carrier
563142100,IMO9300453,Container Ship (Fully Cellular),76261.0,Container Ship
563142500,IMO9305697,Container Ship (Fully Cellular),68570.0,Container Ship
563142600,IMO9584190,Bulk Carrier,20969.0,Bulk Carrier
563142700,IMO9401867,Bulk Carrier,29105.0,Bulk Carrier
563142800,IMO9398254,Container Ship (Fully Cellular),75582.0,Container Ship
563143000,IMO9629031,Container Ship (Fully Cellular),101063.0,Container Ship
563143800,IMO9926996,Bulk Carrier,24386.0,Bulk Carrier
563144500,IMO9412816,Container Ship (Fully Cellular),17225.0,Container Ship
563144600,IMO9384899,Container Ship (Fully Cellular),17225.0,Container Ship
563144900,IMO9893814,Bulk Carrier,22360.0,Bulk Carrier
563145100,IMO9419668,Container Ship (Fully Cellular),27051.0,Container Ship
563145400,IMO9913523,Bulk Carrier,43672.0,Bulk Carrier
563145700,IMO9933224,Bulk Carrier,44732.0,Bulk Carrier
563146500,IMO9193264,Container Ship (Fully Cellular),50698.0,Container Ship
563146600,IMO9367188,Container Ship (Fully Cellular),66462.0,Container Ship
563146800,IMO9473676,General Cargo Ship (Open Hatch),21204.0,Other Cargo
563148100,IMO9459632,Container Ship (Fully Cellular),40165.0,Container Ship
563148200,IMO9362401,Container Ship (Fully Cellular),41483.0,Container Ship
563148300,IMO9391660,Container Ship (Fully Cellular),41483.0,Container Ship
563148700,IMO9847891,Bulk Carrier,44038.0,Bulk Carrier
563148800,IMO9767065,Bulk Carrier,34624.0,Bulk Carrier
563149600,IMO9425667,Bulk Carrier,44146.0,Bulk Carrier
563150200,IMO9521851,General Cargo Ship,13579.0,Other Cargo
563150400,IMO9916977,Bulk Carrier,34511.0,Bulk Carrier
563150500,IMO9916965,Bulk Carrier,34511.0,Bulk Carrier
563150600,IMO9805673,Bulk Carrier,34312.0,Bulk Carrier
563153100,IMO9927005,Bulk Carrier,24386.0,Bulk Carrier
563154600,IMO9917749,Bulk Carrier,35607.0,Bulk Carrier
563154700,IMO9929699,Bulk Carrier,34516.0,Bulk Carrier
563155200,IMO9789996,Container Ship (Fully Cellular),118524.0,Container Ship
563155600,IMO9640592,Bulk Carrier,33084.0,Bulk Carrier
563155700,IMO9640607,Bulk Carrier,33084.0,Bulk Carrier
563156300,IMO9562049,Bulk Carrier,51130.0,Bulk Carrier
563157200,IMO9641869,Bulk Carrier,50625.0,Bulk Carrier
563157500,IMO9791078,Bulk Carrier,23770.0,Bulk Carrier
563158800,IMO9348900,Container Ship (Fully Cellular),28203.0,Container Ship
563159900,IMO9512630,Bulk Carrier,34808.0,Bulk Carrier
563160100,IMO9850563,Container Ship (Fully Cellular),117340.0,Container Ship
563160200,IMO9850599,Container Ship (Fully Cellular),117340.0,Container Ship
563160300,IMO9942811,Bulk Carrier,36897.0,Bulk Carrier
563160600,IMO9697155,Bulk Carrier,25515.0,Bulk Carrier
563161200,IMO9850551,Container Ship (Fully Cellular),117340.0,Container Ship
563162300,IMO9941350,Bulk Carrier,43990.0,Bulk Carrier
563163400,IMO9850587,Container Ship (Fully Cellular),117340.0,Container Ship
563163900,IMO9806768,Bulk Carrier,35025.0,Bulk Carrier
563164100,IMO9370147,General Cargo Ship (Open Hatch),20238.0,Other Cargo
563164400,IMO9950296,Bulk Carrier,36897.0,Bulk Carrier
563165200,IMO9466984,Container Ship (Fully Cellular),94407.0,Container Ship
563165500,IMO9553763,Container Ship (Fully Cellular),30519.0,Container Ship
563167500,IMO9292149,Container Ship (Fully Cellular),54271.0,Container Ship
563168900,IMO9723057,Bulk Carrier,35812.0,Bulk Carrier
563169100,IMO9949297,Bulk Carrier,49445.0,Bulk Carrier
563169400,IMO9399806,Container Ship (Fully Cellular),32934.0,Container Ship
563170300,IMO9555096,Container Ship (Fully Cellular),122045.0,Container Ship
563170400,IMO9933030,Bulk Carrier,36177.0,Bulk Carrier
563170500,IMO9555228,Container Ship (Fully Cellular),18848.0,Container Ship
563170600,IMO9553995,Container Ship (Fully Cellular),30519.0,Container Ship
563171800,IMO9930375,Container Ship (Fully Cellular),30776.0,Container Ship
563172600,IMO9942031,Bulk Carrier,23232.0,Bulk Carrier
563172700,IMO9555101,Container Ship (Fully Cellular),122045.0,Container Ship
563173600,IMO9554054,Container Ship (Fully Cellular),30519.0,Container Ship
563174100,IMO9930387,Container Ship (Fully Cellular),30776.0,Container Ship
563174700,IMO9949302,Bulk Carrier,49445.0,Bulk Carrier
563175100,IMO9939929,Bulk Carrier,66667.0,Bulk Carrier
563176300,IMO9942158,Bulk Carrier,36141.0,Bulk Carrier
563176800,IMO9554078,Container Ship (Fully Cellular),30519.0,Container Ship
563177600,IMO9746035,Bulk Carrier,34570.0,Bulk Carrier
563177700,IMO9758480,Bulk Carrier,43017.0,Bulk Carrier
563178600,IMO9950648,Bulk Carrier,36128.0,Bulk Carrier
563179300,IMO9726231,Bulk Carrier,34751.0,Bulk Carrier
563179500,IMO9758492,Bulk Carrier,43017.0,Bulk Carrier
563180800,IMO9554080,Container Ship (Fully Cellular),30519.0,Container Ship
563181300,IMO9774458,Bulk Carrier,34242.0,Bulk Carrier
563181400,IMO9935088,Container Ship (Fully Cellular),123104.0,Container Ship
563181600,IMO9930399,Container Ship (Fully Cellular),30776.0,Container Ship
563182200,IMO9555113,Container Ship (Fully Cellular),122045.0,Container Ship
563182300,IMO9957476,Bulk Carrier,43821.0,Bulk Carrier
563182400,IMO9554092,Container Ship (Fully Cellular),30519.0,Container Ship
563183900,IMO9875381,Container Ship (Fully Cellular),34754.0,Container Ship
563185000,IMO9159517,,,Other Cargo
563185500,IMO9940083,Bulk Carrier,108985.0,Bulk Carrier
563185800,IMO9939931,Bulk Carrier,66667.0,Bulk Carrier
563186600,IMO9288394,Container Ship (Fully Cellular),66462.0,Container Ship
563187400,IMO9555125,Container Ship (Fully Cellular),122045.0,Container Ship
563187500,IMO9554688,Container Ship (Fully Cellular),30519.0,Container Ship
563187700,IMO9957488,Bulk Carrier,43821.0,Bulk Carrier
563187900,IMO9935090,Container Ship (Fully Cellular),123104.0,Container Ship
563188100,IMO9721425,Bulk Carrier,25546.0,Bulk Carrier
563188800,IMO9936276,Bulk Carrier,48785.0,Bulk Carrier
563189200,IMO9605023,Bulk Carrier,34795.0,Bulk Carrier
563190300,IMO9930404,Container Ship (Fully Cellular),30776.0,Container Ship
563190500,IMO9935208,Container Ship (Fully Cellular),165350.0,Container Ship
563191300,IMO9290115,Container Ship (Fully Cellular),39941.0,Container Ship
563192100,IMO9709245,Bulk Carrier,25546.0,Bulk Carrier
563192300,IMO9554808,Container Ship (Fully Cellular),30519.0,Container Ship
563193100,IMO9939943,Bulk Carrier,66667.0,Bulk Carrier
563193800,IMO9966300,Bulk Carrier,43442.0,Bulk Carrier
563194900,IMO9935105,Container Ship (Fully Cellular),123104.0,Container Ship
563196300,IMO9941128,Container Ship (Fully Cellular),122045.0,Container Ship
563196400,IMO9969209,Bulk Carrier,36312.0,Bulk Carrier
563196800,IMO9966312,Bulk Carrier,43442.0,Bulk Carrier
563197200,IMO9496989,Bulk Carrier,33232.0,Bulk Carrier
563197300,IMO9615743,Bulk Carrier,33126.0,Bulk Carrier
563197400,IMO9615729,Bulk Carrier,33126.0,Bulk Carrier
563197500,IMO9622849,,,Other Cargo
563197600,IMO9615767,Bulk Carrier,33366.0,Bulk Carrier
563197900,IMO9967433,Container Ship (Fully Cellular),73172.0,Container Ship
563198300,IMO9969390,Container Ship (Fully Cellular),73360.0,Container Ship
563198500,IMO9967421,Container Ship (Fully Cellular),73172.0,Container Ship
563199600,IMO9935210,Container Ship (Fully Cellular),165350.0,Container Ship
563201600,IMO9935117,Container Ship (Fully Cellular),123104.0,Container Ship
563202100,IMO9964821,Bulk Carrier,36684.0,Bulk Carrier
563203200,IMO9296274,Bulk Carrier,21093.0,Bulk Carrier
563204900,IMO9941130,Container Ship (Fully Cellular),122045.0,Container Ship
563207100,IMO9583237,Bulk Carrier,43022.0,Bulk Carrier
563207300,IMO9964845,Bulk Carrier,36684.0,Bulk Carrier
563207600,IMO9943073,Container Ship (Fully Cellular),42799.0,Container Ship
563208400,IMO9608386,General Cargo Ship,22566.0,Other Cargo
563209700,IMO9979046,Bulk Carrier,25003.0,Bulk Carrier
563210400,IMO9608398,General Cargo Ship,22566.0,Other Cargo
563210600,IMO9935129,Container Ship (Fully Cellular),123104.0,Container Ship
563211200,IMO9968360,Bulk Carrier,43821.0,Bulk Carrier
563211900,IMO9719329,Bulk Carrier,24159.0,Bulk Carrier
563214600,IMO9675822,Container Ship (Fully Cellular),9932.0,Container Ship
563215700,IMO9977921,Bulk Carrier,25069.0,Bulk Carrier
563217000,IMO9690901,Bulk Carrier,24785.0,Bulk Carrier
563217600,IMO9941142,Container Ship (Fully Cellular),122045.0,Container Ship
563218100,IMO9974981,Chemical/Products Tanker,29538.0,Other Cargo
563218900,IMO9425954,Bulk Carrier,32354.0,Bulk Carrier
563219100,IMO9935222,Container Ship (Fully Cellular),165350.0,Container Ship
563219700,IMO9943097,Container Ship (Fully Cellular),42799.0,Container Ship
563220000,IMO9722314,Vehicles Carrier,75283.0,Other Cargo
563221500,IMO1014163,Bulk Carrier,25073.0,Bulk Carrier
563221600,IMO9977933,Bulk Carrier,25069.0,Bulk Carrier
563222300,IMO9943102,Container Ship (Fully Cellular),42799.0,Container Ship
563223300,IMO9941154,Container Ship (Fully Cellular),122045.0,Container Ship
563223500,IMO9738674,Bulk Carrier,25546.0,Bulk Carrier
563224200,IMO9973080,Bulk Carrier,26634.0,Bulk Carrier
563224500,IMO9935234,Container Ship (Fully Cellular),165350.0,Container Ship
563226100,IMO9820908,Container Ship (Fully Cellular),152017.0,Container Ship
563226200,IMO9757228,Container Ship (Fully Cellular),151333.0,Container Ship
563226700,IMO9935246,Container Ship (Fully Cellular),165350.0,Container Ship
563226800,IMO9943114,Container Ship (Fully Cellular),42799.0,Container Ship
563228100,IMO9569956,Bulk Carrier,32987.0,Bulk Carrier
563228400,IMO9582465,Bulk Carrier,43004.0,Bulk Carrier
563228800,IMO9478157,Bulk Carrier,32957.0,Bulk Carrier
563228900,IMO9533335,Bulk Carrier,33044.0,Bulk Carrier
563229100,IMO9569968,Bulk Carrier,32987.0,Bulk Carrier
563229200,IMO9968516,Container Ship (Fully Cellular),122045.0,Container Ship
563229400,IMO9935260,Container Ship (Fully Cellular),165350.0,Container Ship
563230500,IMO9415727,Container Ship (Fully Cellular),78349.0,Container Ship
563231100,IMO9969077,Container Ship (Fully Cellular),57872.0,Container Ship
563231800,IMO9946233,Container Ship (Fully Cellular),18848.0,Container Ship
563231900,IMO9946245,Container Ship (Fully Cellular),18848.0,Container Ship
563232300,IMO9878503,Container Ship (Fully Cellular),118523.0,Container Ship
563232400,IMO9991472,Bulk Carrier,36172.0,Bulk Carrier
563233800,IMO9699115,Container Ship (Fully Cellular),94784.0,Container Ship
563234300,IMO9968528,Container Ship (Fully Cellular),122045.0,Container Ship
563234500,IMO1020772,Bulk Carrier,25240.0,Bulk Carrier
563235500,IMO9970246,Bulk Carrier,43821.0,Bulk Carrier
563236400,IMO1013688,Bulk Carrier,36140.0,Bulk Carrier
563236500,IMO9832468,Bulk Carrier,22664.0,Bulk Carrier
563237800,IMO9935272,Container Ship (Fully Cellular),165350.0,Container Ship
563238300,IMO9706750,Container Ship (Fully Cellular),151687.0,Container Ship
563238500,IMO9700031,Bulk Carrier,24868.0,Bulk Carrier
563239400,IMO9811048,Bulk Carrier,43448.0,Bulk Carrier
563239900,IMO9935284,Container Ship (Fully Cellular),165350.0,Container Ship
563241600,IMO9736353,Bulk Carrier,43430.0,Bulk Carrier
563244800,IMO9302152,Container Ship (Fully Cellular),98747.0,Container Ship
563245200,IMO9935296,Container Ship (Fully Cellular),165350.0,Container Ship
563245300,IMO9935337,Container Ship (Fully Cellular),165350.0,Container Ship
563245900,IMO1024522,Bulk Carrier,36139.0,Bulk Carrier
563246400,IMO9878515,Container Ship (Fully Cellular),118523.0,Container Ship
563246500,IMO9970210,Bulk Carrier,26272.0,Bulk Carrier
563246700,IMO9477608,General Cargo Ship,9680.0,Other Cargo
563247000,IMO9632038,Container Ship (Fully Cellular),152350.0,Container Ship
563247300,IMO1041934,Bulk Carrier,36137.0,Bulk Carrier
563248000,IMO9185463,Vehicles Carrier,51770.0,Other Cargo
563248700,IMO9880013,Bulk Carrier,25163.0,Bulk Carrier
563249700,IMO1027017,Bulk Carrier,35610.0,Bulk Carrier
563249900,IMO9935351,Container Ship (Fully Cellular),165350.0,Container Ship
563250500,IMO9302164,Container Ship (Fully Cellular),98800.0,Container Ship
563251800,IMO9935363,Container Ship (Fully Cellular),165350.0,Container Ship
563252300,IMO9975650,Container Ship (Fully Cellular),139588.0,Container Ship
563253700,IMO1042897,Bulk Carrier,35724.0,Bulk Carrier
563256100,IMO9968530,Container Ship (Fully Cellular),122045.0,Container Ship
563262000,IMO9176565,Vehicles Carrier,67264.0,Other Cargo
563262700,IMO9935375,Container Ship (Fully Cellular),165350.0,Container Ship
563263200,IMO9976173,Container Ship (Fully Cellular),140233.0,Container Ship
563265600,IMO9935387,Container Ship (Fully Cellular),165350.0,Container Ship
563265700,IMO1032000,Bulk Carrier,25069.0,Bulk Carrier
563268300,IMO9935399,Container Ship (Fully Cellular),165350.0,Container Ship
563268700,IMO9935428,Container Ship (Fully Cellular),165350.0,Container Ship
563270600,IMO1047122,Bulk Carrier,25003.0,Bulk Carrier
563274100,IMO9935430,Container Ship (Fully Cellular),165350.0,Container Ship
563277100,IMO9407146,Container Ship (Fully Cellular),54875.0,Container Ship
563277200,IMO9472139,Container Ship (Fully Cellular),141823.0,Container Ship
563277400,IMO9472177,Container Ship (Fully Cellular),141823.0,Container Ship
563277900,IMO9448762,Container Ship (Fully Cellular),91051.0,Container Ship
563278200,IMO9448798,Container Ship (Fully Cellular),91051.0,Container Ship
563278300,IMO9448815,Container Ship (Fully Cellular),91051.0,Container Ship
563279900,IMO9407158,Container Ship (Fully Cellular),54940.0,Container Ship
563280100,IMO9407160,Container Ship (Fully Cellular),54940.0,Container Ship
563280400,IMO9224300,Container Ship (Fully Cellular),39941.0,Container Ship
563280900,IMO9301847,Container Ship (Fully Cellular),39941.0,Container Ship
563281100,IMO9301809,Container Ship (Fully Cellular),39941.0,Container Ship
563282200,IMO9704635,Container Ship (Fully Cellular),145324.0,Container Ship
563282800,IMO9668934,Bulk Carrier,22469.0,Bulk Carrier
563284100,IMO9926594,Bulk Carrier,25038.0,Bulk Carrier
563284200,IMO9845984,Bulk Carrier,24331.0,Bulk Carrier
563284300,IMO9836907,Bulk Carrier,24331.0,Bulk Carrier
563284700,IMO9836919,Bulk Carrier,24331.0,Bulk Carrier
563285500,IMO9630365,Container Ship (Fully Cellular),112967.0,Container Ship
563286500,IMO9472165,Container Ship (Fully Cellular),141823.0,Container Ship
563286700,IMO9472153,Container Ship (Fully Cellular),141823.0,Container Ship
563286800,IMO9684665,Container Ship (Fully Cellular),145324.0,Container Ship
563287900,IMO9386005,Container Ship (Fully Cellular),26404.0,Container Ship
563288700,IMO9385972,Container Ship (Fully Cellular),26404.0,Container Ship
563288800,IMO9385984,Container Ship (Fully Cellular),26404.0,Container Ship
563289100,IMO9472141,Container Ship (Fully Cellular),141823.0,Container Ship
563291500,IMO9967952,Container Ship (Fully Cellular),74693.0,Container Ship
563291700,IMO9967964,Container Ship (Fully Cellular),74693.0,Container Ship
563291800,IMO9968047,Container Ship (Fully Cellular),74693.0,Container Ship
563291900,IMO9967976,Container Ship (Fully Cellular),74693.0,Container Ship
563292300,IMO9931111,Container Ship (Fully Cellular),152204.0,Container Ship
563292400,IMO9931123,Container Ship (Fully Cellular),152204.0,Container Ship
563292500,IMO9932529,Container Ship (Fully Cellular),152204.0,Container Ship
563292600,IMO9931109,Container Ship (Fully Cellular),152204.0,Container Ship
563292700,IMO9932517,Container Ship (Fully Cellular),152204.0,Container Ship
563292800,IMO9932490,Container Ship (Fully Cellular),152204.0,Container Ship
563292900,IMO9932505,Container Ship (Fully Cellular),152204.0,Container Ship
563293100,IMO9931135,Container Ship (Fully Cellular),152204.0,Container Ship
563293200,IMO9932531,Container Ship (Fully Cellular),152204.0,Container Ship
563293300,IMO9967988,Container Ship (Fully Cellular),74693.0,Container Ship
563293400,IMO9967990,Container Ship (Fully Cellular),74693.0,Container Ship
563293600,IMO9931094,Container Ship (Fully Cellular),152204.0,Container Ship
563293800,IMO9968035,Container Ship (Fully Cellular),74693.0,Container Ship
563298100,IMO9447847,Container Ship (Fully Cellular),141328.0,Container Ship
563302200,IMO9641780,Bulk Carrier,23259.0,Bulk Carrier
563302400,IMO9675729,Bulk Carrier,23264.0,Bulk Carrier
563302700,IMO9726176,Bulk Carrier,23275.0,Bulk Carrier
563307800,IMO9484546,Container Ship (Fully Cellular),47877.0,Container Ship
563307900,IMO9535163,Container Ship (Fully Cellular),59307.0,Container Ship
563308200,IMO9535187,Container Ship (Fully Cellular),59307.0,Container Ship
563308300,IMO9619476,Container Ship (Fully Cellular),94453.0,Container Ship
563308400,IMO9535204,Container Ship (Fully Cellular),59176.0,Container Ship
563313000,IMO9224506,Container Ship (Fully Cellular),68687.0,Container Ship
563377000,IMO9665592,Container Ship (Fully Cellular),149475.0,Container Ship
563394000,IMO9528029,Bulk Carrier,20928.0,Bulk Carrier
563403000,IMO9694402,Container Ship (Fully Cellular),27279.0,Container Ship
563417000,IMO9694414,Container Ship (Fully Cellular),27279.0,Container Ship
563433000,IMO9222118,Container Ship (Fully Cellular),26582.0,Container Ship
563458000,IMO9215907,Container Ship (Fully Cellular),26718.0,Container Ship
563460000,IMO9215878,Container Ship (Fully Cellular),26626.0,Container Ship
563471000,IMO9665671,Container Ship (Fully Cellular),51872.0,Container Ship
563479000,IMO9665669,Container Ship (Fully Cellular),51872.0,Container Ship
563485000,IMO9248681,Container Ship (Fully Cellular),27800.0,Container Ship
563487000,IMO9665683,Container Ship (Fully Cellular),51872.0,Container Ship
563509000,IMO9558270,Bulk Carrier,32376.0,Bulk Carrier
563513000,IMO9238155,Container Ship (Fully Cellular),26681.0,Container Ship
563545000,IMO9694426,Container Ship (Fully Cellular),27279.0,Container Ship
563549000,IMO9694438,Container Ship (Fully Cellular),27279.0,Container Ship
563579000,IMO9224518,Container Ship (Fully Cellular),68687.0,Container Ship
563584000,IMO9224520,Container Ship (Fully Cellular),68687.0,Container Ship
563610000,IMO9367592,Vehicles Carrier,51917.0,Other Cargo
563642000,IMO9648075,Bulk Carrier,24641.0,Bulk Carrier
563656000,IMO9682837,Bulk Carrier,31538.0,Bulk Carrier
563706000,IMO9566564,Bulk Carrier,34060.0,Bulk Carrier
563710000,IMO9372810,Vehicles Carrier,51917.0,Other Cargo
563758000,IMO9416991,Container Ship (Fully Cellular),55487.0,Container Ship
563804000,IMO9774355,Bulk Carrier,36075.0,Bulk Carrier
563812000,IMO9294862,,,Other Cargo
563862000,IMO9569267,Bulk Carrier,33034.0,Bulk Carrier
563905000,IMO9465174,Bulk Carrier,32309.0,Bulk Carrier
563907000,IMO9751224,Bulk Carrier,36416.0,Bulk Carrier
563930000,IMO9757802,Bulk Carrier,23225.0,Bulk Carrier
563933000,IMO9726164,General Cargo Ship (Open Hatch),23224.0,Other Cargo
563935000,IMO9648087,Bulk Carrier,24641.0,Bulk Carrier
563945000,IMO9736066,Bulk Carrier,32726.0,Bulk Carrier
563947000,IMO9648099,Bulk Carrier,24641.0,Bulk Carrier
563982000,IMO9604134,Container Ship (Fully Cellular),99995.0,Container Ship
564096000,IMO9739018,Bulk Carrier,92730.0,Bulk Carrier
564118000,IMO9675779,Bulk Carrier,34802.0,Bulk Carrier
564180000,IMO9475727,Bulk Carrier,19992.0,Bulk Carrier
564204000,IMO9682863,Bulk Carrier,43278.0,Bulk Carrier
564220000,IMO9300221,Bulk Carrier,30822.0,Bulk Carrier
564254000,IMO9460887,Vehicles Carrier,60213.0,Other Cargo
564260000,IMO9690913,Bulk Carrier,24785.0,Bulk Carrier
564280000,IMO9265926,General Cargo Ship,20471.0,Other Cargo
564345000,IMO9629067,Container Ship (Fully Cellular),101063.0,Container Ship
564360000,IMO9525302,Container Ship (Fully Cellular),50869.0,Container Ship
564411000,IMO9331220,Bulk Carrier,31247.0,Bulk Carrier
564415000,IMO9303041,Bulk Carrier,31247.0,Bulk Carrier
564440000,IMO9238167,Container Ship (Fully Cellular),26760.0,Container Ship
564511000,IMO9669392,Bulk Carrier,36354.0,Bulk Carrier
564538000,IMO9722039,Bulk Carrier,24235.0,Bulk Carrier
564548000,IMO9403035,Bulk Carrier,32379.0,Bulk Carrier
564561000,IMO9213806,Vehicles Carrier,51496.0,Other Cargo
564575000,IMO9665633,Container Ship (Fully Cellular),149475.0,Container Ship
564576000,IMO9693355,Bulk Carrier,31538.0,Bulk Carrier
564585000,IMO9714226,Bulk Carrier,24785.0,Bulk Carrier
564614000,IMO9176577,Vehicles Carrier,67264.0,Other Cargo
564633000,IMO9747962,Bulk Carrier,92730.0,Bulk Carrier
564724000,IMO9238466,Bulk Carrier,30303.0,Bulk Carrier
564726000,IMO9694579,Container Ship (Fully Cellular),51872.0,Container Ship
564731000,IMO9222510,Bulk Carrier,30303.0,Bulk Carrier
564753000,IMO9138525,Vehicles Carrier,67141.0,Other Cargo
564756000,IMO9291391,Bulk Carrier,30743.0,Bulk Carrier
564768000,IMO9237084,Container Ship (Fully Cellular),25836.0,Container Ship
564794000,IMO9291389,Bulk Carrier,30743.0,Bulk Carrier
564798000,IMO9303924,Bulk Carrier,30743.0,Bulk Carrier
564822000,IMO9411379,Container Ship (Fully Cellular),20927.0,Container Ship
564837000,IMO9411381,Container Ship (Fully Cellular),20927.0,Container Ship
564853000,IMO9424613,Bulk Carrier,31487.0,Bulk Carrier
564879000,IMO9485021,Bulk Carrier,43013.0,Bulk Carrier
564881000,IMO9648104,Bulk Carrier,24641.0,Bulk Carrier
564895000,IMO9748033,Bulk Carrier,45223.0,Bulk Carrier
564902000,IMO9283863,Vehicles Carrier,61854.0,Other Cargo
564979000,IMO9411367,Container Ship (Fully Cellular),20927.0,Container Ship
565003000,IMO9691577,Bulk Carrier,40937.0,Bulk Carrier
565004000,IMO9294874,Container Ship (Fully Cellular),42894.0,Container Ship
565032000,IMO9248693,Container Ship (Fully Cellular),27800.0,Container Ship
565043500,IMO9779020,General Cargo Ship (Open Hatch),23703.0,Other Cargo
565080000,IMO9336787,Bulk Carrier,19885.0,Bulk Carrier
565100000,IMO9308704,Bulk Carrier,30953.0,Bulk Carrier
565132000,IMO9248708,Container Ship (Fully Cellular),27800.0,Container Ship
565138000,IMO9700940,General Cargo Ship (Open Hatch),23224.0,Other Cargo
565142000,IMO9748758,Bulk Carrier,31775.0,Bulk Carrier
565155000,IMO9424601,Bulk Carrier,31487.0,Bulk Carrier
565213000,IMO9301926,Container Ship (Fully Cellular),26671.0,Container Ship
565220000,IMO9302695,Container Ship (Fully Cellular),27800.0,Container Ship
565222000,IMO9301938,Container Ship (Fully Cellular),26671.0,Container Ship
565227000,IMO9431460,General Cargo Ship,9627.0,Other Cargo
565234000,IMO9330616,Vehicles Carrier,59705.0,Other Cargo
565259000,IMO9691589,Bulk Carrier,40937.0,Bulk Carrier
565285000,IMO9689897,Bulk Carrier,24658.0,Bulk Carrier
565286000,IMO9689902,Bulk Carrier,24658.0,Bulk Carrier
565302000,IMO9714238,Bulk Carrier,24785.0,Bulk Carrier
565376000,IMO9676709,Container Ship (Fully Cellular),27279.0,Container Ship
565380000,IMO9676711,Container Ship (Fully Cellular),27279.0,Container Ship
565382000,IMO9676723,Container Ship (Fully Cellular),27279.0,Container Ship
565402000,IMO9340764,Container Ship (Fully Cellular),39906.0,Container Ship
565414000,IMO9303003,Bulk Carrier,31232.0,Bulk Carrier
565425000,IMO9342700,Container Ship (Fully Cellular),27800.0,Container Ship
565435000,IMO9482108,Bulk Carrier,33096.0,Bulk Carrier
565440000,IMO9720043,General Cargo Ship (Open Hatch),35503.0,Other Cargo
565448000,IMO9315226,Container Ship (Fully Cellular),79702.0,Container Ship
565449000,IMO9315214,Container Ship (Fully Cellular),79702.0,Container Ship
565451000,IMO9315238,Container Ship (Fully Cellular),79702.0,Container Ship
565464000,IMO9336000,Bulk Carrier,40717.0,Bulk Carrier
565473000,IMO9215919,Container Ship (Fully Cellular),26582.0,Container Ship
565475000,IMO9215880,Container Ship (Fully Cellular),26718.0,Container Ship
565482000,IMO9315240,Container Ship (Fully Cellular),79702.0,Container Ship
565485000,IMO9315252,Container Ship (Fully Cellular),79702.0,Container Ship
565503000,IMO9284740,Vehicles Carrier,62195.0,Other Cargo
565533000,IMO9408956,Container Ship (Fully Cellular),20927.0,Container Ship
565535000,IMO9681900,Bulk Carrier,24785.0,Bulk Carrier
565536000,IMO9326407,Container Ship (Fully Cellular),42894.0,Container Ship
565562000,IMO9714252,Bulk Carrier,24785.0,Bulk Carrier
565565000,IMO9321017,Container Ship (Fully Cellular),71837.0,Container Ship
565567000,IMO9326419,Container Ship (Fully Cellular),42894.0,Container Ship
565570000,IMO9342499,Container Ship (Fully Cellular),109534.0,Container Ship
565577000,IMO9701009,General Cargo Ship (Open Hatch),23224.0,Other Cargo
565607000,IMO9723708,Bulk Carrier,24658.0,Bulk Carrier
565613000,IMO9723710,Bulk Carrier,24658.0,Bulk Carrier
565653000,IMO9326421,Container Ship (Fully Cellular),42894.0,Container Ship
565655000,IMO9732149,Bulk Carrier,32750.0,Bulk Carrier
565661000,IMO9342504,Container Ship (Fully Cellular),109534.0,Container Ship
565671000,IMO9610640,Bulk Carrier,22662.0,Bulk Carrier
565694000,IMO9528005,Bulk Carrier,20809.0,Bulk Carrier
565747000,IMO9342516,Container Ship (Fully Cellular),109534.0,Container Ship
565762000,IMO9334674,Container Ship (Fully Cellular),94055.0,Container Ship
565778000,IMO9401996,Bulk Carrier,40309.0,Bulk Carrier
565792000,IMO9732151,Bulk Carrier,32750.0,Bulk Carrier
565819000,IMO9342528,Container Ship (Fully Cellular),109534.0,Container Ship
565825000,IMO9334686,Container Ship (Fully Cellular),94055.0,Container Ship
565831000,IMO9690884,Bulk Carrier,24785.0,Bulk Carrier
565835000,IMO9338888,Vehicles Carrier,41886.0,Other Cargo
565929000,IMO9424857,Bulk Carrier,32957.0,Bulk Carrier
565947000,IMO9367578,Vehicles Carrier,51917.0,Other Cargo
565955000,IMO9713404,General Cargo Ship (Open Hatch),23281.0,Other Cargo
565971000,IMO9392925,Container Ship (Fully Cellular),35835.0,Container Ship
566006000,IMO9350989,Refrigerated Cargo Ship,14194.0,Other Cargo
566014000,IMO9727041,Bulk Carrier,41010.0,Bulk Carrier
566028000,IMO9438482,Refrigerated Cargo Ship,14284.0,Other Cargo
566029000,IMO9350991,Refrigerated Cargo Ship,14284.0,Other Cargo
566039000,IMO9578775,Bulk Carrier,33010.0,Bulk Carrier
566041000,IMO9438509,Refrigerated Cargo Ship,14284.0,Other Cargo
566044000,IMO9722302,Vehicles Carrier,75283.0,Other Cargo
566046000,IMO9732955,Bulk Carrier,36333.0,Bulk Carrier
566049000,IMO9438511,Refrigerated Cargo Ship,14284.0,Other Cargo
566055000,IMO9525314,Container Ship (Fully Cellular),50940.0,Container Ship
566082000,IMO9464003,Bulk Carrier,23670.0,Bulk Carrier
566085000,IMO9515395,Vehicles Carrier,75251.0,Other Cargo
566086000,IMO9515412,Vehicles Carrier,75251.0,Other Cargo
566087000,IMO9605798,Vehicles Carrier,61106.0,Other Cargo
566088000,IMO9122655,Vehicles Carrier,67141.0,Other Cargo
566095000,IMO9700550,Vehicles Carrier,69931.0,Other Cargo
566097000,IMO9611278,Bulk Carrier,24166.0,Bulk Carrier
566098000,IMO9611280,Bulk Carrier,24166.0,Bulk Carrier
566113000,IMO9446099,Bulk Carrier,90464.0,Bulk Carrier
566167000,IMO9722027,Bulk Carrier,24235.0,Bulk Carrier
566184000,IMO9179725,Vehicles Carrier,67264.0,Other Cargo
566204000,IMO9431472,General Cargo Ship,9627.0,Other Cargo
566207000,IMO9731365,Bulk Carrier,34584.0,Bulk Carrier
566222000,IMO9453781,General Cargo Ship,9627.0,Other Cargo
566238000,IMO9578787,Bulk Carrier,33010.0,Bulk Carrier
566262000,IMO9593294,Bulk Carrier,31540.0,Bulk Carrier
566264000,IMO9713777,General Cargo Ship (Open Hatch),21265.0,Other Cargo
566267000,IMO9727429,Bulk Carrier,43008.0,Bulk Carrier
566274000,IMO9222493,Bulk Carrier,30008.0,Bulk Carrier
566288000,IMO9690896,Bulk Carrier,24785.0,Bulk Carrier
566318000,IMO9461867,Container Ship (Fully Cellular),113735.0,Container Ship
566377000,IMO9464027,Bulk Carrier,23670.0,Bulk Carrier
566399000,IMO9569255,Bulk Carrier,33044.0,Bulk Carrier
566407000,IMO9461881,Container Ship (Fully Cellular),113735.0,Container Ship
566409000,IMO9462017,Container Ship (Fully Cellular),128929.0,Container Ship
566410000,IMO9462029,Container Ship (Fully Cellular),128929.0,Container Ship
566464000,IMO9598945,General Cargo Ship (Open Hatch),21317.0,Other Cargo
566482000,IMO9462031,Container Ship (Fully Cellular),128929.0,Container Ship
566483000,IMO9462043,Container Ship (Fully Cellular),128929.0,Container Ship
566490000,IMO9561497,Container Ship (Fully Cellular),50714.0,Container Ship
566492000,IMO9525390,Container Ship (Fully Cellular),50714.0,Container Ship
566493000,IMO9525405,Container Ship (Fully Cellular),50714.0,Container Ship
566510000,IMO9455296,Container Ship (Fully Cellular),46854.0,Container Ship
566584000,IMO9474668,Bulk Carrier,33035.0,Bulk Carrier
566603000,IMO9598957,General Cargo Ship (Open Hatch),21317.0,Other Cargo
566607000,IMO9675834,Container Ship (Fully Cellular),9932.0,Container Ship
566619000,IMO9529504,Bulk Carrier,34060.0,Bulk Carrier
566626000,IMO9615212,Bulk Carrier,50625.0,Bulk Carrier
566636000,IMO9298533,Bulk Carrier,30051.0,Bulk Carrier
566637000,IMO9638616,General Cargo Ship,20886.0,Other Cargo
566642000,IMO9457622,Container Ship (Fully Cellular),47644.0,Container Ship
566645000,IMO9726437,Bulk Carrier,36416.0,Bulk Carrier
566646000,IMO9753387,Bulk Carrier,23287.0,Bulk Carrier
566654000,IMO9138513,Vehicles Carrier,67141.0,Other Cargo
566673000,IMO9595474,Container Ship (Fully Cellular),99995.0,Container Ship
566675000,IMO9613422,Bulk Carrier,33032.0,Bulk Carrier
566699000,IMO9464039,Bulk Carrier,23670.0,Bulk Carrier
566704000,IMO9601302,Container Ship (Fully Cellular),128929.0,Container Ship
566705000,IMO9601314,Container Ship (Fully Cellular),128929.0,Container Ship
566706000,IMO9563938,Bulk Carrier,51283.0,Bulk Carrier
566707000,IMO9613446,Bulk Carrier,33032.0,Bulk Carrier
566715000,IMO9638836,Bulk Carrier,33193.0,Bulk Carrier
566716000,IMO9474797,Bulk Carrier,32637.0,Bulk Carrier
566730000,IMO9457634,Container Ship (Fully Cellular),47232.0,Container Ship
566732000,IMO9595498,Container Ship (Fully Cellular),99995.0,Container Ship
566756000,IMO9529255,Container Ship (Fully Cellular),50714.0,Container Ship
566779000,IMO9348170,Container Ship (Fully Cellular),35491.0,Container Ship
566781000,IMO9348156,Container Ship (Fully Cellular),35491.0,Container Ship
566794000,IMO9595503,Container Ship (Fully Cellular),99995.0,Container Ship
566797000,IMO9597472,Container Ship (Fully Cellular),109699.0,Container Ship
566798000,IMO9638501,Bulk Carrier,33188.0,Bulk Carrier
566817000,IMO9626120,Bulk Carrier,24166.0,Bulk Carrier
566828000,IMO9457646,Container Ship (Fully Cellular),47644.0,Container Ship
566829000,IMO9714264,Bulk Carrier,24785.0,Bulk Carrier
566831000,IMO9617674,Bulk Carrier,32846.0,Bulk Carrier
566837000,IMO9366122,General Cargo Ship,6668.0,Other Cargo
566846000,IMO9638630,General Cargo Ship,20886.0,Other Cargo
566853000,IMO9595515,Container Ship (Fully Cellular),99995.0,Container Ship
566857000,IMO9593048,Bulk Carrier,45232.0,Bulk Carrier
566877000,IMO9533440,Bulk Carrier,33990.0,Bulk Carrier
566878000,IMO9612296,Bulk Carrier,22850.0,Bulk Carrier
566886000,IMO9457658,Container Ship (Fully Cellular),47250.0,Container Ship
566923000,IMO9552977,Bulk Carrier,34227.0,Bulk Carrier
566942000,IMO9457660,Container Ship (Fully Cellular),47250.0,Container Ship
566949000,IMO9604093,Container Ship (Fully Cellular),99995.0,Container Ship
566950000,IMO9597496,Container Ship (Fully Cellular),109699.0,Container Ship
566951000,IMO9597501,Container Ship (Fully Cellular),109699.0,Container Ship
566953000,IMO9597525,Container Ship (Fully Cellular),109699.0,Container Ship
566958000,IMO9597551,Container Ship (Fully Cellular),109699.0,Container Ship
566959000,IMO9597563,Container Ship (Fully Cellular),109699.0,Container Ship
566961000,IMO9632210,Container Ship (Fully Cellular),109699.0,Container Ship
566969000,IMO9317341,Bulk Carrier,31385.0,Bulk Carrier
566970000,IMO9604110,Container Ship (Fully Cellular),99995.0,Container Ship
566971000,IMO9728851,Vehicles Carrier,62105.0,Other Cargo
566977000,IMO9558268,Bulk Carrier,32376.0,Bulk Carrier
566985000,IMO9474802,Bulk Carrier,32637.0,Bulk Carrier
566996000,IMO9660085,Bulk Carrier,34815.0,Bulk Carrier
566998000,IMO9393319,Container Ship (Fully Cellular),94511.0,Container Ship
566999000,IMO9385025,Container Ship (Fully Cellular),71806.0,Container Ship
567015000,IMO9354739,Bulk Carrier,19891.0,Bulk Carrier
567017000,IMO9726413,Bulk Carrier,36416.0,Bulk Carrier
567019000,IMO9732199,Bulk Carrier,36298.0,Bulk Carrier
567049000,IMO9496941,Bulk Carrier,22641.0,Bulk Carrier
567053000,IMO9302906,General Cargo Ship (Open Hatch),19799.0,Other Cargo
567097000,IMO9354741,Bulk Carrier,19891.0,Bulk Carrier
567105000,IMO9343417,Bulk Carrier,32661.0,Bulk Carrier
567109000,IMO9726425,Bulk Carrier,36416.0,Bulk Carrier
567111000,IMO9751248,Bulk Carrier,36416.0,Bulk Carrier
567274000,IMO9353668,Bulk Carrier,32661.0,Bulk Carrier
567278000,IMO9732187,Bulk Carrier,36298.0,Bulk Carrier
567279000,IMO9434723,Bulk Carrier,33044.0,Bulk Carrier
567438000,IMO9434735,Bulk Carrier,33044.0,Bulk Carrier
567444000,IMO9296303,Bulk Carrier,21093.0,Bulk Carrier
567445000,IMO9296274,Bulk Carrier,21093.0,Bulk Carrier
567461000,IMO9323649,Bulk Carrier,19891.0,Bulk Carrier
567556000,IMO9326146,Bulk Carrier,31196.0,Bulk Carrier
567607000,IMO9649861,Bulk Carrier,22860.0,Bulk Carrier
567608000,IMO9649885,Bulk Carrier,22860.0,Bulk Carrier
567609000,IMO9936513,Container Ship (Fully Cellular),118523.0,Container Ship
567614000,IMO9936525,Container Ship (Fully Cellular),118523.0,Container Ship
567638000,IMO9703423,Bulk Carrier,25442.0,Bulk Carrier
576327000,IMO9355537,Wood Chips Carrier,49186.0,Other Cargo
577149000,IMO9758765,Bulk Carrier,30598.0,Bulk Carrier
577168000,IMO9668271,Bulk Carrier,23267.0,Bulk Carrier
577238000,IMO9799757,General Cargo Ship (Open Hatch),31920.0,Other Cargo
577278000,IMO9700885,Bulk Carrier,34810.0,Bulk Carrier
577346000,IMO9638678,Bulk Carrier,41101.0,Bulk Carrier
577364000,IMO9553127,Wood Chips Carrier,49608.0,Other Cargo
583010107,IMO9786061,Bulk Carrier,25163.0,Bulk Carrier
601027720,IMO9573787,Bulk Carrier,92752.0,Bulk Carrier
601684700,IMO9339959,Bulk Carrier,31247.0,Bulk Carrier
622121409,IMO9460746,Bulk Carrier,43736.0,Bulk Carrier
622121414,IMO9460760,Bulk Carrier,43736.0,Bulk Carrier
622121422,IMO9460734,Bulk Carrier,43736.0,Bulk Carrier
622121429,IMO9897999,Bulk Carrier,44732.0,Bulk Carrier
636010697,IMO9251315,Bulk Carrier,30363.0,Bulk Carrier
636011072,IMO9195298,General Cargo Ship (Open Hatch),29688.0,Other Cargo
636011285,IMO9251327,Bulk Carrier,30363.0,Bulk Carrier
636011527,IMO9228370,"Fruit Juice Carrier, Refrigerated",22063.0,Other Cargo
636011638,IMO9254903,Heavy Load Carrier,39625.0,Other Cargo
636012807,IMO9302619,Container Ship (Fully Cellular),90922.0,Container Ship
636012808,IMO9302621,Container Ship (Fully Cellular),90389.0,Container Ship
636012871,IMO9309655,Bulk Carrier,30369.0,Bulk Carrier
636012905,IMO9311763,Container Ship (Fully Cellular),27786.0,Container Ship
636013095,IMO9330654,Bulk Carrier,32578.0,Bulk Carrier
636013143,IMO9318187,Container Ship (Fully Cellular),40372.0,Container Ship
636013144,IMO9322322,Container Ship (Fully Cellular),39906.0,Container Ship
636013146,IMO9019652,Refrigerated Cargo Ship,9074.0,Other Cargo
636013437,IMO9278117,Container Ship (Fully Cellular),40030.0,Container Ship
636013470,IMO9360025,Bulk Carrier,31532.0,Bulk Carrier
636013521,IMO9350018,Container Ship (Fully Cellular),71787.0,Container Ship
636013522,IMO9350020,Container Ship (Fully Cellular),71787.0,Container Ship
636013564,IMO9343871,Bulk Carrier,49973.0,Bulk Carrier
636013644,IMO9278105,Container Ship (Fully Cellular),40030.0,Container Ship
636013646,IMO9394765,Bulk Carrier,43158.0,Bulk Carrier
636013689,IMO9337444,Container Ship (Fully Cellular),90507.0,Container Ship
636013690,IMO9337456,Container Ship (Fully Cellular),90507.0,Container Ship
636013691,IMO9337468,Container Ship (Fully Cellular),90507.0,Container Ship
636013692,IMO9337470,Container Ship (Fully Cellular),90507.0,Container Ship
636013693,IMO9337482,Container Ship (Fully Cellular),90507.0,Container Ship
636013698,IMO9353280,Container Ship (Fully Cellular),42741.0,Container Ship
636013699,IMO9353292,Container Ship (Fully Cellular),42741.0,Container Ship
636013892,IMO9450868,Bulk Carrier,88420.0,Bulk Carrier
636013898,IMO9231482,Container Ship (Fully Cellular),26582.0,Container Ship
636014059,IMO9386471,Container Ship (Fully Cellular),40560.0,Container Ship
636014168,IMO9386483,Container Ship (Fully Cellular),40560.0,Container Ship
636014169,IMO9397602,Container Ship (Fully Cellular),40560.0,Container Ship
636014199,IMO9386495,Container Ship (Fully Cellular),40560.0,Container Ship
636014200,IMO9397614,Container Ship (Fully Cellular),40560.0,Container Ship
636014219,IMO9398400,Container Ship (Fully Cellular),91092.0,Container Ship
636014220,IMO9398448,Container Ship (Fully Cellular),113980.0,Container Ship
636014221,IMO9398412,Container Ship (Fully Cellular),91092.0,Container Ship
636014222,IMO9398450,Container Ship (Fully Cellular),113980.0,Container Ship
636014224,IMO9398462,Container Ship (Fully Cellular),113980.0,Container Ship
636014242,IMO9515694,Bulk Carrier,17018.0,Bulk Carrier
636014366,IMO9446403,Bulk Carrier,31532.0,Bulk Carrier
636014441,IMO9469546,Bulk Carrier,93360.0,Bulk Carrier
636014455,IMO9278545,Bulk Carrier,87597.0,Bulk Carrier
636014459,IMO9554676,Bulk Carrier,33044.0,Bulk Carrier
636014472,IMO9494905,Vehicles Carrier,60387.0,Other Cargo
636014524,IMO9331713,Bulk Carrier,32637.0,Bulk Carrier
636014525,IMO9478523,Bulk Carrier,31532.0,Bulk Carrier
636014557,IMO9438523,Container Ship (Fully Cellular),73675.0,Container Ship
636014558,IMO9438535,Container Ship (Fully Cellular),73675.0,Container Ship
636014568,IMO9476666,Bulk Carrier,51239.0,Bulk Carrier
636014569,IMO9476678,Bulk Carrier,51239.0,Bulk Carrier
636014571,IMO9484687,Bulk Carrier,51239.0,Bulk Carrier
636014573,IMO9261449,Container Ship (Fully Cellular),66332.0,Container Ship
636014577,IMO9419931,Bulk Carrier,31532.0,Bulk Carrier
636014590,IMO9247560,Container Ship (Fully Cellular),66332.0,Container Ship
636014610,IMO9450727,Bulk Carrier,23456.0,Bulk Carrier
636014626,IMO9583330,Bulk Carrier,32355.0,Bulk Carrier
636014629,IMO9420124,Bulk Carrier,91412.0,Bulk Carrier
636014630,IMO9469625,Bulk Carrier,91412.0,Bulk Carrier
636014632,IMO9492218,Bulk Carrier,106884.0,Bulk Carrier
636014633,IMO9492220,Bulk Carrier,106884.0,Bulk Carrier
636014644,IMO9222302,Container Ship (Fully Cellular),73157.0,Container Ship
636014672,IMO9497476,Bulk Carrier,18722.0,Bulk Carrier
636014693,IMO9598153,Bulk Carrier,17019.0,Bulk Carrier
636014705,IMO9592733,Bulk Carrier,33044.0,Bulk Carrier
636014706,IMO9592745,Bulk Carrier,33044.0,Bulk Carrier
636014708,IMO9453054,Bulk Carrier,41697.0,Bulk Carrier
636014709,IMO9453066,Bulk Carrier,41697.0,Bulk Carrier
636014720,IMO9453509,Bulk Carrier,51208.0,Bulk Carrier
636014741,IMO9303780,Container Ship (Fully Cellular),28592.0,Container Ship
636014783,IMO9450739,Bulk Carrier,23456.0,Bulk Carrier
636014788,IMO9382736,Bulk Carrier,30351.0,Bulk Carrier
636014797,IMO9450753,Bulk Carrier,23456.0,Bulk Carrier
636014798,IMO9450765,Bulk Carrier,23456.0,Bulk Carrier
636014799,IMO9450777,Bulk Carrier,23456.0,Bulk Carrier
636014800,IMO9564384,"Fruit Juice Carrier, Refrigerated",34432.0,Other Cargo
636014812,IMO9523500,Bulk Carrier,43753.0,Bulk Carrier
636014817,IMO9571416,Bulk Carrier,22927.0,Bulk Carrier
636014862,IMO9456367,Bulk Carrier,32983.0,Bulk Carrier
636014865,IMO9332016,Bulk Carrier,49973.0,Bulk Carrier
636014878,IMO9587477,Bulk Carrier,51265.0,Bulk Carrier
636014887,IMO9453523,Bulk Carrier,51208.0,Bulk Carrier
636014894,IMO9426128,Bulk Carrier,32372.0,Bulk Carrier
636014899,IMO9453535,Bulk Carrier,51208.0,Bulk Carrier
636014908,IMO9468229,General Cargo Ship (Open Hatch),22852.0,Other Cargo
636014922,IMO9494034,Bulk Carrier,33202.0,Bulk Carrier
636014926,IMO9494022,Bulk Carrier,33202.0,Bulk Carrier
636014927,IMO9522934,Bulk Carrier,22691.0,Bulk Carrier
636014945,IMO9494058,Bulk Carrier,33230.0,Bulk Carrier
636014955,IMO9403413,Container Ship (Fully Cellular),18321.0,Container Ship
636014964,IMO9497488,Bulk Carrier,18722.0,Bulk Carrier
636014968,IMO9236535,Container Ship (Fully Cellular),51364.0,Container Ship
636014996,IMO9455870,Container Ship (Fully Cellular),76787.0,Container Ship
636014997,IMO9457737,Container Ship (Fully Cellular),76787.0,Container Ship
636015002,IMO9472103,Container Ship (Fully Cellular),26374.0,Container Ship
636015019,IMO9484936,Container Ship (Fully Cellular),113973.0,Container Ship
636015020,IMO9484948,Container Ship (Fully Cellular),113973.0,Container Ship
636015032,IMO9505900,Vehicles Carrier,45959.0,Other Cargo
636015033,IMO9493896,Bulk Carrier,41101.0,Bulk Carrier
636015034,IMO9502635,Bulk Carrier,41101.0,Bulk Carrier
636015035,IMO9613056,Bulk Carrier,41101.0,Bulk Carrier
636015094,IMO9498432,Bulk Carrier,23448.0,Bulk Carrier
636015110,IMO9468217,General Cargo Ship (Open Hatch),22863.0,Other Cargo
636015124,IMO9487627,Bulk Carrier,44262.0,Bulk Carrier
636015131,IMO9464247,Container Ship (Fully Cellular),41391.0,Container Ship
636015170,IMO9593476,Bulk Carrier,51265.0,Bulk Carrier
636015171,IMO9593488,Bulk Carrier,51265.0,Bulk Carrier
636015173,IMO9509401,Vehicles Carrier,45961.0,Other Cargo
636015182,IMO9484998,Container Ship (Fully Cellular),76787.0,Container Ship
636015183,IMO9485007,Container Ship (Fully Cellular),76787.0,Container Ship
636015197,IMO9485899,Bulk Carrier,23443.0,Bulk Carrier
636015227,IMO9568237,Bulk Carrier,50927.0,Bulk Carrier
636015233,IMO9275397,Container Ship (Fully Cellular),34610.0,Container Ship
636015278,IMO9521863,General Cargo Ship (Open Hatch),13579.0,Other Cargo
636015279,IMO9521875,Bulk Carrier,13579.0,Bulk Carrier
636015284,IMO9634969,Bulk Carrier,22434.0,Bulk Carrier
636015288,IMO9502623,Bulk Carrier,41074.0,Bulk Carrier
636015289,IMO9598165,Bulk Carrier,17025.0,Bulk Carrier
636015295,IMO9590620,Bulk Carrier,24196.0,Bulk Carrier
636015296,IMO9497517,Bulk Carrier,18722.0,Bulk Carrier
636015333,IMO9635999,Bulk Carrier,32839.0,Bulk Carrier
636015335,IMO9558490,General Cargo Ship,11927.0,Other Cargo
636015353,IMO9540481,Bulk Carrier,43837.0,Bulk Carrier
636015357,IMO9442574,Bulk Carrier,21300.0,Bulk Carrier
636015358,IMO9499462,Bulk Carrier,32839.0,Bulk Carrier
636015386,IMO9468231,General Cargo Ship (Open Hatch),22852.0,Other Cargo
636015404,IMO9256755,Container Ship (Fully Cellular),73819.0,Container Ship
636015435,IMO9484699,Bulk Carrier,51253.0,Bulk Carrier
636015455,IMO9539248,Bulk Carrier,44475.0,Bulk Carrier
636015458,IMO9500675,Bulk Carrier,32309.0,Bulk Carrier
636015467,IMO9484534,Container Ship (Fully Cellular),41944.0,Container Ship
636015481,IMO9626560,Container Ship (Fully Cellular),16770.0,Container Ship
636015496,IMO9231779,Container Ship (Fully Cellular),53453.0,Container Ship
636015498,IMO9611905,Bulk Carrier,44128.0,Bulk Carrier
636015503,IMO9484522,Container Ship (Fully Cellular),41944.0,Container Ship
636015506,IMO9465265,Container Ship (Fully Cellular),141635.0,Container Ship
636015514,IMO9473731,Container Ship (Fully Cellular),141770.0,Container Ship
636015516,IMO9475674,Container Ship (Fully Cellular),141770.0,Container Ship
636015524,IMO9227273,Container Ship (Fully Cellular),40085.0,Container Ship
636015536,IMO9548237,Bulk Carrier,51208.0,Bulk Carrier
636015547,IMO9497529,Bulk Carrier,18722.0,Bulk Carrier
636015548,IMO9601338,Bulk Carrier,44133.0,Bulk Carrier
636015549,IMO9601340,Bulk Carrier,44133.0,Bulk Carrier
636015557,IMO9610418,Vehicles Carrier,59022.0,Other Cargo
636015598,IMO9615107,Bulk Carrier,23273.0,Bulk Carrier
636015600,IMO9196307,General Cargo Ship (Open Hatch),20319.0,Other Cargo
636015604,IMO9465277,Container Ship (Fully Cellular),141635.0,Container Ship
636015607,IMO9475703,Container Ship (Fully Cellular),140979.0,Container Ship
636015629,IMO9594509,General Cargo Ship,22863.0,Other Cargo
636015637,IMO9548213,Bulk Carrier,51208.0,Bulk Carrier
636015657,IMO9604914,Vehicles Carrier,59583.0,Other Cargo
636015658,IMO9326330,Bulk Carrier,11681.0,Bulk Carrier
636015659,IMO9644990,Container Ship (Fully Cellular),42814.0,Container Ship
636015660,IMO9649835,Container Ship (Fully Cellular),42814.0,Container Ship
636015664,IMO9619426,Container Ship (Fully Cellular),94659.0,Container Ship
636015666,IMO9619440,Container Ship (Fully Cellular),94017.0,Container Ship
636015671,IMO9663623,Bulk Carrier,35812.0,Bulk Carrier
636015672,IMO9663635,Bulk Carrier,35812.0,Bulk Carrier
636015676,IMO9286956,Bulk Carrier,39964.0,Bulk Carrier
636015708,IMO9615042,Bulk Carrier,17033.0,Bulk Carrier
636015710,IMO9647277,Bulk Carrier,35812.0,Bulk Carrier
636015725,IMO9624445,Bulk Carrier,92758.0,Bulk Carrier
636015743,IMO9315379,Container Ship (Fully Cellular),89729.0,Container Ship
636015750,IMO9300855,Bulk Carrier,19971.0,Bulk Carrier
636015751,IMO9300831,Bulk Carrier,19971.0,Bulk Carrier
636015754,IMO9385611,Container Ship (Fully Cellular),40560.0,Container Ship
636015758,IMO9641340,Bulk Carrier,33049.0,Bulk Carrier
636015759,IMO9641352,Bulk Carrier,33049.0,Bulk Carrier
636015760,IMO9641364,Bulk Carrier,33049.0,Bulk Carrier
636015771,IMO9544920,Vehicles Carrier,60975.0,Other Cargo
636015773,IMO9479333,Bulk Carrier,42699.0,Bulk Carrier
636015777,IMO9483279,Bulk Carrier,32672.0,Bulk Carrier
636015790,IMO9642356,Bulk Carrier,41091.0,Bulk Carrier
636015806,IMO9625528,Container Ship (Fully Cellular),52467.0,Container Ship
636015819,IMO9624237,Vehicles Carrier,59583.0,Other Cargo
636015837,IMO9588249,,,Other Cargo
636015857,IMO9563689,Bulk Carrier,92758.0,Bulk Carrier
636015872,IMO9677026,Container Ship (Fully Cellular),71112.0,Container Ship
636015873,IMO9233844,Container Ship (Fully Cellular),39941.0,Container Ship
636015874,IMO9520625,Bulk Carrier,32309.0,Bulk Carrier
636015884,IMO9530979,Bulk Carrier,22733.0,Bulk Carrier
636015892,IMO9666431,Bulk Carrier,19213.0,Bulk Carrier
636015897,IMO9238777,Container Ship (Fully Cellular),39941.0,Container Ship
636015902,IMO9460318,Bulk Carrier,29923.0,Bulk Carrier
636015907,IMO9632947,Bulk Carrier,44336.0,Bulk Carrier
636015949,IMO9355185,Vehicles Carrier,59952.0,Other Cargo
636015950,IMO9625542,Container Ship (Fully Cellular),52467.0,Container Ship
636015952,IMO9260914,Container Ship (Fully Cellular),66462.0,Container Ship
636015956,IMO9675391,"Fruit Juice Carrier, Refrigerated",22687.0,Other Cargo
636015957,IMO9675406,"Fruit Juice Carrier, Refrigerated",22687.0,Other Cargo
636015975,IMO9349605,Container Ship (Fully Cellular),74175.0,Container Ship
636015980,IMO9627899,Container Ship (Fully Cellular),96628.0,Container Ship
636015986,IMO9642382,Bulk Carrier,41104.0,Bulk Carrier
636015990,IMO9650999,Bulk Carrier,17025.0,Bulk Carrier
636015992,IMO9308807,Vehicles Carrier,46800.0,Other Cargo
636015993,IMO9308792,Vehicles Carrier,47168.0,Other Cargo
636015994,IMO9325180,Vehicles Carrier,46800.0,Other Cargo
636016043,IMO9333711,Bulk Carrier,11680.0,Bulk Carrier
636016044,IMO9667423,Bulk Carrier,23268.0,Bulk Carrier
636016066,IMO9074042,Container Ship (Fully Cellular),60862.0,Container Ship
636016069,IMO9626651,Bulk Carrier,42576.0,Bulk Carrier
636016070,IMO9626663,Bulk Carrier,42576.0,Bulk Carrier
636016074,IMO9629380,Container Ship (Fully Cellular),70147.0,Container Ship
636016096,IMO9539212,Vehicles Carrier,60131.0,Other Cargo
636016100,IMO9595278,Bulk Carrier,44289.0,Bulk Carrier
636016106,IMO9247546,Container Ship (Fully Cellular),66332.0,Container Ship
636016125,IMO9627904,Container Ship (Fully Cellular),96628.0,Container Ship
636016126,IMO9629445,Container Ship (Fully Cellular),69809.0,Container Ship
636016151,IMO9597381,Bulk Carrier,44180.0,Bulk Carrier
636016177,IMO9627916,Container Ship (Fully Cellular),96628.0,Container Ship
636016179,IMO9706281,Container Ship (Fully Cellular),17907.0,Container Ship
636016185,IMO9629457,Container Ship (Fully Cellular),69809.0,Container Ship
636016197,IMO9707584,Bulk Carrier,35812.0,Bulk Carrier
636016198,IMO9261970,Bulk Carrier,27989.0,Bulk Carrier
636016199,IMO9332872,Container Ship (Fully Cellular),71786.0,Container Ship
636016200,IMO9332884,Container Ship (Fully Cellular),71786.0,Container Ship
636016201,IMO9393307,Container Ship (Fully Cellular),94511.0,Container Ship
636016203,IMO9322358,Container Ship (Fully Cellular),39912.0,Container Ship
636016204,IMO9280861,Container Ship (Fully Cellular),53453.0,Container Ship
636016205,IMO9289908,Vehicles Carrier,47168.0,Other Cargo
636016206,IMO9432892,Vehicles Carrier,47168.0,Other Cargo
636016231,IMO9629469,Container Ship (Fully Cellular),69809.0,Container Ship
636016242,IMO9664885,Container Ship (Fully Cellular),71821.0,Container Ship
636016243,IMO9596650,Bulk Carrier,44119.0,Bulk Carrier
636016248,IMO9432907,Vehicles Carrier,46800.0,Other Cargo
636016262,IMO9626675,Bulk Carrier,42576.0,Bulk Carrier
636016277,IMO9477787,Container Ship (Fully Cellular),40542.0,Container Ship
636016288,IMO9684225,Bulk Carrier,35812.0,Bulk Carrier
636016295,IMO9591088,Bulk Carrier,45263.0,Bulk Carrier
636016305,IMO9695016,Container Ship (Fully Cellular),94930.0,Container Ship
636016306,IMO9695028,Container Ship (Fully Cellular),94930.0,Container Ship
636016321,IMO9627928,Container Ship (Fully Cellular),96628.0,Container Ship
636016338,IMO9516703,Bulk Carrier,22775.0,Bulk Carrier
636016351,IMO9678824,Bulk Carrier,108051.0,Bulk Carrier
636016353,IMO9692650,Bulk Carrier,31538.0,Bulk Carrier
636016396,IMO9661558,LPG Tanker,17208.0,Other Cargo
636016415,IMO9210086,Container Ship (Fully Cellular),37113.0,Container Ship
636016417,IMO9210062,Container Ship (Fully Cellular),37113.0,Container Ship
636016420,IMO9355197,Vehicles Carrier,59952.0,Other Cargo
636016421,IMO9233430,Bulk Carrier,25371.0,Bulk Carrier
636016423,IMO9297876,Container Ship (Fully Cellular),55344.0,Container Ship
636016424,IMO9297864,Container Ship (Fully Cellular),55510.0,Container Ship
636016429,IMO9238741,Container Ship (Fully Cellular),67466.0,Container Ship
636016430,IMO9227338,Container Ship (Fully Cellular),45803.0,Container Ship
636016431,IMO9227340,Container Ship (Fully Cellular),45803.0,Container Ship
636016432,IMO9244881,Container Ship (Fully Cellular),45803.0,Container Ship
636016434,IMO9227297,Container Ship (Fully Cellular),45803.0,Container Ship
636016435,IMO9227302,Container Ship (Fully Cellular),45803.0,Container Ship
636016436,IMO9227314,Container Ship (Fully Cellular),45803.0,Container Ship
636016437,IMO9227326,Container Ship (Fully Cellular),45803.0,Container Ship
636016445,IMO9713882,Vehicles Carrier,59516.0,Other Cargo
636016450,IMO9481489,Bulk Carrier,43441.0,Bulk Carrier
636016475,IMO9218052,Bulk Carrier,19920.0,Bulk Carrier
636016476,IMO9141297,Container Ship (Fully Cellular),53324.0,Container Ship
636016480,IMO9328675,Bulk Carrier,31242.0,Bulk Carrier
636016487,IMO9323637,Bulk Carrier,19891.0,Bulk Carrier
636016492,IMO9147071,Container Ship (Fully Cellular),53324.0,Container Ship
636016497,IMO9689172,Bulk Carrier,34570.0,Bulk Carrier
636016498,IMO9696515,Bulk Carrier,36303.0,Bulk Carrier
636016499,IMO9696527,Bulk Carrier,36303.0,Bulk Carrier
636016502,IMO9733820,Container Ship (Fully Cellular),17907.0,Container Ship
636016520,IMO9506514,General Cargo Ship,22064.0,Other Cargo
636016529,IMO9310290,Bulk Carrier,42887.0,Bulk Carrier
636016530,IMO9736157,Bulk Carrier,35812.0,Bulk Carrier
636016531,IMO9736169,,,Other Cargo
636016580,IMO9751016,Bulk Carrier,94724.0,Bulk Carrier
636016600,IMO9670901,Bulk Carrier,36362.0,Bulk Carrier
636016601,IMO9670925,Bulk Carrier,36362.0,Bulk Carrier
636016606,IMO9701140,Vehicles Carrier,59516.0,Other Cargo
636016647,IMO9344679,Container Ship (Fully Cellular),22914.0,Container Ship
636016649,IMO9347255,Container Ship (Fully Cellular),22914.0,Container Ship
636016650,IMO9347279,Container Ship (Fully Cellular),22914.0,Container Ship
636016656,IMO9358395,Bulk Carrier,22790.0,Bulk Carrier
636016657,IMO9617430,Bulk Carrier,43472.0,Bulk Carrier
636016672,IMO9267649,Container Ship (Fully Cellular),77048.0,Container Ship
636016673,IMO9267637,Container Ship (Fully Cellular),77048.0,Container Ship
636016678,IMO9717589,Bulk Carrier,36336.0,Bulk Carrier
636016688,IMO9316191,Bulk Carrier,30988.0,Bulk Carrier
636016697,IMO9497622,Bulk Carrier,43365.0,Bulk Carrier
636016703,IMO9496604,Container Ship (Fully Cellular),47952.0,Container Ship
636016705,IMO9496628,Container Ship (Fully Cellular),47952.0,Container Ship
636016707,IMO9718909,Bulk Carrier,36426.0,Bulk Carrier
636016708,IMO9718911,Bulk Carrier,36426.0,Bulk Carrier
636016742,IMO9184859,Vehicles Carrier,58684.0,Other Cargo
636016769,IMO9725548,Bulk Carrier,32714.0,Bulk Carrier
636016770,IMO9315824,Container Ship (Fully Cellular),28592.0,Container Ship
636016774,IMO9663740,"Fruit Juice Carrier, Refrigerated",26215.0,Other Cargo
636016791,IMO9713416,Bulk Carrier,34830.0,Bulk Carrier
636016795,IMO9624043,Bulk Carrier,31538.0,Bulk Carrier
636016805,IMO9149328,Container Ship (Fully Cellular),26029.0,Container Ship
636016827,IMO9675705,Bulk Carrier,17027.0,Bulk Carrier
636016834,IMO9723186,Bulk Carrier,93245.0,Bulk Carrier
636016847,IMO9724740,Bulk Carrier,36396.0,Bulk Carrier
636016848,IMO9724752,Bulk Carrier,36396.0,Bulk Carrier
636016851,IMO9275036,Container Ship (Fully Cellular),26833.0,Container Ship
636016852,IMO9309277,Container Ship (Fully Cellular),35975.0,Container Ship
636016853,IMO9289556,Container Ship (Fully Cellular),54592.0,Container Ship
636016891,IMO9670743,Bulk Carrier,26411.0,Bulk Carrier
636016895,IMO9303754,Container Ship (Fully Cellular),35581.0,Container Ship
636016900,IMO9708318,Bulk Carrier,41650.0,Bulk Carrier
636016901,IMO9588380,Bulk Carrier,23460.0,Bulk Carrier
636016909,IMO9509671,General Cargo Ship,22863.0,Other Cargo
636016911,IMO9509712,General Cargo Ship,22863.0,Other Cargo
636016912,IMO9509695,General Cargo Ship,22863.0,Other Cargo
636016922,IMO9559676,Bulk Carrier,20846.0,Bulk Carrier
636016926,IMO9554066,Bulk Carrier,17018.0,Bulk Carrier
636016971,IMO9729556,Bulk Carrier,35884.0,Bulk Carrier
636016972,IMO9729568,Bulk Carrier,35884.0,Bulk Carrier
636016973,IMO9408774,Container Ship (Fully Cellular),35991.0,Container Ship
636016978,IMO9189366,Container Ship (Fully Cellular),66526.0,Container Ship
636016979,IMO9189354,Container Ship (Fully Cellular),66526.0,Container Ship
636016980,IMO9189500,Container Ship (Fully Cellular),66526.0,Container Ship
636016983,IMO9710220,Container Ship (Fully Cellular),94416.0,Container Ship
636016985,IMO9710232,Container Ship (Fully Cellular),94416.0,Container Ship
636016999,IMO9293179,Container Ship (Fully Cellular),58960.0,Container Ship
636017000,IMO9293167,Container Ship (Fully Cellular),58960.0,Container Ship
636017002,IMO9597800,Bulk Carrier,44102.0,Bulk Carrier
636017006,IMO9038907,Container Ship (Fully Cellular),53815.0,Container Ship
636017008,IMO9762871,Bulk Carrier,25594.0,Bulk Carrier
636017022,IMO9224049,Container Ship (Fully Cellular),23890.0,Container Ship
636017030,IMO9537915,Bulk Carrier,51239.0,Bulk Carrier
636017033,IMO9762883,Bulk Carrier,25611.0,Bulk Carrier
636017034,IMO9762895,Bulk Carrier,25611.0,Bulk Carrier
636017036,IMO9762912,Bulk Carrier,25611.0,Bulk Carrier
636017045,IMO9301457,Container Ship (Fully Cellular),26836.0,Container Ship
636017052,IMO9467952,Bulk Carrier,21650.0,Bulk Carrier
636017062,IMO9363950,Vehicles Carrier,60065.0,Other Cargo
636017065,IMO9718698,Bulk Carrier,44127.0,Bulk Carrier
636017070,IMO9708033,Bulk Carrier,25278.0,Bulk Carrier
636017071,IMO9708045,Bulk Carrier,25278.0,Bulk Carrier
636017072,IMO9708057,Bulk Carrier,25278.0,Bulk Carrier
636017073,IMO9708069,Bulk Carrier,25278.0,Bulk Carrier
636017074,IMO9727493,Bulk Carrier,25278.0,Bulk Carrier
636017075,IMO9727508,Bulk Carrier,25278.0,Bulk Carrier
636017076,IMO9727510,Bulk Carrier,25278.0,Bulk Carrier
636017077,IMO9727522,Bulk Carrier,25278.0,Bulk Carrier
636017090,IMO9590046,Bulk Carrier,44102.0,Bulk Carrier
636017102,IMO9732591,Container Ship (Fully Cellular),93702.0,Container Ship
636017103,IMO9740457,Container Ship (Fully Cellular),93702.0,Container Ship
636017104,IMO9728253,Container Ship (Fully Cellular),96424.0,Container Ship
636017112,IMO9339583,Container Ship (Fully Cellular),26435.0,Container Ship
636017150,IMO9723045,Bulk Carrier,35812.0,Bulk Carrier
636017153,IMO9383261,Container Ship (Fully Cellular),26435.0,Container Ship
636017155,IMO9383247,Container Ship (Fully Cellular),26435.0,Container Ship
636017156,IMO9590785,Bulk Carrier,17019.0,Bulk Carrier
636017171,IMO9718002,Bulk Carrier,44029.0,Bulk Carrier
636017173,IMO9229300,Container Ship (Fully Cellular),75201.0,Container Ship
636017184,IMO9426245,Bulk Carrier,32309.0,Bulk Carrier
636017196,IMO9696448,Bulk Carrier,36300.0,Bulk Carrier
636017197,IMO9696450,Bulk Carrier,36300.0,Bulk Carrier
636017229,IMO9426154,Bulk Carrier,32309.0,Bulk Carrier
636017242,IMO9728150,Bulk Carrier,32370.0,Bulk Carrier
636017271,IMO9478468,General Cargo Ship (Open Hatch),21483.0,Other Cargo
636017294,IMO9229403,Vehicles Carrier,52863.0,Other Cargo
636017305,IMO9748382,Bulk Carrier,23221.0,Bulk Carrier
636017306,IMO9229312,Container Ship (Fully Cellular),75201.0,Container Ship
636017309,IMO9246310,Container Ship (Fully Cellular),27322.0,Container Ship
636017329,IMO9707754,Bulk Carrier,25303.0,Bulk Carrier
636017330,IMO9736391,Bulk Carrier,21728.0,Bulk Carrier
636017334,IMO9747871,Bulk Carrier,92992.0,Bulk Carrier
636017344,IMO9670781,Bulk Carrier,26411.0,Bulk Carrier
636017356,IMO9718014,Bulk Carrier,44029.0,Bulk Carrier
636017360,IMO9399741,Container Ship (Fully Cellular),32984.0,Container Ship
636017368,IMO9774472,Bulk Carrier,46990.0,Bulk Carrier
636017370,IMO9774484,Bulk Carrier,46990.0,Bulk Carrier
636017371,IMO9774496,Bulk Carrier,46990.0,Bulk Carrier
636017376,IMO9789817,Bulk Carrier,46990.0,Bulk Carrier
636017377,IMO9789831,Bulk Carrier,46990.0,Bulk Carrier
636017382,IMO9705342,Bulk Carrier,36421.0,Bulk Carrier
636017386,IMO9719551,Bulk Carrier,43301.0,Bulk Carrier
636017392,IMO9741138,General Cargo Ship,11619.0,Other Cargo
636017393,IMO9741152,General Cargo Ship,11619.0,Other Cargo
636017405,IMO9138305,Container Ship (Fully Cellular),25361.0,Container Ship
636017408,IMO9647473,Container Ship (Fully Cellular),176490.0,Container Ship
636017419,IMO9740809,Bulk Carrier,47003.0,Bulk Carrier
636017430,IMO9728162,Bulk Carrier,32370.0,Bulk Carrier
636017435,IMO9755957,Container Ship (Fully Cellular),194250.0,Container Ship
636017469,IMO9718026,Bulk Carrier,44029.0,Bulk Carrier
636017488,IMO9767560,Bulk Carrier,35826.0,Bulk Carrier
636017489,IMO9782340,Bulk Carrier,35823.0,Bulk Carrier
636017493,IMO9737709,Bulk Carrier,36474.0,Bulk Carrier
636017495,IMO9524683,Bulk Carrier,32795.0,Bulk Carrier
636017496,IMO9513907,Bulk Carrier,32795.0,Bulk Carrier
636017503,IMO9600657,Bulk Carrier,44252.0,Bulk Carrier
636017505,IMO9330501,Container Ship (Fully Cellular),36483.0,Container Ship
636017506,IMO9762326,Container Ship (Fully Cellular),194308.0,Container Ship
636017509,IMO9740811,Bulk Carrier,47003.0,Bulk Carrier
636017514,IMO9426817,Container Ship (Fully Cellular),54182.0,Container Ship
636017515,IMO9426805,Container Ship (Fully Cellular),54182.0,Container Ship
636017516,IMO9762338,Container Ship (Fully Cellular),194308.0,Container Ship
636017519,IMO9735103,Bulk Carrier,34447.0,Bulk Carrier
636017520,IMO9275048,Container Ship (Fully Cellular),26833.0,Container Ship
636017521,IMO9302786,Bulk Carrier,39727.0,Bulk Carrier
636017522,IMO9757838,Bulk Carrier,92696.0,Bulk Carrier
636017523,IMO9426049,Bulk Carrier,51255.0,Bulk Carrier
636017531,IMO9627758,Bulk Carrier,44325.0,Bulk Carrier
636017537,IMO9606326,Container Ship (Fully Cellular),176490.0,Container Ship
636017539,IMO9762534,Vehicles Carrier,56677.0,Other Cargo
636017540,IMO9841017,Vehicles Carrier,72900.0,Other Cargo
636017550,IMO9566813,Bulk Carrier,43501.0,Bulk Carrier
636017555,IMO9363314,General Cargo Ship (Open Hatch),20238.0,Other Cargo
636017559,IMO9696826,Bulk Carrier,25546.0,Bulk Carrier
636017560,IMO9696838,Bulk Carrier,25546.0,Bulk Carrier
636017569,IMO9754953,Container Ship (Fully Cellular),194308.0,Container Ship
636017571,IMO9759678,Bulk Carrier,35832.0,Bulk Carrier
636017572,IMO9759680,Bulk Carrier,35832.0,Bulk Carrier
636017577,IMO9754965,Container Ship (Fully Cellular),194308.0,Container Ship
636017581,IMO9169122,Container Ship (Fully Cellular),40792.0,Container Ship
636017582,IMO9116369,Container Ship (Fully Cellular),30280.0,Container Ship
636017583,IMO9757955,General Cargo Ship (Open Hatch),21174.0,Other Cargo
636017607,IMO9589712,Bulk Carrier,17025.0,Bulk Carrier
636017611,IMO9621003,Bulk Carrier,24196.0,Bulk Carrier
636017617,IMO9514377,Bulk Carrier,31748.0,Bulk Carrier
636017637,IMO9748760,Bulk Carrier,34808.0,Bulk Carrier
636017643,IMO9085522,Container Ship (Fully Cellular),81488.0,Container Ship
636017649,IMO9748837,Bulk Carrier,36484.0,Bulk Carrier
636017659,IMO9364356,Container Ship (Fully Cellular),9940.0,Container Ship
636017670,IMO9349497,Container Ship (Fully Cellular),75579.0,Container Ship
636017683,IMO9430868,Container Ship (Fully Cellular),18326.0,Container Ship
636017685,IMO9767388,Container Ship (Fully Cellular),193489.0,Container Ship
636017686,IMO9767390,Container Ship (Fully Cellular),194250.0,Container Ship
636017692,IMO9313307,Bulk Carrier,43069.0,Bulk Carrier
636017700,IMO9364344,Container Ship (Fully Cellular),9940.0,Container Ship
636017713,IMO9448035,Bulk Carrier,63864.0,Bulk Carrier
636017720,IMO9448023,Bulk Carrier,63864.0,Bulk Carrier
636017730,IMO9357080,Container Ship (Fully Cellular),22801.0,Container Ship
636017731,IMO9357119,Container Ship (Fully Cellular),22801.0,Container Ship
636017745,IMO9519066,Bulk Carrier,93564.0,Bulk Carrier
636017746,IMO9507893,Bulk Carrier,93186.0,Bulk Carrier
636017751,IMO9483217,Bulk Carrier,32672.0,Bulk Carrier
636017767,IMO9748289,Vehicles Carrier,72700.0,Other Cargo
636017780,IMO9453248,Bulk Carrier,32929.0,Bulk Carrier
636017781,IMO9646663,Bulk Carrier,41605.0,Bulk Carrier
636017782,IMO9646675,Bulk Carrier,41605.0,Bulk Carrier
636017802,IMO9509140,Container Ship (Fully Cellular),39905.0,Container Ship
636017803,IMO9509152,Container Ship (Fully Cellular),39905.0,Container Ship
636017846,IMO9275323,Bulk Carrier,28171.0,Bulk Carrier
636017854,IMO9737606,Bulk Carrier,44127.0,Bulk Carrier
636017867,IMO9762340,Container Ship (Fully Cellular),194308.0,Container Ship
636017870,IMO9748291,Vehicles Carrier,72700.0,Other Cargo
636017887,IMO9641792,Bulk Carrier,17019.0,Bulk Carrier
636017895,IMO9574200,Bulk Carrier,17025.0,Bulk Carrier
636017896,IMO9812482,Bulk Carrier,35025.0,Bulk Carrier
636017897,IMO9812494,Bulk Carrier,35025.0,Bulk Carrier
636017898,IMO9595175,Bulk Carrier,22662.0,Bulk Carrier
636017903,IMO9757034,Bulk Carrier,34323.0,Bulk Carrier
636017916,IMO9502908,Container Ship (Fully Cellular),141754.0,Container Ship
636017918,IMO9489986,Bulk Carrier,23548.0,Bulk Carrier
636017921,IMO9503732,Container Ship (Fully Cellular),141754.0,Container Ship
636017923,IMO9553804,Bulk Carrier,17018.0,Bulk Carrier
636017929,IMO9275024,Container Ship (Fully Cellular),26833.0,Container Ship
636017944,IMO9186390,Livestock Carrier,9927.0,Other Cargo
636017962,IMO9804564,Bulk Carrier,43283.0,Bulk Carrier
636017973,IMO9347425,Container Ship (Fully Cellular),74962.0,Container Ship
636017981,IMO9485045,Bulk Carrier,31540.0,Bulk Carrier
636017982,IMO9465162,Bulk Carrier,32309.0,Bulk Carrier
636017984,IMO9615377,Bulk Carrier,44980.0,Bulk Carrier
636017989,IMO9650872,Bulk Carrier,44980.0,Bulk Carrier
636017992,IMO9551698,Bulk Carrier,32987.0,Bulk Carrier
636017993,IMO9419773,Container Ship (Fully Cellular),35998.0,Container Ship
636017994,IMO9419785,Container Ship (Fully Cellular),35998.0,Container Ship
636018018,IMO9290476,Container Ship (Fully Cellular),82794.0,Container Ship
636018024,IMO9747687,Bulk Carrier,36474.0,Bulk Carrier
636018028,IMO9408865,Container Ship (Fully Cellular),113412.0,Container Ship
636018034,IMO9268916,Bulk Carrier,19829.0,Bulk Carrier
636018035,IMO9399753,Container Ship (Fully Cellular),32901.0,Container Ship
636018037,IMO9406738,Container Ship (Fully Cellular),113412.0,Container Ship
636018038,IMO9408877,Container Ship (Fully Cellular),113412.0,Container Ship
636018042,IMO9594432,Bulk Carrier,19943.0,Bulk Carrier
636018051,IMO9729893,Bulk Carrier,44043.0,Bulk Carrier
636018053,IMO9514315,Bulk Carrier,31756.0,Bulk Carrier
636018055,IMO9575254,Bulk Carrier,35812.0,Bulk Carrier
636018057,IMO9461465,Container Ship (Fully Cellular),91585.0,Container Ship
636018058,IMO9461477,Container Ship (Fully Cellular),91585.0,Container Ship
636018059,IMO9461489,Container Ship (Fully Cellular),91585.0,Container Ship
636018062,IMO9465368,Bulk Carrier,21650.0,Bulk Carrier
636018067,IMO9804942,Bulk Carrier,24203.0,Bulk Carrier
636018068,IMO9756729,Container Ship (Fully Cellular),103515.0,Container Ship
636018069,IMO9408853,Container Ship (Fully Cellular),113412.0,Container Ship
636018070,IMO9408841,Container Ship (Fully Cellular),113515.0,Container Ship
636018075,IMO9304447,Container Ship (Fully Cellular),107849.0,Container Ship
636018077,IMO9712668,Bulk Carrier,108237.0,Bulk Carrier
636018079,IMO9304459,Container Ship (Fully Cellular),107849.0,Container Ship
636018086,IMO9467976,Bulk Carrier,21650.0,Bulk Carrier
636018097,IMO9401051,Container Ship (Fully Cellular),40029.0,Container Ship
636018102,IMO9318060,Container Ship (Fully Cellular),91649.0,Container Ship
636018105,IMO9477309,Container Ship (Fully Cellular),41298.0,Container Ship
636018106,IMO9756731,Container Ship (Fully Cellular),102492.0,Container Ship
636018124,IMO9406934,Container Ship (Fully Cellular),9957.0,Container Ship
636018128,IMO9785122,Bulk Carrier,23225.0,Bulk Carrier
636018135,IMO9498341,Heavy Load Carrier,23930.0,Other Cargo
636018137,IMO9498353,Heavy Load Carrier,23930.0,Other Cargo
636018138,IMO9498365,General Cargo Ship,23930.0,Other Cargo
636018141,IMO9498389,Heavy Load Carrier,23930.0,Other Cargo
636018143,IMO9498444,Heavy Load Carrier,23930.0,Other Cargo
636018144,IMO9498456,Heavy Load Carrier,23930.0,Other Cargo
636018145,IMO9498470,General Cargo Ship,23930.0,Other Cargo
636018146,IMO9498482,General Cargo Ship,23930.0,Other Cargo
636018189,IMO9337676,Container Ship (Fully Cellular),55487.0,Container Ship
636018211,IMO9273791,General Cargo Ship,10899.0,Other Cargo
636018220,IMO9811957,Bulk Carrier,35824.0,Bulk Carrier
636018221,IMO9820958,Bulk Carrier,35824.0,Bulk Carrier
636018222,IMO9337652,Container Ship (Fully Cellular),55487.0,Container Ship
636018225,IMO9356696,Container Ship (Fully Cellular),76826.0,Container Ship
636018226,IMO9273806,General Cargo Ship,10899.0,Other Cargo
636018230,IMO9163207,,,Other Cargo
636018238,IMO9329473,Vehicles Carrier,57542.0,Other Cargo
636018242,IMO9231262,Container Ship (Fully Cellular),66257.0,Container Ship
636018248,IMO9765598,Bulk Carrier,35615.0,Bulk Carrier
636018250,IMO9479008,Bulk Carrier,31243.0,Bulk Carrier
636018254,IMO9346366,Bulk Carrier,90091.0,Bulk Carrier
636018268,IMO9135638,Container Ship (Fully Cellular),29022.0,Container Ship
636018270,IMO9804954,Bulk Carrier,24203.0,Bulk Carrier
636018271,IMO9800398,Bulk Carrier,35035.0,Bulk Carrier
636018276,IMO9770763,Container Ship (Fully Cellular),103515.0,Container Ship
636018289,IMO9375927,Bulk Carrier,42751.0,Bulk Carrier
636018304,IMO9841029,Vehicles Carrier,72900.0,Other Cargo
636018316,IMO9311050,General Cargo Ship (Open Hatch),21385.0,Other Cargo
636018320,IMO9181675,Container Ship (Fully Cellular),53208.0,Container Ship
636018330,IMO9467627,Bulk Carrier,23426.0,Bulk Carrier
636018331,IMO9467562,Bulk Carrier,23426.0,Bulk Carrier
636018340,IMO9254692,Bulk Carrier,88594.0,Bulk Carrier
636018346,IMO9797187,Container Ship (Fully Cellular),43628.0,Container Ship
636018347,IMO9782089,Vehicles Carrier,72684.0,Other Cargo
636018362,IMO9514327,Bulk Carrier,31756.0,Bulk Carrier
636018363,IMO9478860,Bulk Carrier,31217.0,Bulk Carrier
636018364,IMO9345960,Container Ship (Fully Cellular),43071.0,Container Ship
636018365,IMO9599016,Bulk Carrier,20969.0,Bulk Carrier
636018377,IMO9516387,Bulk Carrier,39737.0,Bulk Carrier
636018385,IMO9463035,Container Ship (Fully Cellular),141649.0,Container Ship
636018392,IMO9467586,Bulk Carrier,23426.0,Bulk Carrier
636018396,IMO9792448,Bulk Carrier,35570.0,Bulk Carrier
636018455,IMO9801342,Bulk Carrier,107902.0,Bulk Carrier
636018470,IMO9520651,Bulk Carrier,32319.0,Bulk Carrier
636018471,IMO9395953,Container Ship (Fully Cellular),40741.0,Container Ship
636018475,IMO9316828,Bulk Carrier,93003.0,Bulk Carrier
636018481,IMO9830161,Bulk Carrier,23225.0,Bulk Carrier
636018482,IMO9832652,Bulk Carrier,35832.0,Bulk Carrier
636018488,IMO9247405,General Cargo Ship,11894.0,Other Cargo
636018494,IMO9782091,Vehicles Carrier,72684.0,Other Cargo
636018505,IMO9726774,Bulk Carrier,93297.0,Bulk Carrier
636018508,IMO9481960,Bulk Carrier,22988.0,Bulk Carrier
636018517,IMO9811531,Bulk Carrier,48261.0,Bulk Carrier
636018518,IMO9815939,Bulk Carrier,48261.0,Bulk Carrier
636018523,IMO9797199,Container Ship (Fully Cellular),43628.0,Container Ship
636018535,IMO9792450,Bulk Carrier,35570.0,Bulk Carrier
636018541,IMO9679907,Container Ship (Fully Cellular),102931.0,Container Ship
636018551,IMO9577757,General Cargo Ship,24210.0,Other Cargo
636018553,IMO9565338,Container Ship (Fully Cellular),39753.0,Container Ship
636018560,IMO9383259,Container Ship (Fully Cellular),26435.0,Container Ship
636018563,IMO9431707,Container Ship (Fully Cellular),40542.0,Container Ship
636018571,IMO9463047,Container Ship (Fully Cellular),141649.0,Container Ship
636018572,IMO9463059,Container Ship (Fully Cellular),141649.0,Container Ship
636018574,IMO9802205,Bulk Carrier,43015.0,Bulk Carrier
636018581,IMO9667588,Bulk Carrier,24212.0,Bulk Carrier
636018585,IMO9729312,Bulk Carrier,44855.0,Bulk Carrier
636018590,IMO9488633,General Cargo Ship,6569.0,Other Cargo
636018636,IMO9787974,Bulk Carrier,31555.0,Bulk Carrier
636018637,IMO9796535,Bulk Carrier,21574.0,Bulk Carrier
636018643,IMO9805790,Bulk Carrier,46832.0,Bulk Carrier
636018654,IMO9862841,Bulk Carrier,109529.0,Bulk Carrier
636018655,IMO9862853,Bulk Carrier,109529.0,Bulk Carrier
636018656,IMO9838553,Bulk Carrier,46990.0,Bulk Carrier
636018657,IMO9853113,Bulk Carrier,46990.0,Bulk Carrier
636018658,IMO9290842,Bulk Carrier,46982.0,Bulk Carrier
636018659,IMO9398228,Container Ship (Fully Cellular),76486.0,Container Ship
636018660,IMO9398216,Container Ship (Fully Cellular),76486.0,Container Ship
636018664,IMO9490765,Bulk Carrier,32839.0,Bulk Carrier
636018669,IMO9583225,Bulk Carrier,43022.0,Bulk Carrier
636018674,IMO9614892,Bulk Carrier,92727.0,Bulk Carrier
636018675,IMO9473315,Bulk Carrier,41074.0,Bulk Carrier
636018693,IMO9315874,Container Ship (Fully Cellular),28927.0,Container Ship
636018700,IMO9667150,Container Ship (Fully Cellular),149475.0,Container Ship
636018701,IMO9667186,Container Ship (Fully Cellular),149475.0,Container Ship
636018702,IMO9667162,Container Ship (Fully Cellular),149475.0,Container Ship
636018703,IMO9667174,Container Ship (Fully Cellular),149475.0,Container Ship
636018713,IMO9509607,General Cargo Ship,22863.0,Other Cargo
636018714,IMO9509621,General Cargo Ship,22863.0,Other Cargo
636018729,IMO9374571,Container Ship (Fully Cellular),28332.0,Container Ship
636018732,IMO9326823,Container Ship (Fully Cellular),26836.0,Container Ship
636018800,IMO9085558,Container Ship (Fully Cellular),81488.0,Container Ship
636018807,IMO9445576,Container Ship (Fully Cellular),41358.0,Container Ship
636018820,IMO9862970,Bulk Carrier,47002.0,Bulk Carrier
636018821,IMO9862982,Bulk Carrier,47002.0,Bulk Carrier
636018826,IMO9778985,General Cargo Ship (Open Hatch),23703.0,Other Cargo
636018846,IMO9516777,Container Ship (Fully Cellular),18358.0,Container Ship
636018854,IMO9820702,Bulk Carrier,22359.0,Bulk Carrier
636018868,IMO9838072,Bulk Carrier,44051.0,Bulk Carrier
636018869,IMO9838084,Bulk Carrier,44051.0,Bulk Carrier
636018871,IMO9862621,Bulk Carrier,44051.0,Bulk Carrier
636018886,IMO9642021,Bulk Carrier,17027.0,Bulk Carrier
636018910,IMO9385063,General Cargo Ship (Open Hatch),20236.0,Other Cargo
636018912,IMO9085546,Container Ship (Fully Cellular),81488.0,Container Ship
636018931,IMO9810915,Container Ship (Fully Cellular),24876.0,Container Ship
636018933,IMO9085534,Container Ship (Fully Cellular),81488.0,Container Ship
636018938,IMO9350800,Bulk Carrier,92993.0,Bulk Carrier
636018939,IMO9477866,Bulk Carrier,19814.0,Bulk Carrier
636018964,IMO9196838,Container Ship (Fully Cellular),74661.0,Container Ship
636018969,IMO9844605,Bulk Carrier,107879.0,Bulk Carrier
636018971,IMO9849320,Bulk Carrier,107879.0,Bulk Carrier
636018973,IMO9849758,Bulk Carrier,107879.0,Bulk Carrier
636018990,IMO9854521,Bulk Carrier,107806.0,Bulk Carrier
636018991,IMO9854533,Bulk Carrier,107526.0,Bulk Carrier
636018993,IMO9854557,Bulk Carrier,107526.0,Bulk Carrier
636019013,IMO9578543,Bulk Carrier,32983.0,Bulk Carrier
636019016,IMO9837303,Bulk Carrier,56965.0,Bulk Carrier
636019021,IMO9770749,Container Ship (Fully Cellular),112695.0,Container Ship
636019032,IMO9699177,Bulk Carrier,34049.0,Bulk Carrier
636019033,IMO9774446,Bulk Carrier,34049.0,Bulk Carrier
636019034,IMO9774434,Bulk Carrier,34049.0,Bulk Carrier
636019035,IMO9699165,Bulk Carrier,34049.0,Bulk Carrier
636019061,IMO9395927,Container Ship (Fully Cellular),40741.0,Container Ship
636019065,IMO9304461,General Cargo Ship,9990.0,Other Cargo
636019068,IMO9846548,Bulk Carrier,34178.0,Bulk Carrier
636019085,IMO9312755,Container Ship (Fully Cellular),74962.0,Container Ship
636019086,IMO9312937,Container Ship (Fully Cellular),74962.0,Container Ship
636019087,IMO9312779,Container Ship (Fully Cellular),74906.0,Container Ship
636019088,IMO9312949,Container Ship (Fully Cellular),75061.0,Container Ship
636019108,IMO9779018,General Cargo Ship (Open Hatch),23703.0,Other Cargo
636019110,IMO9845269,Bulk Carrier,43968.0,Bulk Carrier
636019139,IMO9846275,Bulk Carrier,35834.0,Bulk Carrier
636019143,IMO9616606,Bulk Carrier,18481.0,Bulk Carrier
636019144,IMO9420265,Bulk Carrier,30816.0,Bulk Carrier
636019146,IMO9747314,Bulk Carrier,44135.0,Bulk Carrier
636019161,IMO9865001,Bulk Carrier,24205.0,Bulk Carrier
636019162,IMO9503184,Bulk Carrier,33090.0,Bulk Carrier
636019169,IMO9544762,Bulk Carrier,22683.0,Bulk Carrier
636019170,IMO9860817,Bulk Carrier,35035.0,Bulk Carrier
636019184,IMO9855642,Bulk Carrier,44114.0,Bulk Carrier
636019190,IMO9888467,Bulk Carrier,43819.0,Bulk Carrier
636019193,IMO9582831,,,Other Cargo
636019197,IMO9509126,Container Ship (Fully Cellular),35887.0,Container Ship
636019206,IMO9842061,Container Ship (Fully Cellular),140976.0,Container Ship
636019207,IMO9842073,Container Ship (Fully Cellular),140976.0,Container Ship
636019213,IMO9842085,Container Ship (Fully Cellular),140976.0,Container Ship
636019214,IMO9842102,Container Ship (Fully Cellular),140976.0,Container Ship
636019215,IMO9842097,Container Ship (Fully Cellular),140976.0,Container Ship
636019245,IMO9347956,Container Ship (Fully Cellular),9948.0,Container Ship
636019249,IMO9464510,Bulk Carrier,39732.0,Bulk Carrier
636019264,IMO9838539,Bulk Carrier,35207.0,Bulk Carrier
636019265,IMO9838541,Bulk Carrier,35207.0,Bulk Carrier
636019291,IMO9728801,Bulk Carrier,44135.0,Bulk Carrier
636019306,IMO9846067,Bulk Carrier,43648.0,Bulk Carrier
636019319,IMO9880283,Bulk Carrier,44403.0,Bulk Carrier
636019320,IMO9880295,Bulk Carrier,44403.0,Bulk Carrier
636019322,IMO9880300,Bulk Carrier,44403.0,Bulk Carrier
636019325,IMO9849057,Bulk Carrier,36357.0,Bulk Carrier
636019326,IMO9849069,Bulk Carrier,36357.0,Bulk Carrier
636019331,IMO9256470,Container Ship (Fully Cellular),89097.0,Container Ship
636019332,IMO9285471,Container Ship (Fully Cellular),89097.0,Container Ship
636019342,IMO9285677,Container Ship (Fully Cellular),83133.0,Container Ship
636019347,IMO9832925,Bulk Carrier,94408.0,Bulk Carrier
636019355,IMO9196840,Container Ship (Fully Cellular),74661.0,Container Ship
636019356,IMO9853125,Bulk Carrier,34912.0,Bulk Carrier
636019388,IMO9855927,Bulk Carrier,35834.0,Bulk Carrier
636019394,IMO9860518,Bulk Carrier,43666.0,Bulk Carrier
636019395,IMO9232890,Container Ship (Fully Cellular),39812.0,Container Ship
636019396,IMO9567166,Bulk Carrier,43501.0,Bulk Carrier
636019398,IMO9566849,Bulk Carrier,43501.0,Bulk Carrier
636019400,IMO9693290,Bulk Carrier,25546.0,Bulk Carrier
636019407,IMO9256482,Container Ship (Fully Cellular),89097.0,Container Ship
636019409,IMO9866548,Bulk Carrier,23232.0,Bulk Carrier
636019411,IMO9703265,Bulk Carrier,44109.0,Bulk Carrier
636019413,IMO9301483,Container Ship (Fully Cellular),89941.0,Container Ship
636019421,IMO9866029,Bulk Carrier,34178.0,Bulk Carrier
636019425,IMO9306471,Container Ship (Fully Cellular),25406.0,Container Ship
636019434,IMO9477610,Container Ship (Fully Cellular),40542.0,Container Ship
636019440,IMO9843405,Bulk Carrier,43993.0,Bulk Carrier
636019441,IMO9843417,Bulk Carrier,44060.0,Bulk Carrier
636019443,IMO9240873,Container Ship (Fully Cellular),27093.0,Container Ship
636019445,IMO9442536,Bulk Carrier,44372.0,Bulk Carrier
636019448,IMO9746009,Bulk Carrier,34570.0,Bulk Carrier
636019449,IMO9325350,Bulk Carrier,30001.0,Bulk Carrier
636019454,IMO9499424,Bulk Carrier,19801.0,Bulk Carrier
636019478,IMO9456147,Bulk Carrier,32987.0,Bulk Carrier
636019493,IMO9285653,Container Ship (Fully Cellular),83133.0,Container Ship
636019498,IMO9891866,Bulk Carrier,49206.0,Bulk Carrier
636019499,IMO9891878,Bulk Carrier,49206.0,Bulk Carrier
636019502,IMO9767510,Bulk Carrier,92732.0,Bulk Carrier
636019523,IMO9418652,Container Ship (Fully Cellular),40966.0,Container Ship
636019536,IMO9285689,Container Ship (Fully Cellular),83133.0,Container Ship
636019538,IMO9865362,Bulk Carrier,34657.0,Bulk Carrier
636019542,IMO9700043,Bulk Carrier,36449.0,Bulk Carrier
636019543,IMO9723992,Bulk Carrier,36449.0,Bulk Carrier
636019555,IMO9853606,Bulk Carrier,36463.0,Bulk Carrier
636019560,IMO9883376,Bulk Carrier,36005.0,Bulk Carrier
636019566,IMO9870563,Bulk Carrier,108100.0,Bulk Carrier
636019581,IMO9780952,General Cargo Ship (Open Hatch),23703.0,Other Cargo
636019582,IMO9619452,Container Ship (Fully Cellular),94017.0,Container Ship
636019587,IMO9589619,Bulk Carrier,17027.0,Bulk Carrier
636019592,IMO9860594,Bulk Carrier,35645.0,Bulk Carrier
636019610,IMO9533335,Bulk Carrier,33044.0,Bulk Carrier
636019611,IMO9533347,Bulk Carrier,32969.0,Bulk Carrier
636019622,IMO9478157,Bulk Carrier,32957.0,Bulk Carrier
636019623,IMO9569968,Bulk Carrier,32987.0,Bulk Carrier
636019624,IMO9533323,Bulk Carrier,33044.0,Bulk Carrier
636019625,IMO9683128,Bulk Carrier,34812.0,Bulk Carrier
636019648,IMO9860702,Bulk Carrier,35825.0,Bulk Carrier
636019662,IMO9284295,Bulk Carrier,88490.0,Bulk Carrier
636019668,IMO9479890,Bulk Carrier,90095.0,Bulk Carrier
636019673,IMO9229348,Container Ship (Fully Cellular),75201.0,Container Ship
636019682,IMO9370197,Bulk Carrier,41662.0,Bulk Carrier
636019684,IMO9870575,Bulk Carrier,108100.0,Bulk Carrier
636019690,IMO9860697,Bulk Carrier,35953.0,Bulk Carrier
636019704,IMO9475715,Bulk Carrier,19992.0,Bulk Carrier
636019715,IMO9676113,Bulk Carrier,43184.0,Bulk Carrier
636019716,IMO9406180,Container Ship (Fully Cellular),41225.0,Container Ship
636019717,IMO9430777,Container Ship (Fully Cellular),41225.0,Container Ship
636019733,IMO9520883,Bulk Carrier,52186.0,Bulk Carrier
636019753,IMO9866524,Bulk Carrier,35832.0,Bulk Carrier
636019756,IMO9805805,Bulk Carrier,34912.0,Bulk Carrier
636019759,IMO9229336,Container Ship (Fully Cellular),75201.0,Container Ship
636019760,IMO9229324,Container Ship (Fully Cellular),75201.0,Container Ship
636019789,IMO9890642,Bulk Carrier,35812.0,Bulk Carrier
636019794,IMO9631125,Container Ship (Fully Cellular),41300.0,Container Ship
636019797,IMO9866627,Bulk Carrier,35645.0,Bulk Carrier
636019803,IMO9566837,Bulk Carrier,43502.0,Bulk Carrier
636019819,IMO9853436,Bulk Carrier,34582.0,Bulk Carrier
636019820,IMO9860415,Bulk Carrier,34582.0,Bulk Carrier
636019822,IMO9882279,Bulk Carrier,34657.0,Bulk Carrier
636019823,IMO9884605,Bulk Carrier,34629.0,Bulk Carrier
636019824,IMO9708904,Bulk Carrier,32399.0,Bulk Carrier
636019825,IMO9222285,Container Ship (Fully Cellular),73172.0,Container Ship
636019829,IMO9652583,Bulk Carrier,43692.0,Bulk Carrier
636019832,IMO9784374,Bulk Carrier,43066.0,Bulk Carrier
636019840,IMO9378838,Bulk Carrier,19817.0,Bulk Carrier
636019847,IMO9757010,Bulk Carrier,34323.0,Bulk Carrier
636019849,IMO9837119,Bulk Carrier,43735.0,Bulk Carrier
636019868,IMO9222297,Container Ship (Fully Cellular),73157.0,Container Ship
636019876,IMO9619749,Bulk Carrier,22402.0,Bulk Carrier
636019915,IMO9861316,Bulk Carrier,44314.0,Bulk Carrier
636019924,IMO9883352,Bulk Carrier,35812.0,Bulk Carrier
636019931,IMO9509138,Container Ship (Fully Cellular),35887.0,Container Ship
636019948,IMO9496331,Bulk Carrier,23497.0,Bulk Carrier
636019952,IMO9802231,Bulk Carrier,43241.0,Bulk Carrier
636019967,IMO9866184,Bulk Carrier,43237.0,Bulk Carrier
636019968,IMO9880221,Bulk Carrier,43829.0,Bulk Carrier
636019969,IMO9897822,Bulk Carrier,54693.0,Bulk Carrier
636019971,IMO9863089,Bulk Carrier,44109.0,Bulk Carrier
636019972,IMO9863091,Bulk Carrier,44109.0,Bulk Carrier
636019974,IMO9867566,Bulk Carrier,44109.0,Bulk Carrier
636019976,IMO9791042,Bulk Carrier,23770.0,Bulk Carrier
636019984,IMO9860922,Container Ship (Fully Cellular),115761.0,Container Ship
636019985,IMO9860934,Container Ship (Fully Cellular),115761.0,Container Ship
636019986,IMO9860946,Container Ship (Fully Cellular),115761.0,Container Ship
636019997,IMO9780964,General Cargo Ship (Open Hatch),23703.0,Other Cargo
636019998,IMO9832482,Bulk Carrier,22683.0,Bulk Carrier
636020019,IMO9861328,Bulk Carrier,44314.0,Bulk Carrier
636020065,IMO9520766,Bulk Carrier,43024.0,Bulk Carrier
636020074,IMO9419230,General Cargo Ship (Open Hatch),35240.0,Other Cargo
636020075,IMO9419242,General Cargo Ship (Open Hatch),35240.0,Other Cargo
636020076,IMO9423566,General Cargo Ship (Open Hatch),35240.0,Other Cargo
636020077,IMO9419254,General Cargo Ship (Open Hatch),35240.0,Other Cargo
636020106,IMO9502776,Bulk Carrier,22402.0,Bulk Carrier
636020107,IMO9502764,Bulk Carrier,22402.0,Bulk Carrier
636020111,IMO9311476,Bulk Carrier,88541.0,Bulk Carrier
636020122,IMO9757022,Bulk Carrier,34323.0,Bulk Carrier
636020125,IMO9771030,Bulk Carrier,36416.0,Bulk Carrier
636020142,IMO9801287,Bulk Carrier,23230.0,Bulk Carrier
636020148,IMO9897573,Bulk Carrier,44019.0,Bulk Carrier
636020150,IMO9502611,Bulk Carrier,43498.0,Bulk Carrier
636020157,IMO9231157,Container Ship (Fully Cellular),27093.0,Container Ship
636020168,IMO9344693,Container Ship (Fully Cellular),22914.0,Container Ship
636020170,IMO9344681,Container Ship (Fully Cellular),22914.0,Container Ship
636020177,IMO9715842,Bulk Carrier,34255.0,Bulk Carrier
636020185,IMO9791054,Bulk Carrier,23770.0,Bulk Carrier
636020187,IMO9425930,Bulk Carrier,32287.0,Bulk Carrier
636020192,IMO9344643,Container Ship (Fully Cellular),22914.0,Container Ship
636020198,IMO9403396,Container Ship (Fully Cellular),41322.0,Container Ship
636020202,IMO9307279,Container Ship (Fully Cellular),27100.0,Container Ship
636020204,IMO9597094,Bulk Carrier,44544.0,Bulk Carrier
636020205,IMO9883675,Bulk Carrier,44487.0,Bulk Carrier
636020206,IMO9509645,General Cargo Ship,22863.0,Other Cargo
636020207,IMO9509683,General Cargo Ship,22863.0,Other Cargo
636020212,IMO9470492,Bulk Carrier,43013.0,Bulk Carrier
636020215,IMO9215672,Container Ship (Fully Cellular),40085.0,Container Ship
636020222,IMO9748497,Bulk Carrier,34813.0,Bulk Carrier
636020226,IMO9347267,Container Ship (Fully Cellular),22914.0,Container Ship
636020235,IMO9650781,Bulk Carrier,93044.0,Bulk Carrier
636020241,IMO9403451,Container Ship (Fully Cellular),9957.0,Container Ship
636020244,IMO9697870,Bulk Carrier,43007.0,Bulk Carrier
636020245,IMO9536909,Vehicles Carrier,41886.0,Other Cargo
636020252,IMO9348675,Container Ship (Fully Cellular),54675.0,Container Ship
636020257,IMO9348687,Container Ship (Fully Cellular),54675.0,Container Ship
636020258,IMO9348699,Container Ship (Fully Cellular),54675.0,Container Ship
636020266,IMO9216987,Container Ship (Fully Cellular),65059.0,Container Ship
636020267,IMO9727479,Bulk Carrier,43006.0,Bulk Carrier
636020269,IMO9783978,Bulk Carrier,32431.0,Bulk Carrier
636020283,IMO9692698,Bulk Carrier,34425.0,Bulk Carrier
636020285,IMO9692686,Bulk Carrier,34425.0,Bulk Carrier
636020296,IMO9902251,Bulk Carrier,35607.0,Bulk Carrier
636020304,IMO9497359,Bulk Carrier,91971.0,Bulk Carrier
636020307,IMO9338278,Container Ship (Fully Cellular),9954.0,Container Ship
636020315,IMO9791066,Bulk Carrier,23770.0,Bulk Carrier
636020317,IMO9500754,Bulk Carrier,92541.0,Bulk Carrier
636020326,IMO9450387,Container Ship (Fully Cellular),91203.0,Container Ship
636020327,IMO9450375,Container Ship (Fully Cellular),91203.0,Container Ship
636020328,IMO9590955,Bulk Carrier,23264.0,Bulk Carrier
636020334,IMO9293442,Container Ship (Fully Cellular),54519.0,Container Ship
636020337,IMO9650157,Bulk Carrier,33084.0,Bulk Carrier
636020339,IMO9582946,Bulk Carrier,43008.0,Bulk Carrier
636020342,IMO9496185,General Cargo Ship (Open Hatch),21483.0,Other Cargo
636020344,IMO9594913,Bulk Carrier,44647.0,Bulk Carrier
636020347,IMO9358888,Vehicles Carrier,40619.0,Other Cargo
636020349,IMO9162227,Container Ship (Fully Cellular),80942.0,Container Ship
636020350,IMO9153862,Container Ship (Fully Cellular),80942.0,Container Ship
636020351,IMO9218650,Container Ship (Fully Cellular),65792.0,Container Ship
636020352,IMO9399789,Container Ship (Fully Cellular),32984.0,Container Ship
636020353,IMO9399739,Container Ship (Fully Cellular),32984.0,Container Ship
636020354,IMO9399765,Container Ship (Fully Cellular),32984.0,Container Ship
636020360,IMO9203538,Container Ship (Fully Cellular),25294.0,Container Ship
636020371,IMO9850862,Container Ship (Fully Cellular),116295.0,Container Ship
636020374,IMO9727467,Bulk Carrier,43006.0,Bulk Carrier
636020375,IMO9574028,Bulk Carrier,23264.0,Bulk Carrier
636020397,IMO9395214,Bulk Carrier,31094.0,Bulk Carrier
636020402,IMO9615028,Bulk Carrier,17019.0,Bulk Carrier
636020411,IMO9883077,Bulk Carrier,58131.0,Bulk Carrier
636020416,IMO9585596,Bulk Carrier,91909.0,Bulk Carrier
636020433,IMO9684469,Bulk Carrier,34612.0,Bulk Carrier
636020450,IMO9902550,Bulk Carrier,43424.0,Bulk Carrier
636020456,IMO9850874,Container Ship (Fully Cellular),116295.0,Container Ship
636020457,IMO9486257,General Cargo Ship (Open Hatch),15545.0,Other Cargo
636020461,IMO9481702,Bulk Carrier,62273.0,Bulk Carrier
636020463,IMO9673795,Bulk Carrier,43278.0,Bulk Carrier
636020467,IMO9644251,General Cargo Ship (Open Hatch),15732.0,Other Cargo
636020468,IMO9295165,Container Ship (Fully Cellular),54271.0,Container Ship
636020475,IMO9262728,Container Ship (Fully Cellular),75519.0,Container Ship
636020476,IMO9262716,Container Ship (Fully Cellular),75484.0,Container Ship
636020478,IMO9403528,Bulk Carrier,93196.0,Bulk Carrier
636020479,IMO9750830,Bulk Carrier,93564.0,Bulk Carrier
636020483,IMO9280811,Container Ship (Fully Cellular),40952.0,Container Ship
636020485,IMO9922237,Bulk Carrier,34584.0,Bulk Carrier
636020486,IMO9922249,Bulk Carrier,34584.0,Bulk Carrier
636020488,IMO9922263,Bulk Carrier,34584.0,Bulk Carrier
636020489,IMO9922251,Bulk Carrier,34584.0,Bulk Carrier
636020494,IMO9318058,Container Ship (Fully Cellular),91649.0,Container Ship
636020495,IMO9305489,Container Ship (Fully Cellular),91649.0,Container Ship
636020497,IMO9318046,Container Ship (Fully Cellular),91649.0,Container Ship
636020498,IMO9285665,Container Ship (Fully Cellular),83133.0,Container Ship
636020499,IMO9285691,Container Ship (Fully Cellular),83133.0,Container Ship
636020501,IMO9305477,Container Ship (Fully Cellular),91649.0,Container Ship
636020518,IMO9347889,Bulk Carrier,31117.0,Bulk Carrier
636020519,IMO9557135,Bulk Carrier,32839.0,Bulk Carrier
636020524,IMO9307047,Container Ship (Fully Cellular),71902.0,Container Ship
636020525,IMO9317145,Bulk Carrier,30046.0,Bulk Carrier
636020528,IMO9397248,Bulk Carrier,19831.0,Bulk Carrier
636020536,IMO9850886,Container Ship (Fully Cellular),116295.0,Container Ship
636020537,IMO9477282,Bulk Carrier,29104.0,Bulk Carrier
636020550,IMO9551351,Bulk Carrier,17018.0,Bulk Carrier
636020563,IMO9552381,Bulk Carrier,93288.0,Bulk Carrier
636020573,IMO9383857,Bulk Carrier,41655.0,Bulk Carrier
636020583,IMO9302097,Container Ship (Fully Cellular),68570.0,Container Ship
636020584,IMO9899806,Bulk Carrier,44487.0,Bulk Carrier
636020590,IMO9484792,Bulk Carrier,92050.0,Bulk Carrier
636020592,IMO9456537,Bulk Carrier,31540.0,Bulk Carrier
636020594,IMO9591959,Bulk Carrier,41963.0,Bulk Carrier
636020597,IMO9892676,Bulk Carrier,44317.0,Bulk Carrier
636020601,IMO9554183,Bulk Carrier,48022.0,Bulk Carrier
636020609,IMO9307009,Container Ship (Fully Cellular),66462.0,Container Ship
636020647,IMO9909194,Bulk Carrier,43672.0,Bulk Carrier
636020648,IMO9431719,Container Ship (Fully Cellular),40541.0,Container Ship
636020651,IMO9512317,Bulk Carrier,43013.0,Bulk Carrier
636020656,IMO9881885,Bulk Carrier,36204.0,Bulk Carrier
636020659,IMO9400112,Container Ship (Fully Cellular),50963.0,Container Ship
636020664,IMO9340556,Bulk Carrier,42665.0,Bulk Carrier
636020666,IMO9275115,Container Ship (Fully Cellular),14308.0,Container Ship
636020671,IMO9881897,Bulk Carrier,36267.0,Bulk Carrier
636020673,IMO9926001,Bulk Carrier,36173.0,Bulk Carrier
636020675,IMO9704829,Bulk Carrier,36355.0,Bulk Carrier
636020676,IMO9704843,Bulk Carrier,36336.0,Bulk Carrier
636020677,IMO9721982,Bulk Carrier,36332.0,Bulk Carrier
636020684,IMO9850898,Container Ship (Fully Cellular),116295.0,Container Ship
636020692,IMO9466881,Bulk Carrier,33044.0,Bulk Carrier
636020697,IMO9931563,General Cargo Ship,39433.0,Other Cargo
636020702,IMO9270828,Container Ship (Fully Cellular),21932.0,Container Ship
636020723,IMO9565118,Bulk Carrier,32983.0,Bulk Carrier
636020727,IMO9585651,General Cargo Ship (Open Hatch),23758.0,Other Cargo
636020728,IMO9146479,Container Ship (Fully Cellular),92198.0,Container Ship
636020729,IMO9166780,Container Ship (Fully Cellular),92198.0,Container Ship
636020730,IMO9166778,Container Ship (Fully Cellular),92198.0,Container Ship
636020732,IMO9902275,Bulk Carrier,43672.0,Bulk Carrier
636020763,IMO9917488,Bulk Carrier,44670.0,Bulk Carrier
636020768,IMO9892688,Bulk Carrier,44317.0,Bulk Carrier
636020769,IMO9222974,Container Ship (Fully Cellular),66058.0,Container Ship
636020770,IMO9222986,Container Ship (Fully Cellular),66058.0,Container Ship
636020772,IMO9214214,Container Ship (Fully Cellular),66289.0,Container Ship
636020773,IMO9213583,Container Ship (Fully Cellular),66289.0,Container Ship
636020775,IMO9231236,Container Ship (Fully Cellular),65792.0,Container Ship
636020782,IMO9471238,Container Ship (Fully Cellular),40993.0,Container Ship
636020783,IMO9315915,Container Ship (Fully Cellular),42484.0,Container Ship
636020787,IMO9436484,Container Ship (Fully Cellular),36007.0,Container Ship
636020791,IMO9929302,Bulk Carrier,49228.0,Bulk Carrier
636020793,IMO9929326,Bulk Carrier,49228.0,Bulk Carrier
636020794,IMO9908281,Bulk Carrier,36757.0,Bulk Carrier
636020802,IMO9897925,Bulk Carrier,43672.0,Bulk Carrier
636020824,IMO9440813,Container Ship (Fully Cellular),41358.0,Container Ship
636020826,IMO9929003,Bulk Carrier,43987.0,Bulk Carrier
636020827,IMO9929015,Bulk Carrier,43987.0,Bulk Carrier
636020828,IMO9929027,Bulk Carrier,43987.0,Bulk Carrier
636020830,IMO9929041,Bulk Carrier,43987.0,Bulk Carrier
636020846,IMO9435246,Container Ship (Fully Cellular),18327.0,Container Ship
636020853,IMO9647875,Bulk Carrier,19999.0,Bulk Carrier
636020854,IMO9330642,Bulk Carrier,32583.0,Bulk Carrier
636020857,IMO9626601,Bulk Carrier,24212.0,Bulk Carrier
636020858,IMO9894791,Bulk Carrier,36176.0,Bulk Carrier
636020868,IMO9261451,Container Ship (Fully Cellular),66332.0,Container Ship
636020869,IMO9221839,Container Ship (Fully Cellular),73059.0,Container Ship
636020870,IMO9260902,Container Ship (Fully Cellular),66573.0,Container Ship
636020873,IMO9589255,Bulk Carrier,44289.0,Bulk Carrier
636020874,IMO9589267,Bulk Carrier,44289.0,Bulk Carrier
636020875,IMO9664275,Container Ship (Fully Cellular),9932.0,Container Ship
636020879,IMO9908243,Bulk Carrier,25759.0,Bulk Carrier
636020883,IMO9400954,General Cargo Ship (Open Hatch),20236.0,Other Cargo
636020884,IMO9669976,Bulk Carrier,21796.0,Bulk Carrier
636020886,IMO9233856,Container Ship (Fully Cellular),39941.0,Container Ship
636020898,IMO9301328,Container Ship (Fully Cellular),54193.0,Container Ship
636020905,IMO9460899,Vehicles Carrier,60213.0,Other Cargo
636020908,IMO9767534,Bulk Carrier,35832.0,Bulk Carrier
636020909,IMO9911630,Bulk Carrier,34515.0,Bulk Carrier
636020918,IMO9302085,Container Ship (Fully Cellular),68570.0,Container Ship
636020935,IMO9580209,Bulk Carrier,44366.0,Bulk Carrier
636020936,IMO9369734,Container Ship (Fully Cellular),54605.0,Container Ship
636020937,IMO9344564,Container Ship (Fully Cellular),27059.0,Container Ship
636020939,IMO9243198,Container Ship (Fully Cellular),40146.0,Container Ship
636020941,IMO9243174,Container Ship (Fully Cellular),40146.0,Container Ship
636020948,IMO9573828,Bulk Carrier,17033.0,Bulk Carrier
636020952,IMO9434462,Container Ship (Fully Cellular),27114.0,Container Ship
636020960,IMO9235490,General Cargo Ship,6382.0,Other Cargo
636020966,IMO9622423,Bulk Carrier,43022.0,Bulk Carrier
636020967,IMO9499450,Bulk Carrier,32839.0,Bulk Carrier
636020973,IMO9707687,Bulk Carrier,36280.0,Bulk Carrier
636020974,IMO9561813,Bulk Carrier,21072.0,Bulk Carrier
636020977,IMO9537628,Bulk Carrier,43506.0,Bulk Carrier
636020979,IMO9305506,Container Ship (Fully Cellular),91649.0,Container Ship
636020983,IMO9407885,Container Ship (Fully Cellular),52726.0,Container Ship
636020984,IMO9437050,Container Ship (Fully Cellular),52726.0,Container Ship
636020985,IMO9437062,Container Ship (Fully Cellular),52726.0,Container Ship
636020986,IMO9437048,Container Ship (Fully Cellular),52726.0,Container Ship
636020994,IMO9850836,Container Ship (Fully Cellular),116295.0,Container Ship
636021002,IMO9354167,Container Ship (Fully Cellular),76789.0,Container Ship
636021004,IMO9330525,Container Ship (Fully Cellular),28616.0,Container Ship
636021005,IMO9338084,Container Ship (Fully Cellular),28616.0,Container Ship
636021012,IMO9785445,Container Ship (Fully Cellular),113697.0,Container Ship
636021013,IMO9635688,Container Ship (Fully Cellular),71112.0,Container Ship
636021018,IMO9750440,Bulk Carrier,36354.0,Bulk Carrier
636021019,IMO9595967,Bulk Carrier,24195.0,Bulk Carrier
636021020,IMO9455894,Bulk Carrier,88397.0,Bulk Carrier
636021024,IMO9672040,Bulk Carrier,36518.0,Bulk Carrier
636021026,IMO9791080,Bulk Carrier,23770.0,Bulk Carrier
636021033,IMO9742390,General Cargo Ship,13110.0,Other Cargo
636021034,IMO9699957,General Cargo Ship,13110.0,Other Cargo
636021035,IMO9665607,Container Ship (Fully Cellular),149475.0,Container Ship
636021036,IMO9665621,Container Ship (Fully Cellular),149475.0,Container Ship
636021040,IMO9679555,Container Ship (Fully Cellular),70262.0,Container Ship
636021044,IMO9552836,Bulk Carrier,44306.0,Bulk Carrier
636021055,IMO9243186,Container Ship (Fully Cellular),40047.0,Container Ship
636021058,IMO9652492,General Cargo Ship (Open Hatch),21220.0,Other Cargo
636021059,IMO9597654,General Cargo Ship (Open Hatch),21213.0,Other Cargo
636021061,IMO9307839,Container Ship (Fully Cellular),25756.0,Container Ship
636021068,IMO9908255,Bulk Carrier,25759.0,Bulk Carrier
636021073,IMO9611577,Bulk Carrier,20218.0,Bulk Carrier
636021081,IMO9608697,Bulk Carrier,20928.0,Bulk Carrier
636021082,IMO9425758,Bulk Carrier,32354.0,Bulk Carrier
636021101,IMO9307023,Container Ship (Fully Cellular),66462.0,Container Ship
636021111,IMO9674933,General Cargo Ship,18036.0,Other Cargo
636021112,IMO9674921,General Cargo Ship,18036.0,Other Cargo
636021122,IMO9785457,Container Ship (Fully Cellular),113697.0,Container Ship
636021123,IMO9785483,Container Ship (Fully Cellular),113697.0,Container Ship
636021124,IMO9643790,Bulk Carrier,22458.0,Bulk Carrier
636021126,IMO9478597,Bulk Carrier,31532.0,Bulk Carrier
636021127,IMO9701061,General Cargo Ship (Open Hatch),21265.0,Other Cargo
636021128,IMO9471226,Container Ship (Fully Cellular),40993.0,Container Ship
636021147,IMO9497880,Bulk Carrier,32839.0,Bulk Carrier
636021148,IMO9669380,Bulk Carrier,36354.0,Bulk Carrier
636021151,IMO9294989,Container Ship (Fully Cellular),94483.0,Container Ship
636021153,IMO9236224,Container Ship (Fully Cellular),18334.0,Container Ship
636021155,IMO9294991,Container Ship (Fully Cellular),94483.0,Container Ship
636021160,IMO9231822,Container Ship (Fully Cellular),53453.0,Container Ship
636021161,IMO9231810,Container Ship (Fully Cellular),53453.0,Container Ship
636021170,IMO9941570,Bulk Carrier,23759.0,Bulk Carrier
636021171,IMO9943243,Bulk Carrier,23759.0,Bulk Carrier
636021177,IMO9908449,Bulk Carrier,23255.0,Bulk Carrier
636021190,IMO9850848,Container Ship (Fully Cellular),116295.0,Container Ship
636021192,IMO9478951,Bulk Carrier,31236.0,Bulk Carrier
636021197,IMO9669407,Bulk Carrier,36354.0,Bulk Carrier
636021198,IMO9700251,Container Ship (Fully Cellular),25145.0,Container Ship
636021203,IMO9454199,Bulk Carrier,31284.0,Bulk Carrier
636021204,IMO9563380,Bulk Carrier,22409.0,Bulk Carrier
636021215,IMO9919321,Bulk Carrier,46815.0,Bulk Carrier
636021217,IMO9595929,Bulk Carrier,32987.0,Bulk Carrier
636021218,IMO9464508,Bulk Carrier,39737.0,Bulk Carrier
636021220,IMO9461104,Bulk Carrier,43012.0,Bulk Carrier
636021227,IMO9684134,Bulk Carrier,40946.0,Bulk Carrier
636021230,IMO9405100,Container Ship (Fully Cellular),9957.0,Container Ship
636021241,IMO9524669,Bulk Carrier,19817.0,Bulk Carrier
636021242,IMO9519298,Bulk Carrier,32987.0,Bulk Carrier
636021244,IMO9789984,Container Ship (Fully Cellular),118524.0,Container Ship
636021251,IMO9706310,Container Ship (Fully Cellular),96424.0,Container Ship
636021252,IMO9241475,,,Other Cargo
636021264,IMO9610248,Bulk Carrier,21796.0,Bulk Carrier
636021266,IMO9719862,Container Ship (Fully Cellular),70704.0,Container Ship
636021270,IMO9454280,Bulk Carrier,42711.0,Bulk Carrier
636021274,IMO9450844,Bulk Carrier,23456.0,Bulk Carrier
636021278,IMO9514389,Bulk Carrier,31754.0,Bulk Carrier
636021280,IMO9936240,Bulk Carrier,48686.0,Bulk Carrier
636021288,IMO9936252,Bulk Carrier,48686.0,Bulk Carrier
636021304,IMO9464417,Bulk Carrier,39737.0,Bulk Carrier
636021306,IMO9415844,Container Ship (Fully Cellular),75604.0,Container Ship
636021318,IMO9932361,Bulk Carrier,35812.0,Bulk Carrier
636021319,IMO9912438,Bulk Carrier,23759.0,Bulk Carrier
636021320,IMO9348663,Container Ship (Fully Cellular),54675.0,Container Ship
636021321,IMO9320685,Container Ship (Fully Cellular),53481.0,Container Ship
636021323,IMO9292151,Container Ship (Fully Cellular),54271.0,Container Ship
636021329,IMO9302566,Container Ship (Fully Cellular),54214.0,Container Ship
636021335,IMO9932658,Bulk Carrier,25852.0,Bulk Carrier
636021348,IMO9628817,Bulk Carrier,24245.0,Bulk Carrier
636021362,IMO9440837,Container Ship (Fully Cellular),41358.0,Container Ship
636021364,IMO9785471,Container Ship (Fully Cellular),113697.0,Container Ship
636021365,IMO9908047,Container Ship (Fully Cellular),138121.0,Container Ship
636021387,IMO9850850,Container Ship (Fully Cellular),116295.0,Container Ship
636021393,IMO9286231,Container Ship (Fully Cellular),90745.0,Container Ship
636021394,IMO9525900,Container Ship (Fully Cellular),141077.0,Container Ship
636021399,IMO9738210,Bulk Carrier,35873.0,Bulk Carrier
636021403,IMO9738208,Bulk Carrier,35873.0,Bulk Carrier
636021408,IMO9120853,Container Ship (Fully Cellular),92198.0,Container Ship
636021423,IMO9469558,Bulk Carrier,93360.0,Bulk Carrier
636021426,IMO9454175,Bulk Carrier,31229.0,Bulk Carrier
636021427,IMO9374454,Container Ship (Fully Cellular),26936.0,Container Ship
636021428,IMO9649873,Bulk Carrier,22860.0,Bulk Carrier
636021429,IMO9358022,General Cargo Ship,9611.0,Other Cargo
636021431,IMO9363546,General Cargo Ship,9611.0,Other Cargo
636021434,IMO9469780,General Cargo Ship,13816.0,Other Cargo
636021440,IMO9294513,Container Ship (Fully Cellular),27100.0,Container Ship
636021443,IMO9558907,Bulk Carrier,33218.0,Bulk Carrier
636021445,IMO9302748,Bulk Carrier,39727.0,Bulk Carrier
636021448,IMO9327803,Container Ship (Fully Cellular),66199.0,Container Ship
636021449,IMO9327798,Container Ship (Fully Cellular),66199.0,Container Ship
636021456,IMO9884277,Bulk Carrier,43324.0,Bulk Carrier
636021457,IMO9884265,Bulk Carrier,43366.0,Bulk Carrier
636021462,IMO9850903,Container Ship (Fully Cellular),116295.0,Container Ship
636021466,IMO9912440,Bulk Carrier,23759.0,Bulk Carrier
636021470,IMO9932892,Container Ship (Fully Cellular),152165.0,Container Ship
636021472,IMO9440801,Container Ship (Fully Cellular),41358.0,Container Ship
636021476,IMO9946233,Container Ship (Fully Cellular),18848.0,Container Ship
636021487,IMO9728368,Bulk Carrier,21532.0,Bulk Carrier
636021508,IMO9950600,Bulk Carrier,43355.0,Bulk Carrier
636021513,IMO9781982,Bulk Carrier,48172.0,Bulk Carrier
636021527,IMO9332224,Bulk Carrier,41115.0,Bulk Carrier
636021528,IMO9617351,Bulk Carrier,43472.0,Bulk Carrier
636021529,IMO9301990,Container Ship (Fully Cellular),32903.0,Container Ship
636021532,IMO9583160,Bulk Carrier,43022.0,Bulk Carrier
636021536,IMO9953119,Vehicles Carrier,71706.0,Other Cargo
636021537,IMO9946063,Vehicles Carrier,71706.0,Other Cargo
636021539,IMO9946087,Vehicles Carrier,71706.0,Other Cargo
636021540,IMO9946099,Vehicles Carrier,71706.0,Other Cargo
636021548,IMO9922029,Bulk Carrier,26130.0,Bulk Carrier
636021563,IMO9926477,Bulk Carrier,36298.0,Bulk Carrier
636021565,IMO9932098,Bulk Carrier,43672.0,Bulk Carrier
636021578,IMO9792682,Container Ship (Fully Cellular),118524.0,Container Ship
636021579,IMO9894715,General Cargo Ship (Open Hatch),23224.0,Other Cargo
636021585,IMO9950430,Bulk Carrier,35812.0,Bulk Carrier
636021602,IMO9539286,Bulk Carrier,63087.0,Bulk Carrier
636021611,IMO9621041,Bulk Carrier,23452.0,Bulk Carrier
636021617,IMO9946245,Container Ship (Fully Cellular),18848.0,Container Ship
636021622,IMO9780316,Bulk Carrier,24655.0,Bulk Carrier
636021625,IMO9928384,Bulk Carrier,44140.0,Bulk Carrier
636021626,IMO9928396,Bulk Carrier,44140.0,Bulk Carrier
636021630,IMO9338137,General Cargo Ship (Open Hatch),20236.0,Other Cargo
636021641,IMO9581708,Bulk Carrier,61677.0,Bulk Carrier
636021642,IMO9606766,Bulk Carrier,61677.0,Bulk Carrier
636021643,IMO9581681,Bulk Carrier,61679.0,Bulk Carrier
636021647,IMO9455533,Bulk Carrier,61682.0,Bulk Carrier
636021648,IMO9455545,Bulk Carrier,61682.0,Bulk Carrier
636021649,IMO9629914,Container Ship (Fully Cellular),87023.0,Container Ship
636021663,IMO9930935,Container Ship (Fully Cellular),149944.0,Container Ship
636021664,IMO9464716,Container Ship (Fully Cellular),42110.0,Container Ship
636021665,IMO9930947,Container Ship (Fully Cellular),149944.0,Container Ship
636021666,IMO9930959,Container Ship (Fully Cellular),149944.0,Container Ship
636021667,IMO9930961,Container Ship (Fully Cellular),149944.0,Container Ship
636021671,IMO9976410,General Cargo Ship (Open Hatch),49038.0,Other Cargo
636021674,IMO9597111,Bulk Carrier,34531.0,Bulk Carrier
636021690,IMO9792618,Container Ship (Fully Cellular),118523.0,Container Ship
636021693,IMO9792694,Container Ship (Fully Cellular),118524.0,Container Ship
636021710,IMO9481441,Bulk Carrier,43498.0,Bulk Carrier
636021715,IMO9657026,Bulk Carrier,23524.0,Bulk Carrier
636021716,IMO9553206,Bulk Carrier,43695.0,Bulk Carrier
636021719,IMO9709221,Bulk Carrier,25546.0,Bulk Carrier
636021722,IMO9432153,General Cargo Ship,24221.0,Other Cargo
636021739,IMO9389382,Container Ship (Fully Cellular),40487.0,Container Ship
636021741,IMO9569229,Bulk Carrier,32987.0,Bulk Carrier
636021760,IMO9317925,Container Ship (Fully Cellular),53481.0,Container Ship
636021765,IMO9277486,General Cargo Ship (Open Hatch),20211.0,Other Cargo
636021768,IMO9927251,Container Ship (Fully Cellular),150783.0,Container Ship
636021770,IMO9927263,Container Ship (Fully Cellular),150783.0,Container Ship
636021771,IMO9927275,Container Ship (Fully Cellular),150783.0,Container Ship
636021777,IMO9261750,Bulk Carrier,21185.0,Bulk Carrier
636021779,IMO9943231,Bulk Carrier,23759.0,Bulk Carrier
636021785,IMO9293583,Vehicles Carrier,58631.0,Other Cargo
636021786,IMO9293909,Vehicles Carrier,60118.0,Other Cargo
636021817,IMO9510345,Bulk Carrier,43024.0,Bulk Carrier
636021831,IMO9571313,Container Ship (Fully Cellular),35708.0,Container Ship
636021837,IMO9621039,Bulk Carrier,23452.0,Bulk Carrier
636021851,IMO9602992,Bulk Carrier,32962.0,Bulk Carrier
636021852,IMO9602978,Bulk Carrier,32962.0,Bulk Carrier
636021855,IMO6287772,,,Other Cargo
636021857,IMO9318151,Container Ship (Fully Cellular),39906.0,Container Ship
636021862,IMO9642502,Bulk Carrier,41684.0,Bulk Carrier
636021864,IMO9673513,Bulk Carrier,41218.0,Bulk Carrier
636021866,IMO9600633,Bulk Carrier,44252.0,Bulk Carrier
636021897,IMO9714769,Bulk Carrier,25546.0,Bulk Carrier
636021905,IMO9691577,Bulk Carrier,40937.0,Bulk Carrier
636021914,IMO9256315,Container Ship (Fully Cellular),15633.0,Container Ship
636021920,IMO9839818,Bulk Carrier,34641.0,Bulk Carrier
636021935,IMO9926271,Bulk Carrier,25012.0,Bulk Carrier
636021972,IMO9738882,Bulk Carrier,23281.0,Bulk Carrier
636021992,IMO9200677,Container Ship (Fully Cellular),66278.0,Container Ship
636021993,IMO9200689,Container Ship (Fully Cellular),66278.0,Container Ship
636021994,IMO9196864,Container Ship (Fully Cellular),74583.0,Container Ship
636021995,IMO9197545,Container Ship (Fully Cellular),74583.0,Container Ship
636022007,IMO9230311,Container Ship (Fully Cellular),68687.0,Container Ship
636022008,IMO9552329,Bulk Carrier,33090.0,Bulk Carrier
636022022,IMO9141285,Container Ship (Fully Cellular),53324.0,Container Ship
636022027,IMO9792709,Container Ship (Fully Cellular),118524.0,Container Ship
636022035,IMO9932646,Bulk Carrier,25852.0,Bulk Carrier
636022083,IMO9303390,Bulk Carrier,19885.0,Bulk Carrier
636022085,IMO9612284,Bulk Carrier,22850.0,Bulk Carrier
636022091,IMO9919917,Bulk Carrier,46919.0,Bulk Carrier
636022111,IMO9244946,Container Ship (Fully Cellular),74656.0,Container Ship
636022112,IMO9244934,Container Ship (Fully Cellular),74656.0,Container Ship
636022113,IMO9244922,Container Ship (Fully Cellular),74656.0,Container Ship
636022116,IMO9196852,Container Ship (Fully Cellular),74586.0,Container Ship
636022127,IMO9980186,Bulk Carrier,93555.0,Bulk Carrier
636022128,IMO9728186,Bulk Carrier,43036.0,Bulk Carrier
636022132,IMO9687150,General Cargo Ship (Open Hatch),22476.0,Other Cargo
636022134,IMO9781968,Bulk Carrier,34187.0,Bulk Carrier
636022138,IMO9692662,Bulk Carrier,34311.0,Bulk Carrier
636022149,IMO9877925,Bulk Carrier,49445.0,Bulk Carrier
636022168,IMO9692674,Bulk Carrier,34311.0,Bulk Carrier
636022173,IMO9951135,Container Ship (Fully Cellular),17785.0,Container Ship
636022174,IMO9951147,Container Ship (Fully Cellular),17785.0,Container Ship
636022175,IMO9951159,Container Ship (Fully Cellular),17785.0,Container Ship
636022178,IMO9951185,Container Ship (Fully Cellular),17785.0,Container Ship
636022181,IMO9961441,Container Ship (Fully Cellular),17785.0,Container Ship
636022183,IMO9961465,Container Ship (Fully Cellular),17785.0,Container Ship
636022187,IMO9805685,Bulk Carrier,43904.0,Bulk Carrier
636022194,IMO9942093,Bulk Carrier,36177.0,Bulk Carrier
636022204,IMO9363015,Bulk Carrier,91739.0,Bulk Carrier
636022208,IMO9951654,Bulk Carrier,36455.0,Bulk Carrier
636022219,IMO9272345,Bulk Carrier,89205.0,Bulk Carrier
636022222,IMO9483231,Bulk Carrier,32672.0,Bulk Carrier
636022261,IMO9477359,Container Ship (Fully Cellular),16137.0,Container Ship
636022285,IMO9325099,Bulk Carrier,17944.0,Bulk Carrier
636022308,IMO9363039,Bulk Carrier,91775.0,Bulk Carrier
636022309,IMO9480526,Bulk Carrier,91739.0,Bulk Carrier
636022332,IMO9925368,Vehicles Carrier,71846.0,Other Cargo
636022333,IMO9925370,Vehicles Carrier,71846.0,Other Cargo
636022334,IMO9933987,Vehicles Carrier,71846.0,Other Cargo
636022335,IMO9933999,Vehicles Carrier,71846.0,Other Cargo
636022337,IMO9357212,General Cargo Ship,9625.0,Other Cargo
636022349,IMO9983451,Container Ship (Fully Cellular),29796.0,Container Ship
636022355,IMO9571272,Bulk Carrier,22927.0,Bulk Carrier
636022371,IMO9493016,Bulk Carrier,91758.0,Bulk Carrier
636022374,IMO9363041,Bulk Carrier,91775.0,Bulk Carrier
636022422,IMO9713404,General Cargo Ship (Open Hatch),23281.0,Other Cargo
636022431,IMO9527415,Bulk Carrier,32714.0,Bulk Carrier
636022441,IMO9927287,Container Ship (Fully Cellular),150783.0,Container Ship
636022442,IMO9927299,Container Ship (Fully Cellular),150783.0,Container Ship
636022443,IMO9932036,Container Ship (Fully Cellular),150783.0,Container Ship
636022448,IMO9932050,Container Ship (Fully Cellular),150783.0,Container Ship
636022449,IMO9932062,Container Ship (Fully Cellular),150783.0,Container Ship
636022450,IMO9540065,Container Ship (Fully Cellular),150783.0,Container Ship
636022451,IMO9540077,Container Ship (Fully Cellular),150783.0,Container Ship
636022462,IMO9729910,Bulk Carrier,34614.0,Bulk Carrier
636022463,IMO9512630,Bulk Carrier,34808.0,Bulk Carrier
636022464,IMO9723057,Bulk Carrier,35812.0,Bulk Carrier
636022465,IMO9660035,Bulk Carrier,17019.0,Bulk Carrier
636022491,IMO9460655,Bulk Carrier,94817.0,Bulk Carrier
636022519,IMO9228174,Bulk Carrier,87063.0,Bulk Carrier
636022520,IMO9248526,Bulk Carrier,87784.0,Bulk Carrier
636022536,IMO9612375,Bulk Carrier,22648.0,Bulk Carrier
636022551,IMO9683116,Bulk Carrier,17027.0,Bulk Carrier
636022552,IMO9703813,Bulk Carrier,24185.0,Bulk Carrier
636022554,IMO9936264,Bulk Carrier,48785.0,Bulk Carrier
636022571,IMO9539377,General Cargo Ship,14859.0,Other Cargo
636022586,IMO9408085,Bulk Carrier,91740.0,Bulk Carrier
636022595,IMO9838448,Bulk Carrier,34896.0,Bulk Carrier
636022635,IMO9311787,Container Ship (Fully Cellular),28372.0,Container Ship
636022638,IMO9967677,Bulk Carrier,35715.0,Bulk Carrier
636022639,IMO9967689,Bulk Carrier,35715.0,Bulk Carrier
636022645,IMO9720976,Bulk Carrier,36353.0,Bulk Carrier
636022662,IMO9571442,Bulk Carrier,22927.0,Bulk Carrier
636022687,IMO9982483,Container Ship (Fully Cellular),18680.0,Container Ship
636022691,IMO9953810,Vehicles Carrier,71631.0,Other Cargo
636022693,IMO9964302,Vehicles Carrier,71631.0,Other Cargo
636022699,IMO9808352,General Cargo Ship (Open Hatch),23917.0,Other Cargo
636022702,IMO9771262,Bulk Carrier,49640.0,Bulk Carrier
636022706,IMO9728136,Bulk Carrier,43013.0,Bulk Carrier
636022717,IMO9701243,Bulk Carrier,21532.0,Bulk Carrier
636022720,IMO9954735,Container Ship (Fully Cellular),149228.0,Container Ship
636022721,IMO9954747,Container Ship (Fully Cellular),149228.0,Container Ship
636022722,IMO9954759,Container Ship (Fully Cellular),149228.0,Container Ship
636022723,IMO9954761,Container Ship (Fully Cellular),149228.0,Container Ship
636022724,IMO9437311,General Cargo Ship,9611.0,Other Cargo
636022753,IMO9174282,Vehicles Carrier,57442.0,Other Cargo
636022754,IMO9174490,Vehicles Carrier,58249.0,Other Cargo
636022757,IMO9941788,Vehicles Carrier,69470.0,Other Cargo
636022758,IMO9941790,Vehicles Carrier,69470.0,Other Cargo
636022769,IMO9951886,Bulk Carrier,23228.0,Bulk Carrier
636022773,IMO9971953,Bulk Carrier,44139.0,Bulk Carrier
636022780,IMO9954967,Bulk Carrier,35433.0,Bulk Carrier
636022782,IMO9955014,Bulk Carrier,35509.0,Bulk Carrier
636022784,IMO9647887,Bulk Carrier,19999.0,Bulk Carrier
636022795,IMO9290488,Container Ship (Fully Cellular),83011.0,Container Ship
636022811,IMO9700330,Bulk Carrier,36203.0,Bulk Carrier
636022814,IMO9972127,Container Ship (Fully Cellular),18670.0,Container Ship
636022830,IMO9852028,Bulk Carrier,34571.0,Bulk Carrier
636022831,IMO9852030,Bulk Carrier,34571.0,Bulk Carrier
636022832,IMO9839820,Bulk Carrier,34712.0,Bulk Carrier
636022837,IMO9994802,Bulk Carrier,25859.0,Bulk Carrier
636022839,IMO9994838,Bulk Carrier,25859.0,Bulk Carrier
636022841,IMO9403281,Vehicles Carrier,42401.0,Other Cargo
636022850,IMO9304162,Bulk Carrier,40424.0,Bulk Carrier
636022875,IMO9618317,Container Ship (Fully Cellular),96262.0,Container Ship
636022882,IMO9968956,Bulk Carrier,36145.0,Bulk Carrier
636022903,IMO9967407,Container Ship (Fully Cellular),73172.0,Container Ship
636022913,IMO9609706,Bulk Carrier,22668.0,Bulk Carrier
636022924,IMO9649706,Bulk Carrier,40921.0,Bulk Carrier
636022926,IMO9817511,Bulk Carrier,35027.0,Bulk Carrier
636022941,IMO9330068,Container Ship (Fully Cellular),94322.0,Container Ship
636022946,IMO9666649,Bulk Carrier,33092.0,Bulk Carrier
636022953,IMO9963217,Container Ship (Fully Cellular),74763.0,Container Ship
636022955,IMO9963229,Container Ship (Fully Cellular),74763.0,Container Ship
636022956,IMO9963231,Container Ship (Fully Cellular),74763.0,Container Ship
636022964,IMO9683130,Bulk Carrier,34801.0,Bulk Carrier
636022973,IMO9970947,Container Ship (Fully Cellular),17955.0,Container Ship
636022974,IMO9970959,Container Ship (Fully Cellular),17955.0,Container Ship
636022984,IMO9168843,Container Ship (Fully Cellular),69246.0,Container Ship
636022985,IMO9168831,Container Ship (Fully Cellular),69947.0,Container Ship
636022986,IMO9479046,Bulk Carrier,31250.0,Bulk Carrier
636022996,IMO9955040,Vehicles Carrier,69250.0,Other Cargo
636023001,IMO9500821,Bulk Carrier,33042.0,Bulk Carrier
636023004,IMO9272230,General Cargo Ship,24167.0,Other Cargo
636023023,IMO9967263,Container Ship (Fully Cellular),75154.0,Container Ship
636023028,IMO9967316,Container Ship (Fully Cellular),75154.0,Container Ship
636023029,IMO9727417,Bulk Carrier,34778.0,Bulk Carrier
636023031,IMO9567453,Bulk Carrier,33032.0,Bulk Carrier
636023032,IMO9965837,Bulk Carrier,43400.0,Bulk Carrier
636023057,IMO9959319,Bulk Carrier,24748.0,Bulk Carrier
636023058,IMO9260445,Container Ship (Fully Cellular),93496.0,Container Ship
636023059,IMO9260433,Container Ship (Fully Cellular),93496.0,Container Ship
636023060,IMO9260457,Container Ship (Fully Cellular),93496.0,Container Ship
636023061,IMO9260421,Container Ship (Fully Cellular),93496.0,Container Ship
636023062,IMO9260469,Container Ship (Fully Cellular),93496.0,Container Ship
636023063,IMO9260419,Container Ship (Fully Cellular),93496.0,Container Ship
636023065,IMO9248148,Container Ship (Fully Cellular),65918.0,Container Ship
636023071,IMO9932672,Bulk Carrier,25852.0,Bulk Carrier
636023072,IMO9563392,Bulk Carrier,22409.0,Bulk Carrier
636023105,IMO9672507,Bulk Carrier,33092.0,Bulk Carrier
636023145,IMO9252541,Container Ship (Fully Cellular),75590.0,Container Ship
636023175,IMO9960502,Container Ship (Fully Cellular),49877.0,Container Ship
636023186,IMO9442469,Bulk Carrier,41799.0,Bulk Carrier
636023198,IMO9976408,General Cargo Ship (Open Hatch),49122.0,Other Cargo
636023218,IMO9763693,Bulk Carrier,23974.0,Bulk Carrier
636023225,IMO9960215,Vehicles Carrier,77644.0,Other Cargo
636023226,IMO9253026,Container Ship (Fully Cellular),28596.0,Container Ship
636023227,IMO9241190,Container Ship (Fully Cellular),27779.0,Container Ship
636023240,IMO9481788,Heavy Load Carrier,11391.0,Other Cargo
636023247,IMO9747302,Bulk Carrier,44135.0,Bulk Carrier
636023250,IMO9757230,Container Ship (Fully Cellular),150754.0,Container Ship
636023252,IMO9757228,Container Ship (Fully Cellular),151333.0,Container Ship
636023259,IMO9497842,Bulk Carrier,32839.0,Bulk Carrier
636023265,IMO9947146,Container Ship (Fully Cellular),155492.0,Container Ship
636023266,IMO9946867,Container Ship (Fully Cellular),155492.0,Container Ship
636023268,IMO9947134,Container Ship (Fully Cellular),155492.0,Container Ship
636023269,IMO9946879,Container Ship (Fully Cellular),155492.0,Container Ship
636023293,IMO9969089,Container Ship (Fully Cellular),57907.0,Container Ship
636023296,IMO9658915,Bulk Carrier,40978.0,Bulk Carrier
636023309,IMO9260378,General Cargo Ship,9611.0,Other Cargo
636023312,IMO9955789,Container Ship (Fully Cellular),45387.0,Container Ship
636023318,IMO9799939,Bulk Carrier,27470.0,Bulk Carrier
636023322,IMO9826457,Bulk Carrier,36256.0,Bulk Carrier
636023334,IMO9690509,Bulk Carrier,31884.0,Bulk Carrier
636023342,IMO9979254,Container Ship (Fully Cellular),57907.0,Container Ship
636023343,IMO9979266,Container Ship (Fully Cellular),57907.0,Container Ship
636023361,IMO9723954,Bulk Carrier,23741.0,Bulk Carrier
636023364,IMO9605645,Bulk Carrier,43951.0,Bulk Carrier
636023366,IMO9979058,Bulk Carrier,24961.0,Bulk Carrier
636023371,IMO9969625,Container Ship (Fully Cellular),18724.0,Container Ship
636023378,IMO9962586,Container Ship (Fully Cellular),155084.0,Container Ship
636023379,IMO9962598,Container Ship (Fully Cellular),155084.0,Container Ship
636023381,IMO9698305,Bulk Carrier,35872.0,Bulk Carrier
636023395,IMO9855848,Bulk Carrier,36551.0,Bulk Carrier
636023398,IMO9946726,Container Ship (Fully Cellular),155492.0,Container Ship
636023414,IMO9965540,Bulk Carrier,24441.0,Bulk Carrier
636023440,IMO9177428,Vehicles Carrier,57449.0,Other Cargo
636023448,IMO9620126,Bulk Carrier,20928.0,Bulk Carrier
636023454,IMO9971472,Bulk Carrier,44652.0,Bulk Carrier
636023456,IMO9971496,Bulk Carrier,44652.0,Bulk Carrier
636023458,IMO9979515,Bulk Carrier,25171.0,Bulk Carrier
636023470,IMO9981295,Bulk Carrier,48785.0,Bulk Carrier
636023493,IMO9991305,Bulk Carrier,24992.0,Bulk Carrier
636023494,IMO9991513,Bulk Carrier,35510.0,Bulk Carrier
636023535,IMO9224520,Container Ship (Fully Cellular),68687.0,Container Ship
636023542,IMO9298545,Bulk Carrier,30051.0,Bulk Carrier
636023545,IMO9690901,Bulk Carrier,24785.0,Bulk Carrier
636023581,IMO9820910,Container Ship (Fully Cellular),151451.0,Container Ship
636023582,IMO9757216,Container Ship (Fully Cellular),151451.0,Container Ship
636023584,IMO9984479,Bulk Carrier,25003.0,Bulk Carrier
636023590,IMO9994113,Vehicles Carrier,71631.0,Other Cargo
636023592,IMO1024869,Vehicles Carrier,71631.0,Other Cargo
636023601,IMO9286798,Bulk Carrier,87250.0,Bulk Carrier
636023645,IMO9864215,Container Ship (Fully Cellular),149525.0,Container Ship
636023650,IMO9944455,Container Ship (Fully Cellular),126995.0,Container Ship
636023671,IMO9715476,Bulk Carrier,94385.0,Bulk Carrier
636023679,IMO9964194,Container Ship (Fully Cellular),151702.0,Container Ship
636023725,IMO9271925,General Cargo Ship,24167.0,Other Cargo
636023726,IMO9272228,General Cargo Ship,24167.0,Other Cargo
636023731,IMO1014955,Bulk Carrier,24458.0,Bulk Carrier
636023735,IMO9971874,General Cargo Ship (Open Hatch),22701.0,Other Cargo
636023742,IMO9604782,Bulk Carrier,17027.0,Bulk Carrier
636023747,IMO9960552,Container Ship (Fully Cellular),49877.0,Container Ship
636023748,IMO9663350,Bulk Carrier,41541.0,Bulk Carrier
636023757,IMO9946893,Container Ship (Fully Cellular),155492.0,Container Ship
636023758,IMO9946881,Container Ship (Fully Cellular),155492.0,Container Ship
636023766,IMO9747053,Bulk Carrier,21530.0,Bulk Carrier
636023772,IMO9414149,Bulk Carrier,44251.0,Bulk Carrier
636023784,IMO9983774,Bulk Carrier,36140.0,Bulk Carrier
636023789,IMO9731389,General Cargo Ship,24778.0,Other Cargo
636023799,IMO9437385,Container Ship (Fully Cellular),40541.0,Container Ship
636023801,IMO9320398,Container Ship (Fully Cellular),62702.0,Container Ship
636023802,IMO9984405,Bulk Carrier,24961.0,Bulk Carrier
636023805,IMO1048346,General Cargo Ship (Open Hatch),54832.0,Other Cargo
636023829,IMO9710505,Bulk Carrier,36332.0,Bulk Carrier
636023849,IMO9944467,Container Ship (Fully Cellular),126995.0,Container Ship
636023862,IMO9289312,Bulk Carrier,41059.0,Bulk Carrier
636023863,IMO9290153,Bulk Carrier,41059.0,Bulk Carrier
636023891,IMO9944479,Container Ship (Fully Cellular),126995.0,Container Ship
636023897,IMO1015325,Bulk Carrier,24441.0,Bulk Carrier
636023909,IMO9014078,General Cargo Ship (Open Hatch),29381.0,Other Cargo
636023917,IMO9723148,Bulk Carrier,43036.0,Bulk Carrier
636023920,IMO9596727,Bulk Carrier,32962.0,Bulk Carrier
636023937,IMO9536428,General Cargo Ship,24210.0,Other Cargo
636023971,IMO9944481,Container Ship (Fully Cellular),126995.0,Container Ship
636023972,IMO9944493,Container Ship (Fully Cellular),126995.0,Container Ship
636023987,IMO9715206,Bulk Carrier,24785.0,Bulk Carrier
636023994,IMO9984730,Bulk Carrier,43655.0,Bulk Carrier
636024021,IMO9537276,Bulk Carrier,24050.0,Bulk Carrier
636024024,IMO9158288,Vehicles Carrier,57623.0,Other Cargo
636024038,IMO9955258,Container Ship (Fully Cellular),126943.0,Container Ship
636024040,IMO9467005,General Cargo Ship,9616.0,Other Cargo
636024048,IMO9987184,Bulk Carrier,24754.0,Bulk Carrier
636024051,IMO9718442,Bulk Carrier,24198.0,Bulk Carrier
636024066,IMO9370408,General Cargo Ship (Open Hatch),21192.0,Other Cargo
636024071,IMO9993468,Bulk Carrier,36002.0,Bulk Carrier
636024072,IMO9993482,Bulk Carrier,36002.0,Bulk Carrier
636024086,IMO1021881,Bulk Carrier,36172.0,Bulk Carrier
636024096,IMO9977385,Bulk Carrier,36172.0,Bulk Carrier
636024099,IMO9473327,Bulk Carrier,41074.0,Bulk Carrier
636024100,IMO9985605,Bulk Carrier,43455.0,Bulk Carrier
636024109,IMO9984326,Container Ship (Fully Cellular),19866.0,Container Ship
636024110,IMO9984338,Container Ship (Fully Cellular),19866.0,Container Ship
636024111,IMO9984340,Container Ship (Fully Cellular),19866.0,Container Ship
636024119,IMO9955246,Container Ship (Fully Cellular),126943.0,Container Ship
636024124,IMO9977359,Bulk Carrier,36186.0,Bulk Carrier
636024125,IMO9977361,Bulk Carrier,36186.0,Bulk Carrier
636024128,IMO9399105,Bulk Carrier,42604.0,Bulk Carrier
636024130,IMO9782003,Bulk Carrier,34261.0,Bulk Carrier
636024131,IMO9755816,Bulk Carrier,43247.0,Bulk Carrier
636024132,IMO9755804,Bulk Carrier,43247.0,Bulk Carrier
636024187,IMO9962615,Container Ship (Fully Cellular),155084.0,Container Ship
636024188,IMO9483229,Bulk Carrier,32672.0,Bulk Carrier
636024190,IMO9409077,Bulk Carrier,31251.0,Bulk Carrier
636024192,IMO9702508,Bulk Carrier,36332.0,Bulk Carrier
636024193,IMO9983669,Container Ship (Fully Cellular),75448.0,Container Ship
636024194,IMO9983671,Container Ship (Fully Cellular),75448.0,Container Ship
636024201,IMO9960514,Container Ship (Fully Cellular),49877.0,Container Ship
636024212,IMO9521849,Bulk Carrier,13579.0,Bulk Carrier
636024217,IMO9955260,Container Ship (Fully Cellular),126943.0,Container Ship
636024228,IMO9715438,Bulk Carrier,43036.0,Bulk Carrier
636024229,IMO9542491,Bulk Carrier,40325.0,Bulk Carrier
636024233,IMO9441427,Bulk Carrier,33064.0,Bulk Carrier
636024239,IMO9441415,Bulk Carrier,33064.0,Bulk Carrier
636024251,IMO9764051,Bulk Carrier,32372.0,Bulk Carrier
636024252,IMO9764063,Bulk Carrier,32372.0,Bulk Carrier
636024253,IMO9663104,Bulk Carrier,36294.0,Bulk Carrier
636024272,IMO9968279,Container Ship (Fully Cellular),155955.0,Container Ship
636024273,IMO9603116,Bulk Carrier,32987.0,Bulk Carrier
636024277,IMO9494747,General Cargo Ship (Open Hatch),20243.0,Other Cargo
636024283,IMO9418731,Bulk Carrier,31544.0,Bulk Carrier
636024286,IMO9788100,Bulk Carrier,36331.0,Bulk Carrier
636024288,IMO9699373,Bulk Carrier,36474.0,Bulk Carrier
636024289,IMO9960526,Container Ship (Fully Cellular),49877.0,Container Ship
636024299,IMO9944508,Container Ship (Fully Cellular),126995.0,Container Ship
636024325,IMO1051109,General Cargo Ship (Open Hatch),40350.0,Other Cargo
636024330,IMO9955284,Container Ship (Fully Cellular),126943.0,Container Ship
636024335,IMO9699359,Bulk Carrier,36474.0,Bulk Carrier
636024353,IMO9960538,Container Ship (Fully Cellular),49877.0,Container Ship
636024380,IMO9575204,Bulk Carrier,35837.0,Bulk Carrier
636024387,IMO9964390,Container Ship (Fully Cellular),45976.0,Container Ship
636024390,IMO9975557,Container Ship (Fully Cellular),74875.0,Container Ship
636024395,IMO9682863,Bulk Carrier,43278.0,Bulk Carrier
636024421,IMO9964235,Container Ship (Fully Cellular),151702.0,Container Ship
636024432,IMO1043841,General Cargo Ship,9995.0,Other Cargo
636024445,IMO9592537,Bulk Carrier,45335.0,Bulk Carrier
636024449,IMO9603154,Bulk Carrier,44047.0,Bulk Carrier
636024462,IMO1014967,Bulk Carrier,24441.0,Bulk Carrier
636024481,IMO9955272,Container Ship (Fully Cellular),126943.0,Container Ship
636024483,IMO9434943,Container Ship (Fully Cellular),26836.0,Container Ship
636024484,IMO9446104,Container Ship (Fully Cellular),26836.0,Container Ship
636024506,IMO9974474,Container Ship (Fully Cellular),79103.0,Container Ship
636024507,IMO9975569,Container Ship (Fully Cellular),74875.0,Container Ship
636024514,IMO9987287,Container Ship (Fully Cellular),155104.0,Container Ship
636024548,IMO9571399,General Cargo Ship,12980.0,Other Cargo
636024562,IMO9345984,Container Ship (Fully Cellular),36007.0,Container Ship
636024583,IMO9999967,Vehicles Carrier,69250.0,Other Cargo
636024584,IMO9760134,Bulk Carrier,34589.0,Bulk Carrier
636024590,IMO9496977,Bulk Carrier,33232.0,Bulk Carrier
636024600,IMO9470387,Bulk Carrier,41718.0,Bulk Carrier
636024624,IMO9542544,Bulk Carrier,24065.0,Bulk Carrier
636024625,IMO9660061,Bulk Carrier,23268.0,Bulk Carrier
636024633,IMO9181560,Vehicles Carrier,57566.0,Other Cargo
636024635,IMO9999979,Vehicles Carrier,69250.0,Other Cargo
636024637,IMO9860386,Bulk Carrier,34884.0,Bulk Carrier
636024641,IMO9542817,Bulk Carrier,22697.0,Bulk Carrier
636024642,IMO9974539,Container Ship (Fully Cellular),79103.0,Container Ship
636024644,IMO9834387,Bulk Carrier,44029.0,Bulk Carrier
636024649,IMO9553218,Bulk Carrier,43692.0,Bulk Carrier
636024654,IMO9960540,Container Ship (Fully Cellular),49877.0,Container Ship
636024666,IMO9964405,Container Ship (Fully Cellular),45976.0,Container Ship
636024673,IMO9955296,Container Ship (Fully Cellular),126943.0,Container Ship
636024675,IMO9621780,Bulk Carrier,33114.0,Bulk Carrier
636024686,IMO9401922,General Cargo Ship (Open Hatch),30488.0,Other Cargo
636024736,IMO9975571,Container Ship (Fully Cellular),74875.0,Container Ship
636024748,IMO9763980,Bulk Carrier,32549.0,Bulk Carrier
636024760,IMO9801744,Bulk Carrier,35606.0,Bulk Carrier
636024823,IMO9964417,Container Ship (Fully Cellular),45976.0,Container Ship
636024824,IMO9604811,Bulk Carrier,30655.0,Bulk Carrier
636024862,IMO9623659,General Cargo Ship (Open Hatch),24020.0,Other Cargo
636024876,IMO9301471,Container Ship (Fully Cellular),89941.0,Container Ship
636024895,IMO9975583,Container Ship (Fully Cellular),74875.0,Container Ship
636024900,IMO9985681,Bulk Carrier,35610.0,Bulk Carrier
636024902,IMO9715828,Bulk Carrier,34255.0,Bulk Carrier
636024942,IMO9748069,Bulk Carrier,34860.0,Bulk Carrier
636024944,IMO9758442,Bulk Carrier,43036.0,Bulk Carrier
636024945,IMO9983140,Vehicles Carrier,77560.0,Other Cargo
636024985,IMO9450337,Container Ship (Fully Cellular),94419.0,Container Ship
636024993,IMO9301495,Container Ship (Fully Cellular),89941.0,Container Ship
636024996,IMO9071557,General Cargo Ship (Open Hatch),32744.0,Other Cargo
636025012,IMO9946738,Container Ship (Fully Cellular),155955.0,Container Ship
636025014,IMO9978937,Container Ship (Fully Cellular),101311.0,Container Ship
636025032,IMO8007793,"Bulk Carrier, Self-discharging",45843.0,Other Cargo
636025034,IMO9575228,Bulk Carrier,35837.0,Bulk Carrier
636025038,IMO9569932,Bulk Carrier,32984.0,Bulk Carrier
636025043,IMO9753296,Bulk Carrier,25569.0,Bulk Carrier
636025061,IMO9461506,Container Ship (Fully Cellular),91761.0,Container Ship
636025080,IMO1030856,Bulk Carrier,44733.0,Bulk Carrier
636025124,IMO9312432,Container Ship (Fully Cellular),27915.0,Container Ship
636025133,IMO1036020,Bulk Carrier,36140.0,Bulk Carrier
636025148,IMO9492713,Container Ship (Fully Cellular),46444.0,Container Ship
636025149,IMO9492701,Container Ship (Fully Cellular),46444.0,Container Ship
636025206,IMO9345764,Bulk Carrier,87788.0,Bulk Carrier
636025233,IMO1050789,Bulk Carrier,25617.0,Bulk Carrier
636025250,IMO9811505,Bulk Carrier,22734.0,Bulk Carrier
636025252,IMO9974565,Container Ship (Fully Cellular),79181.0,Container Ship
636025299,IMO9512367,Bulk Carrier,43013.0,Bulk Carrier
636025300,IMO9668271,Bulk Carrier,23267.0,Bulk Carrier
636025329,IMO9975600,Container Ship (Fully Cellular),74875.0,Container Ship
636025335,IMO9754991,Bulk Carrier,35837.0,Bulk Carrier
636025351,IMO9963580,Container Ship (Fully Cellular),150587.0,Container Ship
636025365,IMO9700677,Bulk Carrier,36295.0,Bulk Carrier
636025414,IMO9712656,General Cargo Ship (Open Hatch),21194.0,Other Cargo
636025432,IMO9522817,Bulk Carrier,17025.0,Bulk Carrier
636025440,IMO9618276,Container Ship (Fully Cellular),96375.0,Container Ship
636025463,IMO9981752,Container Ship (Fully Cellular),45976.0,Container Ship
636025523,IMO9983152,Vehicles Carrier,77560.0,Other Cargo
636025754,IMO9764037,Bulk Carrier,43043.0,Bulk Carrier
636025802,IMO9580106,Bulk Carrier,23783.0,Bulk Carrier
636025844,IMO9502740,Bulk Carrier,22402.0,Bulk Carrier
636090799,IMO9253026,Container Ship (Fully Cellular),28596.0,Container Ship
636090856,IMO9246695,Container Ship (Fully Cellular),35881.0,Container Ship
636090862,IMO9297840,Container Ship (Fully Cellular),41359.0,Container Ship
636090863,IMO9297852,Container Ship (Fully Cellular),41359.0,Container Ship
636090899,IMO9253038,Container Ship (Fully Cellular),28596.0,Container Ship
636090902,IMO9241190,Container Ship (Fully Cellular),27779.0,Container Ship
636090967,IMO9314961,Container Ship (Fully Cellular),28927.0,Container Ship
636091030,IMO9333371,Container Ship (Fully Cellular),17360.0,Container Ship
636091116,IMO9295361,Container Ship (Fully Cellular),65483.0,Container Ship
636091125,IMO9283708,Container Ship (Fully Cellular),26833.0,Container Ship
636091130,IMO9283693,Container Ship (Fully Cellular),26833.0,Container Ship
636091202,IMO9423530,Bulk Carrier,32415.0,Bulk Carrier
636091203,IMO9423542,Bulk Carrier,32415.0,Bulk Carrier
636091232,IMO9314985,Container Ship (Fully Cellular),28927.0,Container Ship
636091270,IMO9369734,Container Ship (Fully Cellular),54605.0,Container Ship
636091273,IMO9326706,Container Ship (Fully Cellular),27915.0,Container Ship
636091308,IMO9333046,Container Ship (Fully Cellular),35573.0,Container Ship
636091328,IMO9295373,Container Ship (Fully Cellular),65483.0,Container Ship
636091346,IMO9353228,Container Ship (Fully Cellular),35975.0,Container Ship
636091400,IMO9373486,Container Ship (Fully Cellular),18480.0,Container Ship
636091448,IMO9345984,Container Ship (Fully Cellular),36007.0,Container Ship
636091473,IMO9349801,Container Ship (Fully Cellular),50963.0,Container Ship
636091486,IMO9219379,Container Ship (Fully Cellular),35881.0,Container Ship
636091487,IMO9334521,Container Ship (Fully Cellular),28270.0,Container Ship
636091527,IMO9405033,Container Ship (Fully Cellular),36007.0,Container Ship
636091656,IMO9516387,Bulk Carrier,39737.0,Bulk Carrier
636091690,IMO9477347,Container Ship (Fully Cellular),16137.0,Container Ship
636091783,IMO9353230,Container Ship (Fully Cellular),36007.0,Container Ship
636091784,IMO9391787,Container Ship (Fully Cellular),36007.0,Container Ship
636091788,IMO9468102,General Cargo Ship,9611.0,Other Cargo
636091832,IMO9450313,Container Ship (Fully Cellular),47789.0,Container Ship
636091833,IMO9450325,Container Ship (Fully Cellular),47855.0,Container Ship
636091848,IMO9150212,Container Ship (Fully Cellular),25713.0,Container Ship
636091883,IMO9456977,Container Ship (Fully Cellular),41331.0,Container Ship
636091888,IMO9415246,Bulk Carrier,19814.0,Bulk Carrier
636091916,IMO9481520,Container Ship (Fully Cellular),28561.0,Container Ship
636091959,IMO9460356,Container Ship (Fully Cellular),153115.0,Container Ship
636091985,IMO9483231,Bulk Carrier,32672.0,Bulk Carrier
636092028,IMO9537898,Bulk Carrier,51239.0,Bulk Carrier
636092036,IMO9453793,General Cargo Ship,9627.0,Other Cargo
636092041,IMO9570838,Bulk Carrier,50697.0,Bulk Carrier
636092044,IMO9404443,Bulk Carrier,24165.0,Bulk Carrier
636092084,IMO9570864,Bulk Carrier,50697.0,Bulk Carrier
636092140,IMO9307841,Container Ship (Fully Cellular),25756.0,Container Ship
636092151,IMO9507790,Bulk Carrier,32672.0,Bulk Carrier
636092152,IMO9483229,Bulk Carrier,32672.0,Bulk Carrier
636092155,IMO9540869,Bulk Carrier,64769.0,Bulk Carrier
636092156,IMO9540871,Bulk Carrier,64769.0,Bulk Carrier
636092181,IMO9481532,Container Ship (Fully Cellular),28561.0,Container Ship
636092183,IMO9574042,Bulk Carrier,23264.0,Bulk Carrier
636092188,IMO9461441,Container Ship (Fully Cellular),153115.0,Container Ship
636092195,IMO9459955,Bulk Carrier,19814.0,Bulk Carrier
636092212,IMO9480174,Container Ship (Fully Cellular),61870.0,Container Ship
636092247,IMO9475258,Container Ship (Fully Cellular),153115.0,Container Ship
636092253,IMO9459967,Bulk Carrier,19814.0,Bulk Carrier
636092268,IMO9484431,Container Ship (Fully Cellular),153115.0,Container Ship
636092269,IMO9480186,Container Ship (Fully Cellular),61870.0,Container Ship
636092271,IMO9484455,Container Ship (Fully Cellular),143521.0,Container Ship
636092275,IMO9480215,Container Ship (Fully Cellular),61870.0,Container Ship
636092311,IMO9277280,General Cargo Ship,8963.0,Other Cargo
636092312,IMO9267754,General Cargo Ship,8963.0,Other Cargo
636092313,IMO9267742,General Cargo Ship,8963.0,Other Cargo
636092314,IMO9277292,General Cargo Ship,8963.0,Other Cargo
636092330,IMO9467017,General Cargo Ship,9616.0,Other Cargo
636092331,IMO9363546,General Cargo Ship,9611.0,Other Cargo
636092391,IMO9349796,Container Ship (Fully Cellular),50963.0,Container Ship
636092392,IMO9290945,Container Ship (Fully Cellular),66280.0,Container Ship
636092424,IMO9539688,Container Ship (Fully Cellular),48799.0,Container Ship
636092477,IMO9535101,Container Ship (Fully Cellular),18296.0,Container Ship
636092500,IMO9495777,Container Ship (Fully Cellular),48799.0,Container Ship
636092574,IMO9401661,Container Ship (Fully Cellular),18326.0,Container Ship
636092597,IMO9717515,Bulk Carrier,19104.0,Bulk Carrier
636092602,IMO9464950,Bulk Carrier,22683.0,Bulk Carrier
636092666,IMO9731717,Bulk Carrier,34748.0,Bulk Carrier
636092675,IMO9602679,Bulk Carrier,24212.0,Bulk Carrier
636092677,IMO9682930,Bulk Carrier,40937.0,Bulk Carrier
636092678,IMO9612870,Container Ship (Fully Cellular),88586.0,Container Ship
636092679,IMO9295957,Container Ship (Fully Cellular),66280.0,Container Ship
636092680,IMO9612882,Container Ship (Fully Cellular),88586.0,Container Ship
636092681,IMO9306196,Container Ship (Fully Cellular),73934.0,Container Ship
636092697,IMO9495765,Container Ship (Fully Cellular),48799.0,Container Ship
636092705,IMO9689562,Bulk Carrier,24212.0,Bulk Carrier
636092706,IMO9689574,Bulk Carrier,24212.0,Bulk Carrier
636092708,IMO9690092,Container Ship (Fully Cellular),24901.0,Container Ship
636092711,IMO9690107,Container Ship (Fully Cellular),24901.0,Container Ship
636092712,IMO9756092,Container Ship (Fully Cellular),24905.0,Container Ship
636092713,IMO9756107,Container Ship (Fully Cellular),24905.0,Container Ship
636092721,IMO9589621,Bulk Carrier,66165.0,Bulk Carrier
636092722,IMO9589633,Bulk Carrier,66165.0,Bulk Carrier
636092728,IMO9766346,Bulk Carrier,23662.0,Bulk Carrier
636092729,IMO9766358,Bulk Carrier,23662.0,Bulk Carrier
636092730,IMO9767546,Bulk Carrier,23306.0,Bulk Carrier
636092733,IMO9777711,Bulk Carrier,23651.0,Bulk Carrier
636092734,IMO9777723,Bulk Carrier,23651.0,Bulk Carrier
636092738,IMO9667576,Bulk Carrier,24212.0,Bulk Carrier
636092742,IMO9622916,Bulk Carrier,51253.0,Bulk Carrier
636092743,IMO9484704,Bulk Carrier,51253.0,Bulk Carrier
636092744,IMO9498846,Bulk Carrier,50729.0,Bulk Carrier
636092750,IMO9462366,Bulk Carrier,65976.0,Bulk Carrier
636092764,IMO9502960,Container Ship (Fully Cellular),141754.0,Container Ship
636092765,IMO9401063,Container Ship (Fully Cellular),40030.0,Container Ship
636092778,IMO9290440,Container Ship (Fully Cellular),53807.0,Container Ship
636092780,IMO9447897,Container Ship (Fully Cellular),88586.0,Container Ship
636092781,IMO9447859,Container Ship (Fully Cellular),88586.0,Container Ship
636092782,IMO9447914,Container Ship (Fully Cellular),88586.0,Container Ship
636092783,IMO9447873,Container Ship (Fully Cellular),88586.0,Container Ship
636092784,IMO9569970,Container Ship (Fully Cellular),88586.0,Container Ship
636092786,IMO9687552,Container Ship (Fully Cellular),94895.0,Container Ship
636092792,IMO9687538,Container Ship (Fully Cellular),94895.0,Container Ship
636092793,IMO9687540,Container Ship (Fully Cellular),94895.0,Container Ship
636092798,IMO9687564,Container Ship (Fully Cellular),94895.0,Container Ship
636092799,IMO9687576,Container Ship (Fully Cellular),94895.0,Container Ship
636092804,IMO9465253,Container Ship (Fully Cellular),141635.0,Container Ship
636092811,IMO9468114,General Cargo Ship,9611.0,Other Cargo
636092814,IMO9687588,Container Ship (Fully Cellular),94895.0,Container Ship
636092815,IMO9374454,Container Ship (Fully Cellular),26936.0,Container Ship
636092816,IMO9463633,Bulk Carrier,65976.0,Bulk Carrier
636092817,IMO9463671,Bulk Carrier,65976.0,Bulk Carrier
636092818,IMO9463669,Bulk Carrier,65976.0,Bulk Carrier
636092819,IMO9463657,Bulk Carrier,65976.0,Bulk Carrier
636092823,IMO9410301,Container Ship (Fully Cellular),18123.0,Container Ship
636092824,IMO9410284,Container Ship (Fully Cellular),18123.0,Container Ship
636092825,IMO9410260,Container Ship (Fully Cellular),18123.0,Container Ship
636092826,IMO9387463,Container Ship (Fully Cellular),18123.0,Container Ship
636092828,IMO9830123,Bulk Carrier,25546.0,Bulk Carrier
636092848,IMO9400083,Container Ship (Fully Cellular),75752.0,Container Ship
636092849,IMO9464675,Bulk Carrier,63993.0,Bulk Carrier
636092850,IMO9464596,Bulk Carrier,63993.0,Bulk Carrier
636092851,IMO9464663,Bulk Carrier,63993.0,Bulk Carrier
636092855,IMO9351218,Container Ship (Fully Cellular),18123.0,Container Ship
636092860,IMO9312418,Container Ship (Fully Cellular),25406.0,Container Ship
636092863,IMO9294537,Container Ship (Fully Cellular),26611.0,Container Ship
636092864,IMO9294549,Container Ship (Fully Cellular),26611.0,Container Ship
636092866,IMO9444417,Container Ship (Fully Cellular),41391.0,Container Ship
636092874,IMO9830135,Bulk Carrier,25546.0,Bulk Carrier
636092878,IMO9623673,Container Ship (Fully Cellular),52464.0,Container Ship
636092879,IMO9623661,Container Ship (Fully Cellular),52464.0,Container Ship
636092880,IMO9162679,Container Ship (Fully Cellular),7981.0,Container Ship
636092881,IMO9865245,Bulk Carrier,24332.0,Bulk Carrier
636092882,IMO9832509,Bulk Carrier,21546.0,Bulk Carrier
636092883,IMO9286255,Container Ship (Fully Cellular),90745.0,Container Ship
636092887,IMO9222273,Container Ship (Fully Cellular),73172.0,Container Ship
636092888,IMO9200677,Container Ship (Fully Cellular),66278.0,Container Ship
636092889,IMO9388912,General Cargo Ship,9611.0,Other Cargo
636092890,IMO9388900,General Cargo Ship,9611.0,Other Cargo
636092892,IMO9388895,General Cargo Ship,9611.0,Other Cargo
636092895,IMO9718947,Container Ship (Fully Cellular),95138.0,Container Ship
636092896,IMO9683867,Container Ship (Fully Cellular),95138.0,Container Ship
636092898,IMO9718935,Container Ship (Fully Cellular),95138.0,Container Ship
636092901,IMO9834375,Bulk Carrier,44029.0,Bulk Carrier
636092909,IMO9869710,Bulk Carrier,25546.0,Bulk Carrier
636092910,IMO9225615,Container Ship (Fully Cellular),75590.0,Container Ship
636092911,IMO9302102,Container Ship (Fully Cellular),68570.0,Container Ship
636092914,IMO9334818,Container Ship (Fully Cellular),18327.0,Container Ship
636092919,IMO9401283,Container Ship (Fully Cellular),75604.0,Container Ship
636092927,IMO9286243,Container Ship (Fully Cellular),90745.0,Container Ship
636092929,IMO9286231,Container Ship (Fully Cellular),90745.0,Container Ship
636092930,IMO9306158,Container Ship (Fully Cellular),73934.0,Container Ship
636092932,IMO9225641,Container Ship (Fully Cellular),75590.0,Container Ship
636092940,IMO9602174,General Cargo Ship (Open Hatch),24187.0,Other Cargo
636092950,IMO9493999,Bulk Carrier,43022.0,Bulk Carrier
636092952,IMO9493987,Bulk Carrier,32297.0,Bulk Carrier
636092953,IMO9200706,Container Ship (Fully Cellular),66278.0,Container Ship
636092960,IMO9874648,Bulk Carrier,36356.0,Bulk Carrier
636092962,IMO9762900,Bulk Carrier,25611.0,Bulk Carrier
636092963,IMO9696840,Bulk Carrier,24696.0,Bulk Carrier
636092972,IMO9548586,Bulk Carrier,42931.0,Bulk Carrier
636092976,IMO9225653,Container Ship (Fully Cellular),75590.0,Container Ship
636092978,IMO9598567,Bulk Carrier,66019.0,Bulk Carrier
636092979,IMO9535242,Bulk Carrier,66019.0,Bulk Carrier
636092982,IMO9357999,General Cargo Ship,9611.0,Other Cargo
636092983,IMO9301990,Container Ship (Fully Cellular),32903.0,Container Ship
636092984,IMO9349875,Container Ship (Fully Cellular),27968.0,Container Ship
636092985,IMO9753260,Bulk Carrier,25569.0,Bulk Carrier
636092993,IMO9839832,Bulk Carrier,34641.0,Bulk Carrier
636092995,IMO9339595,Container Ship (Fully Cellular),26358.0,Container Ship
636093002,IMO9609706,Bulk Carrier,22668.0,Bulk Carrier
636093013,IMO9687124,Bulk Carrier,43068.0,Bulk Carrier
636093017,IMO9633082,Bulk Carrier,50625.0,Bulk Carrier
636093018,IMO9665645,Container Ship (Fully Cellular),149475.0,Container Ship
636093019,IMO9537276,Bulk Carrier,24050.0,Bulk Carrier
636093022,IMO9711913,General Cargo Ship (Open Hatch),21185.0,Other Cargo
636093027,IMO9303766,Container Ship (Fully Cellular),35581.0,Container Ship
636093030,IMO9333058,Container Ship (Fully Cellular),35573.0,Container Ship
636093031,IMO9439498,Container Ship (Fully Cellular),41358.0,Container Ship
636093037,IMO9616735,,,Other Cargo
636093041,IMO9293818,Container Ship (Fully Cellular),90449.0,Container Ship
636093042,IMO9293789,Container Ship (Fully Cellular),90449.0,Container Ship
636093043,IMO9469778,General Cargo Ship,13816.0,Other Cargo
636093046,IMO9237498,Container Ship (Fully Cellular),34757.0,Container Ship
636093051,IMO9320427,Container Ship (Fully Cellular),62702.0,Container Ship
636093054,IMO9308390,Container Ship (Fully Cellular),27786.0,Container Ship
636093055,IMO9335812,Container Ship (Fully Cellular),18123.0,Container Ship
636093060,IMO9741140,General Cargo Ship,11436.0,Other Cargo
636093061,IMO9599171,Bulk Carrier,51905.0,Bulk Carrier
636093065,IMO9626364,Bulk Carrier,22662.0,Bulk Carrier
636093069,IMO9442172,Container Ship (Fully Cellular),41860.0,Container Ship
636093079,IMO9468126,Bulk Carrier,31617.0,Bulk Carrier
636093082,IMO9332872,Container Ship (Fully Cellular),71786.0,Container Ship
636093086,IMO9347279,Container Ship (Fully Cellular),22914.0,Container Ship
636093089,IMO9932127,General Cargo Ship (Open Hatch),25163.0,Other Cargo
636093091,IMO9947768,General Cargo Ship (Open Hatch),25163.0,Other Cargo
636093092,IMO9947770,General Cargo Ship (Open Hatch),25163.0,Other Cargo
636093093,IMO9293791,Container Ship (Fully Cellular),90449.0,Container Ship
636093094,IMO9293820,Container Ship (Fully Cellular),90449.0,Container Ship
636093095,IMO9449833,Container Ship (Fully Cellular),17068.0,Container Ship
636093096,IMO9478573,Bulk Carrier,31532.0,Bulk Carrier
636093100,IMO9332858,Container Ship (Fully Cellular),71786.0,Container Ship
636093110,IMO9594482,General Cargo Ship,22863.0,Other Cargo
636093115,IMO9552329,Bulk Carrier,33090.0,Bulk Carrier
636093121,IMO9193288,Container Ship (Fully Cellular),54437.0,Container Ship
636093122,IMO9337224,General Cargo Ship,9620.0,Other Cargo
636093123,IMO9488035,General Cargo Ship,9627.0,Other Cargo
636093127,IMO9488047,General Cargo Ship,9627.0,Other Cargo
636093131,IMO9193305,Container Ship (Fully Cellular),54465.0,Container Ship
636093133,IMO9626601,Bulk Carrier,24212.0,Bulk Carrier
636093138,IMO9488061,General Cargo Ship,9627.0,Other Cargo
636093139,IMO9349540,Container Ship (Fully Cellular),75579.0,Container Ship
636093140,IMO9349538,Container Ship (Fully Cellular),75579.0,Container Ship
636093143,IMO9440825,Container Ship (Fully Cellular),41358.0,Container Ship
636093145,IMO9193290,Container Ship (Fully Cellular),54465.0,Container Ship
636093146,IMO9295256,Container Ship (Fully Cellular),93750.0,Container Ship
636093148,IMO9525900,Container Ship (Fully Cellular),141077.0,Container Ship
636093149,IMO9525924,Container Ship (Fully Cellular),141077.0,Container Ship
636093154,IMO9229843,Container Ship (Fully Cellular),88493.0,Container Ship
636093155,IMO9229829,Container Ship (Fully Cellular),88493.0,Container Ship
636093156,IMO9343728,Container Ship (Fully Cellular),93750.0,Container Ship
636093160,IMO9349497,Container Ship (Fully Cellular),75579.0,Container Ship
636093161,IMO9229831,Container Ship (Fully Cellular),88493.0,Container Ship
636093164,IMO9525912,Container Ship (Fully Cellular),141077.0,Container Ship
636093167,IMO9295244,Container Ship (Fully Cellular),93750.0,Container Ship
636093170,IMO9229855,Container Ship (Fully Cellular),88493.0,Container Ship
636093172,IMO9525883,Container Ship (Fully Cellular),141077.0,Container Ship
636093173,IMO9728174,Bulk Carrier,43042.0,Bulk Carrier
636093174,IMO9525936,Container Ship (Fully Cellular),141077.0,Container Ship
636093175,IMO9525895,Container Ship (Fully Cellular),141077.0,Container Ship
636093176,IMO9525871,Container Ship (Fully Cellular),141077.0,Container Ship
636093177,IMO9320702,Container Ship (Fully Cellular),93750.0,Container Ship
636093178,IMO9320697,Container Ship (Fully Cellular),93750.0,Container Ship
636093180,IMO9618666,Bulk Carrier,44065.0,Bulk Carrier
636093182,IMO9525869,Container Ship (Fully Cellular),141650.0,Container Ship
636093185,IMO9696527,Bulk Carrier,36303.0,Bulk Carrier
636093186,IMO9525857,Container Ship (Fully Cellular),141077.0,Container Ship
636093193,IMO9450430,Container Ship (Fully Cellular),93750.0,Container Ship
636093194,IMO9450416,Container Ship (Fully Cellular),93750.0,Container Ship
636093207,IMO9965588,Bulk Carrier,24748.0,Bulk Carrier
636093210,IMO9813826,Container Ship (Fully Cellular),19122.0,Container Ship
636093211,IMO9700251,Container Ship (Fully Cellular),25145.0,Container Ship
636093213,IMO9825403,Container Ship (Fully Cellular),19122.0,Container Ship
636093219,IMO9450428,Container Ship (Fully Cellular),93750.0,Container Ship
636093220,IMO9332860,Container Ship (Fully Cellular),71786.0,Container Ship
636093229,IMO9965590,Bulk Carrier,24748.0,Bulk Carrier
636093230,IMO9972488,Bulk Carrier,25171.0,Bulk Carrier
636093231,IMO9972490,Bulk Carrier,25171.0,Bulk Carrier
636093239,IMO9941609,Bulk Carrier,25859.0,Bulk Carrier
636093241,IMO9910351,Bulk Carrier,25859.0,Bulk Carrier
636093242,IMO9910363,Bulk Carrier,25859.0,Bulk Carrier
636093249,IMO9983229,Bulk Carrier,25859.0,Bulk Carrier
636093258,IMO9992256,Bulk Carrier,25010.0,Bulk Carrier
636093270,IMO9399753,Container Ship (Fully Cellular),32901.0,Container Ship
636093273,IMO9450442,Container Ship (Fully Cellular),93750.0,Container Ship
636093279,IMO9348687,Container Ship (Fully Cellular),54675.0,Container Ship
636093280,IMO9348699,Container Ship (Fully Cellular),54675.0,Container Ship
636093286,IMO9450404,Container Ship (Fully Cellular),93750.0,Container Ship
636093288,IMO9910105,Bulk Carrier,25859.0,Bulk Carrier
636093289,IMO9941623,Bulk Carrier,25859.0,Bulk Carrier
636093290,IMO9955923,Bulk Carrier,44574.0,Bulk Carrier
636093292,IMO9408865,Container Ship (Fully Cellular),113412.0,Container Ship
636093293,IMO9406738,Container Ship (Fully Cellular),113412.0,Container Ship
636093294,IMO9408841,Container Ship (Fully Cellular),113515.0,Container Ship
636093300,IMO1023968,Bulk Carrier,44616.0,Bulk Carrier
636093302,IMO9509607,General Cargo Ship,22863.0,Other Cargo
636093305,IMO9290464,Container Ship (Fully Cellular),82842.0,Container Ship
636093306,IMO9302645,Container Ship (Fully Cellular),90389.0,Container Ship
636093309,IMO9450399,Container Ship (Fully Cellular),93750.0,Container Ship
636093311,IMO9693290,Bulk Carrier,25546.0,Bulk Carrier
636093331,IMO9707754,Bulk Carrier,25303.0,Bulk Carrier
636093350,IMO9461051,Container Ship (Fully Cellular),142295.0,Container Ship
636093355,IMO9613020,Container Ship (Fully Cellular),143262.0,Container Ship
636093356,IMO9613006,Container Ship (Fully Cellular),143262.0,Container Ship
636093366,IMO9501370,Container Ship (Fully Cellular),143262.0,Container Ship
636093367,IMO9501368,Container Ship (Fully Cellular),143262.0,Container Ship
636093368,IMO9501332,Container Ship (Fully Cellular),143262.0,Container Ship
636093372,IMO1030806,Bulk Carrier,44629.0,Bulk Carrier
636093384,IMO1030818,Bulk Carrier,44629.0,Bulk Carrier
636093387,IMO9952646,Bulk Carrier,25859.0,Bulk Carrier
